track_id,source,year,position,artist,title,alpha_dfa,alpha_width,alpha_peak,spectrum_skew,mfdfa_ok,contour_length
billboard_1959_04,billboard,1959,04,Frankie Avalon,Venus,1.1583454748688298,14.441709665565593,14.970979119480035,-0.9282744445186137,True,2138.0
billboard_1958_04,billboard,1958,04,David Seville,Witch Doctor,1.1575442088891543,14.128238279310962,14.740744562306588,-0.9285559418828544,True,1787.0
billboard_1954_05,billboard,1954,05,Jo Stafford,Make Love to Me,1.0630038025153388,14.91390415545608,14.857451081535004,-0.8903138479488577,True,2426.0
billboard_1986_02,billboard,1986,02,Lionel Richie,"Say You, Say Me",1.239482962569187,14.799088037404085,15.095802047954493,-0.8725282432535006,True,1707.0
billboard_1985_01,billboard,1985,01,George Michael,Careless Whisper,1.0340699786327292,5.964725433235065,6.3792387457744155,-0.8530602827454132,True,2725.0
billboard_1993_04,billboard,1993,04,Janet Jackson,That's the Way Love Goes,1.288865648356843,11.548956331000161,12.068305038328248,-0.9089403221388177,True,1682.0
billboard_1950_02,billboard,1950,02,Nat King Cole,Mona Lisa,1.159821977601714,15.794212243978796,15.433874759506125,-0.8465159018594358,True,1823.0
billboard_1992_04,billboard,1992,04,Vanessa Williams,Save the Best for Last,1.2350603139681156,14.949709048099182,15.492631558714436,-0.9263734342428521,True,1541.0
billboard_1956_04,billboard,1956,04,The Platters,My Prayer,1.2485290112199998,15.453983393046055,15.131141727985323,-0.8241787269490318,True,1446.0
billboard_1972_02,billboard,1972,02,Gilbert O'Sullivan,Alone Again (Naturally),1.1208898775800207,14.7684087587562,14.99174408560745,-0.9250334798665638,True,1766.0
billboard_1970_01,billboard,1970,01,Simon and Garfunkel,Bridge Over Troubled Water,1.4105075381627794,14.688623112393849,15.018522253139537,-0.9026264924285607,True,2974.0
billboard_1973_05,billboard,1973,05,Paul McCartney and Wings,My Love,1.19297506422008,9.626792345689013,9.779682484643317,-0.8616148247681528,True,2642.0
billboard_1988_05,billboard,1988,05,Guns N' Roses,Sweet Child O'Mine,1.485473874371022,1.4884111441149646,0.00041771299981885335,1.0,True,1934.0
billboard_1963_05,billboard,1963,05,Bobby Vinton,Blue Velvet,1.2824958525476697,12.812823431491067,12.670273000483448,-0.8278229747863942,True,2035.0
billboard_1990_05,billboard,1990,05,Madonna,Vogue,1.1302229011152145,13.224370447105393,13.72183103135147,-0.9319976798761286,True,1318.0
billboard_1994_04,billboard,1994,04,Celine Dion,The Power of Love,1.4457405011846034,14.112172594756569,13.796914830645221,-0.8104673846245535,True,1768.0
billboard_1976_01,billboard,1976,01,Wings,Silly Love Songs,1.124713025515706,1.4451091765440527,2.0681255553397726,-0.6291748618567586,True,1444.0
billboard_1988_04,billboard,1988,04,Rick Astley,Never Gonna Give You Up,0.8642934267764821,1.8117183608932912,1.0812246299853332,0.542673897208925,True,4458.0
billboard_1988_01,billboard,1988,01,George Michael,Faith,0.9889656308410829,15.679533269126143,16.041070925570068,-0.9525318690511689,True,1613.0
billboard_1975_03,billboard,1975,03,Elton John,Philadelphia Freedom,0.9241053955292767,10.607019996929711,10.801541067926337,-0.915802641899538,True,2991.0
billboard_1973_01,billboard,1973,01,Tony Orlando and Dawn,Tie a Yellow Ribbon Round the Ole Oak Tree,1.0662519332502154,7.924622165422814,8.534110997559793,-0.9039960327226869,True,2160.0
billboard_1951_02,billboard,1951,02,Tony Bennett,Because of You,1.175818393153222,12.152652401132375,12.412444778084392,-0.8890457931962238,True,1647.0
billboard_1951_04,billboard,1951,04,Rosemary Clooney,Come on-a My House,0.967305192401248,3.923151846985466,1.2794322117757844,0.9055731655970742,True,2116.0
billboard_1952_02,billboard,1952,02,Kay Starr,Wheel of Fortune,1.2243014114823998,13.006702157048995,13.320755576343814,-0.8491839778005302,True,1735.0
billboard_1977_03,billboard,1977,03,The Emotions,Best of My Love,1.170438377041125,14.568787799826229,14.637994349930665,-0.8912967253016134,True,2205.0
billboard_1953_04,billboard,1953,04,Eddie Fisher,I'm Walking Behind You,1.1660745229927616,8.989667557091229,9.188022216272188,-0.8453266612966492,True,2053.0
billboard_1994_01,billboard,1994,01,Ace of Base,The Sign,1.1560481612403357,1.3026874854782087,-0.023803180280068004,1.0,True,2499.0
billboard_1982_02,billboard,1982,02,Survivor,Eye of the Tiger,1.2966513953895389,5.378813498095922,5.899981703036978,-0.8651700505334903,True,1935.0
billboard_1961_04,billboard,1961,04,Roy Orbison,Crying,1.1265594518059472,7.3628505850773385,7.902842507414675,-0.8655404782308538,True,2878.0
billboard_1975_05,billboard,1975,05,Frankie Valli,My Eyes Adored You,1.2301031893281833,13.892101290076003,13.914876861088686,-0.8607420272433649,True,1751.0
billboard_1984_02,billboard,1984,02,Tina Turner,What's Love Got to Do with It,1.211956031318713,1.5284806705624305,1.4511460686327848,0.19927233327246752,True,1885.0
billboard_1986_03,billboard,1986,03,Klymaxx,I Miss You,1.1399171186756005,11.735030222872767,12.158711827864494,-0.9091166698946276,True,2332.0
billboard_1991_03,billboard,1991,03,C&C Music Factory,Gonna Make You Sweat,1.38824956120201,13.993012802565556,14.189305619693641,-0.8856498967167746,True,1420.0
billboard_1991_02,billboard,1991,02,Color Me Badd,I Wanna Sex You Up,1.305015687944959,14.41572387524471,14.663745290177843,-0.8974742878410887,True,1827.0
billboard_1958_01,billboard,1958,01,Domenico Modugno,Volare (Nel blu dipinto di blu),1.1908510403493298,9.777512552411391,5.530906203353509,0.07903290716013839,True,1995.0
billboard_1960_05,billboard,1960,05,Mark Dinning,Teen Angel,1.1017229998040137,15.827361166988595,15.847996061453927,-0.8975251832932729,True,1529.0
billboard_1961_02,billboard,1961,02,Patsy Cline and The Jordanaires,I Fall to Pieces,1.2184077023067827,10.074069603317216,10.640791257541707,-0.9416416546906107,True,3004.0
billboard_1992_03,billboard,1992,03,Kris Kross,Jump,0.7459593041712701,16.248963633710567,15.962625752375885,-0.9431587134143578,True,1316.0
billboard_1955_05,billboard,1955,05,Les Baxter,Unchained Melody,1.0878023347304082,13.043360269612975,12.62840129002376,-0.8139559483618131,True,1610.0
billboard_1982_03,billboard,1982,03,Joan Jett & The Blackhearts,I Love Rock 'N Roll,0.7716227888622099,1.5846051311948448,1.0702849058867814,0.5684009276485997,True,2877.0
billboard_1971_02b,billboard,1971,02b,Rod Stewart,Reason to Believe,1.1143130845234919,15.372120398025816,15.730081684787336,-0.9090863928487302,True,1675.0
billboard_1982_04,billboard,1982,04,Paul McCartney and Stevie Wonder,Ebony and Ivory,1.2687253135988132,9.69738534130919,10.025761949622762,-0.8786724281459911,True,1530.0
billboard_1974_04,billboard,1974,04,Redbone,Come and Get Your Love,1.2432601185329455,15.126059837472775,15.29803197142553,-0.8998906541507685,True,1797.0
billboard_1995_05,billboard,1995,05,Boyz II Men,On Bended Knee,1.2487532099678444,12.421337605695848,13.058705269374528,-0.9620701760615296,True,1691.0
billboard_1990_02,billboard,1990,02,Roxette,It Must Have Been Love,1.3743547671282563,1.5047751145135293,-0.027142159663078314,1.0,True,1406.0
billboard_1967_01,billboard,1967,01,Lulu,To Sir With Love,1.1786015565099968,11.184740288153948,11.382391963505853,-0.9023225558760037,True,1739.0
billboard_1978_03,billboard,1978,03,Debby Boone,You Light Up My Life,0.9637687152055245,10.228177566665046,10.474605127507687,-0.9154577947173855,True,3037.0
billboard_1977_04,billboard,1977,04,Barbara Streisand,Evergreen (Love Theme from A Star Is Born),1.2312843038722032,5.5916837782297435,5.628707829676626,-0.7706122788367988,True,3562.0
billboard_1993_01,billboard,1993,01,Whitney Houston,I Will Always Love You,1.1489634380684204,4.997367843347478,5.644802987689925,-0.9080286302267956,True,2886.0
billboard_1980_01,billboard,1980,01,Blondie,Call Me,1.0116563419497242,17.207958363147746,17.118416584455247,-0.9362309063338521,True,3942.0
billboard_1995_02,billboard,1995,02,TLC,Waterfalls,1.0325732802437984,6.673622363323494,4.053925002353041,0.02796959395874342,True,1936.0
billboard_1995_04,billboard,1995,04,Seal,Kiss from a Rose,1.0159286393062728,12.739343241909019,12.91643761418544,-0.9216780661733172,True,2749.0
billboard_1985_02,billboard,1985,02,Madonna,Like a Virgin,1.238644846278892,14.95905114086447,15.360275085557078,-0.9391040089212366,True,1568.0
billboard_1966_05,billboard,1966,05,Four Tops,Reach Out I'll Be There,1.3058953478279678,11.546199649815097,12.223866665493617,-0.9256474486721087,True,1557.0
billboard_1971_03a,billboard,1971,03a,Carole King,I Feel the Earth Move,0.9249638582591966,1.984539188516715,1.019738644007351,0.7691977711916296,True,3790.0
billboard_1994_02,billboard,1994,02,All-4-One,I Swear,1.3609130356944865,12.975544985199067,13.26710408693657,-0.8758645893435606,True,1564.0
billboard_1974_02,billboard,1974,02,Terry Jacks,Seasons in the Sun,1.084867129406072,2.208031746893467,1.37869826995516,0.43512349322973704,True,2949.0
billboard_1987_05,billboard,1987,05,Starship,Nothing's Gonna Stop Us Now,1.1995468592278042,1.4644872982024604,-0.10269996994116859,1.0,True,2734.0
billboard_1986_01,billboard,1986,01,Dionne and Friends,That's What Friends Are For,1.211727949418211,11.605552559528464,11.97452842351251,-0.9130424784453232,True,2065.0
billboard_1966_03,billboard,1966,03,Jimmy Ruffin,What Becomes Of The Brokenhearted,0.7668602805266563,1.2457851292119564,0.8923755434936553,0.49306897383333603,True,5014.0
billboard_1956_05,billboard,1956,05,Gogi Grant,The Wayward Wind,1.2955932422390322,15.268037806487136,15.483152998877529,-0.8720309642033377,True,1397.0
billboard_1961_05,billboard,1961,05,Del Shannon,Runaway,1.2733337474903337,3.6090777688314244,4.11060664351853,-0.7494127375813994,True,1729.0
billboard_1990_03,billboard,1990,03,Sinead O'Connor,Nothing Compares 2 U,1.3377971079306745,15.319814802897255,15.309130791765767,-0.8737921256124207,True,1857.0
billboard_1996_05,billboard,1996,05,Mariah Carey,Always Be My Baby,1.1488764508144758,13.515330194138551,13.854022781330471,-0.9341099127311149,True,2237.0
billboard_1954_02,billboard,1954,02,Perry Como,Wanted,1.1804549140877414,7.21844503802531,4.359514407714203,0.0738042284034664,True,1854.0
billboard_1997_02a,billboard,1997,02a,Jewel,Foolish Games,1.293283540736478,4.595744369739986,3.398242664193764,-0.06855060508306865,True,2238.0
billboard_1965_04,billboard,1965,04,We Five,You Were On My Mind,1.0591306732871777,11.7909264236194,12.24175695917178,-0.9018842838765748,True,2599.0
billboard_1989_02,billboard,1989,02,Bobby Brown,My Prerogative,1.0684621903912532,1.3419526810019413,-0.15154787727022345,1.0,True,1703.0
billboard_1985_04,billboard,1985,04,Foreigner,I Want to Know What Love Is,1.269947070658553,14.97844014977806,14.965556988154447,-0.8673875866595632,True,1527.0
billboard_1996_02,billboard,1996,02,Mariah Carey and Boyz II Men,One Sweet Day,1.046953562510629,12.664026459969396,12.8385925866788,-0.9023516691419323,True,1948.0
billboard_1960_02,billboard,1960,02,Jim Reeves,He'll Have to Go,1.0244519190812116,16.052857542775925,16.15191962636692,-0.9091632555880043,True,3431.0
billboard_1997_02b,billboard,1997,02b,Jewel,You Were Meant for Me,1.0947784065961728,13.045223201879454,13.488809128666432,-0.946641791036077,True,1864.0
billboard_1989_04,billboard,1989,04,Paula Abdul,Straight Up,1.1510422016168989,10.049333340387935,10.739460418468482,-0.9461389893918636,True,2173.0
billboard_1963_04,billboard,1963,04,The Chiffons,He's So Fine,1.145512195744694,8.536058649443621,9.158792352472489,-0.9695447042406938,True,1918.0
billboard_1964_02,billboard,1964,02,The Beatles,She Loves You,1.316394426397219,14.98791056615637,15.619859895409405,-0.9185267247261676,True,1669.0
billboard_1972_03,billboard,1972,03,Don McLean,American Pie,1.2369709830604214,13.961166268318703,14.353099354015342,-0.9201361538719803,True,2732.0
billboard_1951_01,billboard,1951,01,Nat King Cole,Too Young,1.1797856690876118,14.325687183652226,14.435239660972314,-0.8762314083549014,True,1482.0
billboard_1997_03,billboard,1997,03,Diddy feat. Faith Evans and 112,I'll Be Missing You,1.152868479220166,5.7557291994820545,3.358688086150819,0.16584628047048897,True,2286.0
billboard_1951_05,billboard,1951,05,Mario Lanza,Be My Love,1.0881174368963389,2.956915214465803,1.5587505898135372,0.25029540308200243,True,3842.0
billboard_1994_03,billboard,1994,03,Boyz II Men,I'll Make Love to You,1.143362767831522,15.317745445179705,15.382777420477709,-0.8904856248647686,True,2074.0
billboard_1990_04,billboard,1990,04,Bell Biv DeVoe,Poison,1.2267260358858412,16.109388432733184,16.342986740153208,-0.9041036508206134,True,1465.0
billboard_1979_04,billboard,1979,04,Rod Stewart,Do Ya Think I'm Sexy?,1.2863716569932615,15.239028757771765,15.25531105221998,-0.8736896628901112,True,1322.0
billboard_1968_01,billboard,1968,01,The Beatles,Hey Jude,1.1567435430287716,15.21325253744352,15.5169775884236,-0.9241517239244393,True,3910.0
billboard_1974_01,billboard,1974,01,Barbara Streisand,The Way We Were,1.326860437392215,15.097243356533477,14.90622051273553,-0.8472622678742993,True,2657.0
billboard_1976_02,billboard,1976,02,Elton John and Kiki Dee,Don't Go Breaking My Heart,1.2129106493172894,9.421454102217082,9.45019082304428,-0.8129202286481472,True,2042.0
billboard_1955_02,billboard,1955,02,Bill Haley & His Comets,Rock Around the Clock,1.0542951208276812,1.2002756712829425,1.187193256671712,-1.0,True,2274.0
billboard_1997_04,billboard,1997,04,Toni Braxton,Un-Break My Heart,1.2514941280478191,10.2576966349785,10.986827077910178,-0.9669650893199397,True,1738.0
billboard_1953_03,billboard,1953,03,Patti Page,(How Much Is) That Doggie in the Window,1.3012295133681862,16.187786561778157,16.49913411551114,-0.9264975829976568,True,1446.0
billboard_1998_02,billboard,1998,02,Brandy and Monica,The Boy Is Mine,0.9945441240555863,4.6007001766357805,2.302490085520762,0.19377792919738668,True,2446.0
billboard_1953_02,billboard,1953,02,Les Paul & Mary Ford,Vaya con Dios,1.1588493859869593,15.822630936213923,15.933107323577161,-0.9074611469194577,True,1921.0
billboard_1995_01,billboard,1995,01,Coolio feat. L.V.,Gangsta's Paradise,0.8828936439843899,9.017079729302662,4.822393944077404,0.08851463914927729,True,2160.0
billboard_1962_03,billboard,1962,03,Dee Dee Sharp,Mashed Potato Time,1.2301576490382222,16.30760747743822,16.556863551103277,-0.9150600109665243,True,1464.0
billboard_1998_01,billboard,1998,01,Next,Too Close,1.14760286931857,15.814577697510101,15.939931298930134,-0.9199030320393538,True,2051.0
billboard_2000_01,billboard,2000,01,Faith Hill,Breathe,1.26025560980154,15.91582420724377,15.85066827413624,-0.847218023260346,True,1315.0
billboard_1952_04,billboard,1952,04,Jo Stafford,You Belong to Me,1.0412564101814508,2.1461023396611694,1.7531773450788741,0.025836841093883057,True,2913.0
billboard_1999_01,billboard,1999,01,Cher,Believe,1.228235549528793,15.173496174193158,15.154084542690669,-0.8859005608773118,True,2478.0
billboard_1972_04,billboard,1972,04,Harry Nilsson,Without You,1.147702535699209,11.111625154730577,11.257647777663195,-0.8928336545968251,True,2465.0
billboard_1983_01,billboard,1983,01,The Police,Every Breath You Take,1.2603468804107651,14.737082566861305,14.792806701028866,-0.8393279904217035,True,1357.0
billboard_1998_03,billboard,1998,03,Shania Twain,You're Still the One,1.303114732927035,13.757361510590947,14.178405961375574,-0.9096989816057458,True,1575.0
billboard_1987_01,billboard,1987,01,The Bangles,Walk Like an Egyptian,1.3346427731982522,15.210102570185741,15.787229299213664,-0.9062280851017003,True,1377.0
billboard_2001_02,billboard,2001,02,Alicia Keys,Fallin',1.359988491325777,11.655974128439686,12.294036114462315,-0.9287891971950533,True,1390.0
billboard_2002_01,billboard,2002,01,Nickelback,How You Remind Me,1.2687480872845243,15.813810832264426,16.186494137158547,-0.9168429030872809,True,1472.0
billboard_1952_05,billboard,1952,05,Vera Lynn,Auf Wiederseh’n Sweetheart,1.1802292173939222,12.616098097655827,12.65240261956177,-0.8632898285183085,True,2133.0
billboard_2001_01,billboard,2001,01,Lifehouse,Hanging By A Moment,1.091622163587931,15.125553132419718,15.467181897203943,-0.9286435279920974,True,1460.0
billboard_1998_04,billboard,1998,04,Savage Garden,Truly Madly Deeply,1.0660171065281825,4.373411174768951,2.420986812349914,0.2131514479405,True,2746.0
billboard_1951_03,billboard,1951,03,Les Paul & Mary Ford,How High the Moon,1.0024345876215586,1.1013271186509832,-0.012394189151418322,1.0,True,2369.0
billboard_1999_03,billboard,1999,03,Monica,Angel of Mine,0.9079000177348607,1.7089876507260815,1.169547168759193,0.49886148188609036,True,4926.0
billboard_1999_04,billboard,1999,04,Whitney Houston feat. Faith Evans and Kelly Price,Heartbreak Hotel,1.2508862624908705,11.636483169968876,11.979813662804176,-0.9323885512763116,True,1627.0
billboard_2000_03,billboard,2000,03,Santana feat. The Product G&B,Maria Maria,1.1521323652763904,1.237639385586239,-0.0871386625203503,1.0,True,3148.0
billboard_1963_02,billboard,1963,02,Skeeter Davis,The End of the World,1.2196193825381294,15.612079786360054,15.337027653755229,-0.850094646070626,True,2394.0
billboard_1969_03,billboard,1969,03,The Temptations,I Can't Get Next to You,1.2781101213968298,12.656890704584,13.11881255965821,-0.9260455720031686,True,1806.0
billboard_1999_02,billboard,1999,02,TLC,No Scrubs,0.8196801566063249,5.268888650752407,3.02460556607626,0.10606036111599024,True,3227.0
billboard_1978_04,billboard,1978,04,Bee Gees,Stayin Alive,1.4158775334860785,8.230495708106359,8.745931839391844,-0.8575993688960067,True,1329.0
billboard_1998_05,billboard,1998,05,LeAnn Rimes,How Do I Live,1.1071604961882109,8.045780899959203,8.616740854504116,-0.9501197139012314,True,4313.0
billboard_2002_04,billboard,2002,04,Nelly feat. Kelly Rowland,Dilemma,1.056827920801203,15.709280829698235,16.042956672112638,-0.9363403410958839,True,2150.0
billboard_2002_02,billboard,2002,02,Ashanti,Foolish,1.186999647796086,16.097011714549932,16.32515818619177,-0.8923806713323309,True,1835.0
billboard_2003_02,billboard,2003,02,R. Kelly,Ignition,0.6520641761189057,1.3456681888025646,0.7811562439835422,0.5462983731730886,True,3171.0
billboard_2000_04,billboard,2000,04,Joe,I Wanna Know,1.3661087161066965,11.116455151279954,11.64907617729726,-0.8856349730639305,True,2139.0
billboard_1992_01,billboard,1992,01,Boyz II Men,End of the Road,1.4337377132423448,5.554141818404035,6.1004503086999975,-0.8129286075279868,True,1568.0
billboard_1984_05,billboard,1984,05,Phil Collins,Against All Odds (Take a Look at Me Now),1.270787109062082,15.716346023117108,15.749842042558441,-0.8844285167392592,True,1346.0
billboard_2003_05,billboard,2003,05,3 Doors Down,When I'm Gone,1.2498784613089697,1.5680392308875661,1.5220514339416638,-1.0,True,1441.0
billboard_1962_04,billboard,1962,04,Bobby Vinton,Roses Are Red (My Love),1.0746810228619343,15.305706803996113,14.596194289065892,-0.807375872914572,True,1425.0
billboard_1956_03,billboard,1956,03,Nelson Riddle,Lisbon Antigua,1.0441475980402244,15.763698073149808,15.629956678256264,-0.8745251875489469,True,1458.0
billboard_2001_04,billboard,2001,04,Train,Drops of Jupiter (Tell Me),0.8897729947790101,5.1648121596514525,2.9375438016453,0.09402342373866694,True,2038.0
billboard_2003_01,billboard,2003,01,50 Cent,In da Club,0.7597539433270677,15.772598981910164,15.92644253124908,-0.9355318395178388,True,2772.0
billboard_1989_01,billboard,1989,01,Chicago,Look Away,1.087901282318201,11.929772060806368,11.597093666481342,-0.7995520124980995,True,1551.0
billboard_1982_05,billboard,1982,05,The J. Geils Band,Centerfold,1.0376087753919614,15.38001297950504,15.110509430578588,-0.8651719285982822,True,1366.0
billboard_1994_05,billboard,1994,05,Mariah Carey,Hero,1.1736008187522158,14.342584433109893,14.11095275409454,-0.8461653534975822,True,3413.0
billboard_1991_04,billboard,1991,04,Paula Abdul,Rush Rush,1.0961429000226923,9.852619823828379,10.221720613896693,-0.9410724037451319,True,1802.0
billboard_2003_03,billboard,2003,03,Sean Paul,Get Busy,0.873689076653105,2.0726036238236674,1.1073911787987893,0.4262225385512516,True,3146.0
billboard_1952_03,billboard,1952,03,Johnnie Ray & The Four Lads,Cry,1.1533763676235065,15.90084941822025,15.804655431140276,-0.8924039977772785,True,3087.0
billboard_2004_02,billboard,2004,02,Usher,Burn,1.009791969759519,7.7753549675275,4.358362938192263,0.10036089494220508,True,3640.0
billboard_2004_03,billboard,2004,03,Alicia Keys,If I Ain't Got You,1.0206718673802997,6.984067769127007,4.015907290834645,0.0878744318285626,True,2342.0
billboard_2005_04,billboard,2005,04,Kelly Clarkson,Since U Been Gone,1.3652497934790764,11.18602815576169,10.967597027605194,-0.7838261569265369,True,1293.0
billboard_1972_05,billboard,1972,05,Sammy Davis Jr.,The Candy Man,0.9492979790115765,10.191852581946076,10.721777904419056,-0.9585304911170286,True,1923.0
billboard_1983_05,billboard,1983,05,Michael Jackson,Beat It,1.2821958039378252,12.52150455157231,12.992436314047737,-0.9298872230420878,True,1491.0
billboard_1955_03,billboard,1955,03,Mitch Miller,The Yellow Rose of Texas,1.2183031560623943,1.3499501574222665,-0.0014150611489971432,1.0,True,1636.0
billboard_1960_03,billboard,1960,03,The Everly Brothers,Cathy's Clown,1.232358237106821,10.93225725093373,11.264498218327986,-0.8698145827608262,True,1506.0
billboard_2003_04,billboard,2003,04,Beyonce featuring Jay-Z,Crazy in Love,1.002820729211642,16.106732227848212,16.229298302526672,-0.9029900312348854,True,4055.0
billboard_2004_01,billboard,2004,01,Usher feat. Lil John & Ludacris,Yeah!,1.1945906596285087,9.261896947046694,9.85754695571569,-0.9219990515550297,True,1792.0
billboard_1960_04,billboard,1960,04,Johnny Preston,Running Bear,0.8467143370574427,1.903406674690121,1.0633135169163481,0.5014184931809664,True,5280.0
billboard_2004_04,billboard,2004,04,Maroon 5,This Love,1.1272528690568733,5.468777287023409,3.4373899151738563,0.06325577038201657,True,2545.0
billboard_2005_02,billboard,2005,02,Gwen Stefani,Hollaback Girl,1.266361406587173,14.370442053857172,14.927708279710629,-0.9006258259616152,True,1773.0
billboard_1993_02,billboard,1993,02,Tag Team,Whoomp! (There It Is),1.0754823385834722,3.9081665643772876,2.3062777477295002,0.20168591524321702,True,3408.0
billboard_2005_05,billboard,2005,05,Ciara feat. Missy Elliot,"1, 2 Step",1.0521420869171965,15.130682459187252,15.598051413870422,-0.9318335934400654,True,1544.0
billboard_1950_05,billboard,1950,05,Gary & Bing Crosby,Simple Melody,0.9559490549609513,16.253137067092993,16.59649951869622,-0.9466112511742629,True,1474.0
billboard_2007_04,billboard,2007,04,Fergie,Big Girls Don't Cry (Personal),1.2103484029136367,10.853426536552126,11.21466347499819,-0.9083972791777498,True,1844.0
billboard_2006_05,billboard,2006,05,Shakira feat. Wyclef Jean,Hips Don't Lie,1.2042890821150845,15.773747848606385,16.234214026416907,-0.9223907923960425,True,1505.0
billboard_2002_03,billboard,2002,03,Nelly,Hot in Herre,0.7435547486832595,15.799487964487895,16.02011585539202,-0.9551095514735638,True,2343.0
billboard_2006_03,billboard,2006,03,Nelly Furtado feat. Timbaland,Promiscuous,1.2170923588002711,11.451592920864618,11.985305260807252,-0.910493666869487,True,1748.0
billboard_2006_01,billboard,2006,01,Daniel Powter,Bad Day,1.0627540528567996,15.495670816426191,15.474305585805382,-0.9007310465310308,True,1585.0
billboard_1961_03,billboard,1961,03,The Highwaymen,Michael (Row the Boat Ashore),0.9604331332352457,13.406500481670161,13.554385785941918,-0.9129446501680434,True,1644.0
billboard_2007_03,billboard,2007,03,Gwen Stefani feat. Akon,The Sweet Escape,1.2707146787347063,13.232181924454768,13.438200074077486,-0.8695279197051015,True,1572.0
billboard_2005_03,billboard,2005,03,Mario,Let Me Love You,0.9239177666246642,11.095044322652527,11.125336070309345,-0.8819569107895292,True,3391.0
billboard_2008_05,billboard,2008,05,Timbaland feat. OneRepublic,Apologize,1.1758490104631183,15.02235884355691,15.405576959546153,-0.921848480438747,True,1991.0
billboard_1985_03,billboard,1985,03,Wham!,Wake Me Up Before You Go-Go,1.1900050958260815,14.853093685968178,14.905866269168627,-0.8814629404335227,True,2935.0
billboard_2007_05,billboard,2007,05,T-Pain feat. Yung Joc,Buy U a Drank (Shawty Snappin'),0.9887898725265206,6.049407836166724,6.321925608088918,-0.8792731134669779,True,1787.0
billboard_1986_04,billboard,1986,04,Patti LaBelle feat. Michael McDonald,On My Own,1.3971561294727073,10.979513778724382,11.207082841302949,-0.8481554367271664,True,1839.0
billboard_2001_05,billboard,2001,05,Jennifer Lopez feat. Ja Rule,I'm Real (Murder Remix),1.1877441097602865,10.025332858627673,10.579188208241987,-0.9517839883460265,True,1811.0
billboard_1973_04,billboard,1973,04,Marvin Gaye,Let's Get It On,1.1972472088390005,14.030016592492856,14.478167792307119,-0.9238585919571984,True,1839.0
billboard_2008_02,billboard,2008,02,Leona Lewis,Bleeding Love,1.2153107892337593,15.808050968490752,16.084042363590015,-0.9183279757334457,True,1848.0
billboard_2007_02,billboard,2007,02,Rihanna feat. Jay-Z,Umbrella,0.8232612120864797,9.775378694105703,9.815772380682148,-0.9413897885459408,True,5601.0
billboard_1954_03,billboard,1954,03,Rosemary Clooney,Hey There,1.1470400434945973,15.358118265069155,15.49140683791856,-0.9002076205336503,True,3054.0
billboard_2009_02,billboard,2009,02,Lady Gaga,Poker Face,1.0393144806308294,13.829161184315355,14.381187222549244,-0.9285459444566259,True,1742.0
billboard_2006_02,billboard,2006,02,Sean Paul,Temperature,0.6065243444376708,15.01765882214693,14.91524476954595,-0.9048726150809003,True,7051.0
billboard_2008_03,billboard,2008,03,Alicia Keys,No One,1.2863408971228836,14.968476764105867,15.302310547894336,-0.9167321366784603,True,2566.0
billboard_2009_04,billboard,2009,04,The Black Eyed Peas,I Gotta Feeling,0.9594125803906247,7.275822062956882,4.064571197862432,0.1159004981962516,True,2752.0
billboard_2007_01,billboard,2007,01,Beyonce,Irreplaceable,0.9695497351485962,0.7752071225316115,1.0818251057431083,-0.46249990114366324,True,6397.0
billboard_2009_01,billboard,2009,01,The Black Eyed Peas,Boom Boom Pow,1.1355956526599673,13.521006234525544,14.02663829371113,-0.9114473695726948,True,3568.0
billboard_2009_05,billboard,2009,05,Taylor Swift,Love Story,1.050770279539868,5.65305391911092,6.241433853882526,-0.8698959873323635,True,1676.0
billboard_2012_03,billboard,2012,03,Fun feat. Janelle Monae,We Are Young,1.298875590545307,11.032124298166552,11.410164111735611,-0.8669790510428668,True,1907.0
billboard_2010_01,billboard,2010,01,Kesha,Tik Tok,0.9803316178702439,10.317123028996999,5.707600893666911,0.024013887680152324,True,2159.0
billboard_2012_02,billboard,2012,02,Carly Rae Jepsen,Call Me Maybe,1.1066198363240696,12.507869933323063,1.2207814225358078,0.9761445340215439,True,1418.0
billboard_1964_04,billboard,1964,04,Roy Orbison,"Oh, Pretty Woman",1.0527779997330657,13.125128589755866,13.008017692399193,-0.8593526736630824,True,3134.0
billboard_2009_03,billboard,2009,03,Lady Gaga feat. Colby O'Donis,Just Dance,0.8773031458425701,0.6757987330775226,1.0485395326006168,-0.07579469693660833,True,6873.0
billboard_1961_01,billboard,1961,01,Bobby Lewis,Tossin' and Turnin',1.0833941882760976,1.237915453410637,-0.06423824552334567,1.0,True,1802.0
billboard_2011_04,billboard,2011,04,Katy Perry feat. Kanye West,E.T.,0.9823198580435554,3.5911306978173734,2.0730961239011743,0.26559072698469843,True,3943.0
billboard_2011_02,billboard,2011,02,LMFAO feat. Lauren Bennett and GoonRock,Party Rock Anthem,1.126408682115438,13.01891675781199,13.728570855456255,-0.9361882470558873,True,1647.0
billboard_2010_03,billboard,2010,03,Train,"Hey, Soul Sister",0.8469238636714014,5.299867885972668,2.190859021813648,0.2590933655721227,True,4716.0
billboard_1997_05,billboard,1997,05,Diddy feat. Mase,Can't Nobody Hold Me Down,0.6653452624849072,13.84244656204344,14.216599479947831,-0.9671407831327551,True,2329.0
billboard_2011_03,billboard,2011,03,Katy Perry,Firework,1.228410973337929,7.765540920329478,4.740437534972289,-0.001830861614387825,True,2556.0
billboard_2012_01,billboard,2012,01,Gotye feat. Kimbra,Somebody That I Used to Know,1.3047261958765823,8.748474866799691,8.806933422495177,-0.7793027572022148,True,1749.0
billboard_2012_05,billboard,2012,05,Ellie Goulding,Lights,1.0561439329973448,8.904740464947555,9.059849962537164,-0.8104291123282534,True,2844.0
billboard_2011_01,billboard,2011,01,Adele,Rolling in the Deep,1.0954925051819702,1.6212906684302784,1.2090139962004844,0.5561369273074395,True,3647.0
billboard_2013_05,billboard,2013,05,Macklemore and Ryan Lewis feat. Ray Dalton,Can't Hold Us,0.8847318635123059,8.875683450802446,8.741543672288913,-0.8229926321102821,True,1833.0
billboard_1987_04,billboard,1987,04,Whitney Houston,I Wanna Dance with Somebody (Who Loves Me),1.2975077362610608,11.433549131080625,11.873761501918693,-0.8837096883046203,True,1704.0
billboard_1954_01,billboard,1954,01,Kitty Kallen,Little Things Mean a Lot,1.2580941043956113,15.495511436529927,15.62956623235604,-0.886707696457379,True,1591.0
billboard_1996_03,billboard,1996,03,Celine Dion,Because You Loved Me,1.2060174483548303,13.969477656563397,14.378005209410759,-0.9309943486551022,True,3080.0
billboard_2013_02,billboard,2013,02,Robin Thicke feat. TI and Pharrell Williams,Blurred Lines,1.1257669845602796,7.1265721139481695,4.24541473193548,0.07160673074604171,True,2503.0
billboard_1975_01,billboard,1975,01,Captain & Tennille,Love Will Keep Us Together,0.8834062741204703,6.798613813129844,3.4582404469213026,0.16577846852084085,True,3545.0
billboard_2015_01,billboard,2015,01,Mark Ronson feat. Bruno Mars,Uptown Funk,1.1272986876636406,14.029035409836291,14.552350636889344,-0.9568124335019689,True,1429.0
billboard_2014_05,billboard,2014,05,OneRepublic,Counting Stars,1.1952299765477672,4.75464351645787,1.1983542815760453,0.8841766190449324,True,2496.0
billboard_2014_03,billboard,2014,03,John Legend,All of Me,1.0120086830075588,3.751952430595648,2.292291476651684,0.12078396043601684,True,3939.0
billboard_1979_05,billboard,1979,05,Peaches & Herb,Reunited,1.1164586950824766,13.561145612794899,14.292118527772118,-0.9688414000548393,True,2049.0
billboard_2013_04,billboard,2013,04,Baauer,Harlem Shake,0.8684653572994154,0.8706347621546691,1.0101871790803676,-0.46580035019498334,True,8424.0
billboard_2016_02,billboard,2016,02,Justin Bieber,Sorry,0.9781065160304643,14.184397652811157,14.772163646592588,-0.9599085482097417,True,1831.0
billboard_2014_02,billboard,2014,02,Katy Perry and Juicy J,Dark Horse,0.994453436404855,7.517552809544576,4.199909034866019,0.12326976638506912,True,2782.0
billboard_1968_04,billboard,1968,04,Otis Redding,(Sittin' On) The Dock of the Bay,0.9979975005735195,15.145487638622619,15.191567148931028,-0.8889557221398522,True,1596.0
billboard_2011_05,billboard,2011,05,"Pitbull feat. Ne-Yo, Afrojack and Nayer",Give Me Everything,1.0664629972461028,15.923908150036079,16.18138236921743,-0.9182035619490619,True,3592.0
billboard_2016_01,billboard,2016,01,Justin Bieber,Love Yourself,0.7992400540137478,6.526049896899202,3.184302740367454,0.21105535454248997,True,2312.0
billboard_1971_04,billboard,1971,04,The Osmonds,One Bad Apple,1.2468504492771493,12.763058294075284,13.149819181353209,-0.9333870548044809,True,2122.0
billboard_2015_02,billboard,2015,02,Ed Sheeran,Thinking Out Loud,1.3225389994240337,1.208203051983268,2.0428439647374113,-0.5815161750444533,True,2145.0
billboard_2014_01,billboard,2014,01,Pharrell Williams,Happy,0.7047081705826335,1.253331931666974,0.854589710646402,0.04722193293565306,True,5941.0
billboard_2016_04,billboard,2016,04,Rihanna feat. Drake,Work,0.6996753669267487,1.1812882888292862,0.8026447292689154,0.31758062018458605,True,4133.0
billboard_2017_03,billboard,2017,03,Bruno Mars,That's What I Like,0.9601726200406272,4.909710408756243,3.0570271521130117,0.020328342305197193,True,2285.0
billboard_1981_04,billboard,1981,04,John Lennon,(Just Like) Starting Over,1.0759390132137947,15.426751425046335,15.642819746099605,-0.9223734976478892,True,1750.0
billboard_1963_01,billboard,1963,01,The Beach Boys,Surfin' USA,1.431471889929754,14.772488077583974,15.25559364540291,-0.9197229977571062,True,1719.0
billboard_2017_01,billboard,2017,01,Ed Sheeran,Shape of You,0.7501393907595291,7.8863348638719195,4.104050342717634,0.10901755928589134,True,2582.0
billboard_2002_05,billboard,2002,05,The Calling,Wherever You Will Go,1.0787874671071602,11.268131760083447,11.664349714829399,-0.9044201519522115,True,2824.0
billboard_2005_01,billboard,2005,01,Mariah Carey,We Belong Together,0.7842114710601527,0.7137961653393932,0.8701715305425138,0.3173793695933861,True,5789.0
billboard_2015_03,billboard,2015,03,Wiz Khalifa feat. Charlie Puth,See You Again,1.012338155669359,1.2290360206481914,1.223708154599045,0.19777412426207516,True,6385.0
billboard_2017_04,billboard,2017,04,Kendrick Lamar,Humble,0.8656773261127829,10.351069510168301,0.895080021828921,0.9923234726334607,True,2085.0
billboard_2021_01,billboard,2021,01,Dua Lipa,Levitating,1.1775317634126141,15.967387762694417,16.329640203004203,-0.9121132388195482,True,1425.0
billboard_2020_01,billboard,2020,01,The Weeknd,Blinding Lights,1.146737410500489,1.441540560199659,1.446779166971547,0.3405266260266917,True,3153.0
billboard_2022_02,billboard,2022,02,Harry Styles,As It Was,1.1064119080371209,8.44236202852568,4.9488731383752995,0.04569288658804802,True,1894.0
billboard_2024_01,billboard,2024,01,Teddy Swims,Lose Control,0.937731738496676,16.488592627721104,16.12088002650674,-0.8873705394167426,True,1325.0
billboard_2018_05,billboard,2018,05,Post Malone feat. 21 Savage,rockstar,1.0022929340665307,15.884474538393338,16.129599217590197,-0.9307576282682711,True,2844.0
billboard_2018_03,billboard,2018,03,Bebe Rexha feat. Florida Georgia Line,Meant to Be,0.8893347067705366,9.836364983220076,10.191225925606247,-0.9242914185397088,True,2869.0
billboard_2023_03,billboard,2023,03,SZA,Kill Bill,0.9228943749661754,10.995571204401324,11.354974707930538,-0.9457070095627489,True,1989.0
billboard_2023_01,billboard,2023,01,Morgan Wallen,Last Night,0.8473626301206526,14.132358794118314,14.248067230358174,-0.9241429519673198,True,1856.0
billboard_2018_04,billboard,2018,04,Camila Cabello feat. Young Thug,Havana,0.8398945933005709,1.4127696566876722,0.9708641669240947,0.5709503608790311,True,5598.0
billboard_2020_05,billboard,2020,05,DaBaby feat. Roddy Ricch,Rockstar,1.0589851861481472,15.36088647906679,15.946341998722602,-0.9395371827683561,True,1723.0
billboard_2020_02,billboard,2020,02,Post Malone,Circles,1.1693801131905919,12.185777469539635,12.889601300810597,-0.9470732071256291,True,2711.0
billboard_2015_05,billboard,2015,05,Maroon 5,Sugar,1.1243672887155742,12.479473823803712,13.22771431170375,-0.9477420177588796,True,1569.0
billboard_2023_02,billboard,2023,02,Miley Cyrus,Flowers,1.0449463657373121,13.996938596850773,14.388950904186203,-0.9398711194046074,True,2285.0
billboard_2022_01,billboard,2022,01,Glass Animals,Heat Waves,1.064068104478458,7.169712307827581,4.328452939264527,0.03654122555874908,True,2049.0
billboard_2019_02,billboard,2019,02,Post Malone and Swae Lee,Sunflower,0.9336866128029448,13.979545644812198,14.072753796584436,-0.9141333376602054,True,4456.0
billboard_2019_03,billboard,2019,03,Halsey,Without Me,0.8518940718222744,1.7408370586083866,1.114448237120595,0.36213892917214163,True,5670.0
suno_v4_5_1950_05,suno_v4_5,1950,05,Gary & Bing Crosby,Simple Melody,1.1370953746531203,15.824005576534974,15.706937259969095,-0.8700291956746912,True,1854.0
billboard_2022_04,billboard,2022,04,Adele,Easy On Me,1.3018616666062393,14.160734174116385,14.447108338241264,-0.8850957031435409,True,2160.0
billboard_2020_04,billboard,2020,04,Dua Lipa,Don't Start Now,0.7991798114007185,12.390717803981431,1.2584594924833832,0.9513063375396964,True,4308.0
suno_v4_5_1951_01,suno_v4_5,1951,01,Nat King Cole,Too Young,1.167367673312087,16.53117782004076,16.298167789285344,-0.8508223550569387,True,2463.0
billboard_2023_04,billboard,2023,04,Taylor Swift,Anti-Hero,1.168384309004947,12.522890820339112,13.055742762975797,-0.9257379644403941,True,1760.0
billboard_2010_04,billboard,2010,04,Katy Perry feat. Snoop Dogg,California Gurls,1.219975694222004,16.367477543871267,16.84376212088293,-0.8975422963984662,True,2424.0
billboard_1973_03,billboard,1973,03,Roberta Flack,Killing Me Softly with His Song,1.088806071693098,5.755728738128502,3.599900779988928,0.0011686426258311125,True,2730.0
billboard_2022_05,billboard,2022,05,Ed Sheeran,Shivers,0.9395249381447557,10.855434106407824,11.277885107210523,-0.9281513648333874,True,2555.0
suno_v4_5_1952_04,suno_v4_5,1952,04,Jo Stafford,You Belong to Me,1.2184869431513299,15.757863584832533,15.356918505962312,-0.8585296238532683,True,1838.0
suno_v4_5_1951_02,suno_v4_5,1951,02,Tony Bennett,Because of You,1.228682468627743,8.30398822905483,8.972984330191167,-0.9226083566122826,True,2755.0
suno_v4_5_1950_01,suno_v4_5,1950,01,Gordon Jenkins & The Weavers,Goodnight Irene,1.1141901124293034,11.41113298519771,11.458753986196726,-0.8702747007086202,True,3771.0
suno_v4_5_1952_05,suno_v4_5,1952,05,Vera Lynn,Auf Wiederseh’n Sweetheart,1.1108728638694902,1.8502691363049286,1.5617711334406406,-0.2559535328757482,True,3919.0
billboard_2022_03,billboard,2022,03,Kid Laroi and Justin Bieber,Stay,0.7685224483384456,9.176863294445763,4.386600210579458,0.15770546378426065,True,3871.0
suno_v4_5_1953_03,suno_v4_5,1953,03,Patti Page,(How Much Is) That Doggie in the Window,1.1735546937934818,3.322590735012029,3.9846828911719783,-0.7814104597470722,True,1823.0
billboard_2021_04,billboard,2021,04,24kGoldn feat. Iann Dior,Mood,0.8463749167935868,0.07049282515294752,0.8564380999053043,-0.12303691677561641,True,4409.0
billboard_2024_03,billboard,2024,03,Benson Boone,Beautiful Things,1.1529630631130883,13.348431658926927,13.917842385959972,-0.9505220766872505,True,1766.0
billboard_2024_04,billboard,2024,04,Post Malone feat. Morgan Wallen,I Had Some Help,1.2020096393061253,12.77401280897843,13.078743030405562,-0.8892484563448978,True,1659.0
suno_v4_5_1952_03,suno_v4_5,1952,03,Johnnie Ray & The Four Lads,Cry,1.1502333156873528,15.504610239369025,15.696762445639422,-0.8987598756808416,True,2816.0
suno_v4_5_1953_02,suno_v4_5,1953,02,Les Paul & Mary Ford,Vaya con Dios,1.3489237200569764,12.871062625298423,12.638781289583562,-0.811293783007241,True,2095.0
suno_v4_5_1954_02,suno_v4_5,1954,02,Perry Como,Wanted,1.0751024166714578,8.202473094490509,8.822559710264613,-0.968789711637765,True,2389.0
suno_v4_5_1953_01,suno_v4_5,1953,01,Percy Faith,The Song from Moulin Rouge,1.3359057398579604,15.227664866283552,15.131636968746136,-0.8531185523932878,True,2573.0
suno_v4_5_1953_04,suno_v4_5,1953,04,Eddie Fisher,I'm Walking Behind You,0.9672334073392002,15.661557903025331,15.525052800145232,-0.896038364255892,True,2536.0
suno_v4_5_1953_05,suno_v4_5,1953,05,Ames Brothers,"You, You, You",1.3790137459960594,13.014418517209483,13.737715636994864,-0.9426140036553059,True,1731.0
suno_v4_5_1954_03,suno_v4_5,1954,03,Rosemary Clooney,Hey There,1.2660845862436,14.873162659800567,14.704271849476669,-0.8479049607351835,True,1971.0
suno_v4_5_1952_02,suno_v4_5,1952,02,Kay Starr,Wheel of Fortune,1.0867192681020161,7.805684981781696,4.422851703177865,0.025595294547901718,True,4545.0
suno_v4_5_1956_03,suno_v4_5,1956,03,Nelson Riddle,Lisbon Antigua,1.2194576913222406,14.15031679997848,14.008459995716123,-0.8526734384537862,True,1967.0
billboard_2012_04,billboard,2012,04,Maroon 5 feat. Wiz Khalifa,Payphone,1.1373194491392957,8.17159208857227,1.1511038606772714,0.9836208535132392,True,3052.0
suno_v4_5_1954_05,suno_v4_5,1954,05,Jo Stafford,Make Love to Me,1.148362949262763,1.4812629625778195,-0.2509651042582186,1.0,True,2469.0
suno_v4_5_1954_01,suno_v4_5,1954,01,Kitty Kallen,Little Things Mean a Lot,1.0581294271990653,1.8744195267571113,1.3584175343471396,0.3665641706801074,True,6939.0
billboard_2010_05,billboard,2010,05,Usher feat. will.i.am,OMG,1.172890852191102,11.843990261143707,12.445194379319162,-0.9239022765645402,True,2864.0
suno_v4_5_1958_02b,suno_v4_5,1958,02b,The Everly Brothers,Claudette,1.1592730041003358,1.1722830847010106,0.0001839559168308469,0.999876047575843,True,1503.0
suno_v4_5_1955_05,suno_v4_5,1955,05,Les Baxter,Unchained Melody,1.159916525903051,1.5249068139789197,-0.19464156157458645,1.0,True,3207.0
suno_v4_5_1959_01,suno_v4_5,1959,01,Johnny Horton,The Battle of New Orleans,0.9969367126415928,15.402061092790495,15.327264660836818,-0.8841909392047235,True,1559.0
suno_v4_5_1957_04,suno_v4_5,1957,04,Tab Hunter,Young Love,1.2731462960825433,11.722447445952675,12.04150563386851,-0.8848113016896095,True,2757.0
suno_v4_5_1958_02a,suno_v4_5,1958,02a,The Everly Brothers,All I Have to Do Is Dream,1.250414175611224,9.62887311585169,10.340218994479429,-0.931131500837807,True,1673.0
suno_v4_5_1960_02,suno_v4_5,1960,02,Jim Reeves,He'll Have to Go,1.146783838484854,11.615469872872461,11.79347419435723,-0.8976435631826574,True,1610.0
suno_v4_5_1960_03,suno_v4_5,1960,03,The Everly Brothers,Cathy's Clown,1.167815648039765,11.011722997276085,11.321133177815,-0.9201399349329349,True,2353.0
suno_v4_5_1958_03b,suno_v4_5,1958,03b,Elvis Presley,I Beg of You,1.221033107982604,8.885897064800663,9.598219600594234,-0.951106081942303,True,2802.0
suno_v4_5_1961_01,suno_v4_5,1961,01,Bobby Lewis,Tossin' and Turnin',1.0862265194300522,1.2521365417749928,-0.03591085968018848,1.0,True,1458.0
suno_v4_5_1959_04,suno_v4_5,1959,04,Frankie Avalon,Venus,1.1648956188502448,0.8221839159171995,1.5219055173692082,-0.4568348563722591,True,3955.0
billboard_2013_03,billboard,2013,03,Imagine Dragons,Radioactive,0.9141980573587316,2.472911256548708,1.4427597751726684,0.37178673486042335,True,3418.0
suno_v4_5_1959_03,suno_v4_5,1959,03,Lloyd Price,Personality,1.2400362464913008,7.010377723202346,7.355080279163957,-0.8625752740044926,True,1895.0
suno_v4_5_1957_02,suno_v4_5,1957,02,Pat Boone,Love Letters in the Sand,1.0911714618069097,3.7432238112180194,2.699441402115001,-0.045745435227866636,True,4265.0
suno_v4_5_1958_03a,suno_v4_5,1958,03a,Elvis Presley,Don't,1.2964595354239272,10.849294364660631,11.656452673191637,-0.9453016326101928,True,1783.0
suno_v4_5_1958_01,suno_v4_5,1958,01,Domenico Modugno,Volare (Nel blu dipinto di blu),1.12366495424396,2.2248045964488536,1.4347806928089364,0.3071067028087376,True,8026.0
suno_v4_5_1960_05,suno_v4_5,1960,05,Mark Dinning,Teen Angel,1.0601231538723532,1.2186659500931054,-0.003996148995362603,1.0,True,1783.0
suno_v4_5_1961_02,suno_v4_5,1961,02,Patsy Cline and The Jordanaires,I Fall to Pieces,1.103194259341175,1.2219083729499123,1.0588055892539803,-0.7387991601255453,True,1730.0
suno_v4_5_1963_03,suno_v4_5,1963,03,The Cascades,Rhythm of the Rain,0.972719970237285,6.813687203107985,7.087873921315989,-0.8784773917205587,True,1919.0
suno_v4_5_1960_04,suno_v4_5,1960,04,Johnny Preston,Running Bear,1.2438641113534836,14.88433090731152,15.306163940566478,-0.8844084855055486,True,1692.0
suno_v4_5_1956_05,suno_v4_5,1956,05,Gogi Grant,The Wayward Wind,1.0667678213945493,14.585118239751042,15.12041958300739,-0.9669665977333299,True,7778.0
suno_v4_5_1964_04,suno_v4_5,1964,04,Roy Orbison,"Oh, Pretty Woman",1.0311308140708084,15.103683761811897,15.031616333474375,-0.886537526717958,True,1351.0
suno_v4_5_1962_02,suno_v4_5,1962,02,Ray Charles,I Can't Stop Loving You,1.1742761584559467,0.6493232871688255,0.6664906092092369,1.0,True,2058.0
suno_v4_5_1961_03,suno_v4_5,1961,03,The Highwaymen,Michael (Row the Boat Ashore),1.2074042635246702,15.107402197667987,14.893976299855296,-0.8387176702259097,True,2935.0
suno_v4_5_1961_04,suno_v4_5,1961,04,Roy Orbison,Crying,0.9538345034020006,7.33551977588046,7.606014544062987,-0.7920273635171126,True,3235.0
suno_v4_5_1964_01,suno_v4_5,1964,01,The Beatles,I Want to Hold Your Hand,1.0642800004715065,7.586256175767609,4.202918296278479,0.08368077332328208,True,2416.0
suno_v4_5_1963_04,suno_v4_5,1963,04,The Chiffons,He's So Fine,1.2720910490822126,13.674521572457829,14.300455290139297,-0.9549313279850445,True,1592.0
billboard_2017_05,billboard,2017,05,The Chainsmokers and Coldplay,Something Just Like This,1.064724963752151,12.002896849932434,12.303823079078285,-0.9008801485289776,True,1333.0
suno_v4_5_1959_05,suno_v4_5,1959,05,Paul Anka,Lonely Boy,1.1599220089642466,13.474667667296652,13.644195792060131,-0.9159479388400644,True,2198.0
suno_v4_5_1961_05,suno_v4_5,1961,05,Del Shannon,Runaway,1.1118445167129856,5.972431740232774,6.46636064175609,-0.8456406499668306,True,1559.0
suno_v4_5_1962_04,suno_v4_5,1962,04,Bobby Vinton,Roses Are Red (My Love),1.0288223498491842,12.046881637965148,12.462309875973077,-0.9413096344045465,True,2817.0
suno_v4_5_1965_02,suno_v4_5,1965,02,Four Tops,I Can't Help Myself (Sugar Pie Honey Bunch),1.2013793481031394,1.3221777570514388,1.8305075498465548,-0.6280043488632033,True,2295.0
suno_v4_5_1966_04,suno_v4_5,1966,04,The Monkees,Last Train to Clarksville,1.1486984127792013,10.090607389816178,10.62545841552722,-0.8949471303167384,True,1406.0
suno_v4_5_1965_05,suno_v4_5,1965,05,The Righteous Brothers,You've Lost That Lovin' Feelin',1.2202711083848745,16.153432521239587,16.295368447716527,-0.8884997974291013,True,2374.0
billboard_2015_04,billboard,2015,04,Fetty Wap,Trap Queen,0.6744709903082068,1.3104661751844229,0.7157613784678745,0.9580059461164571,True,3757.0
suno_v4_5_1964_03,suno_v4_5,1964,03,Louis Armstrong,"Hello, Dolly!",0.968567221843297,14.433025633018499,14.948389774764848,-0.9652474090523855,True,1790.0
billboard_2016_05,billboard,2016,05,Twenty One Pilots,Stressed Out,0.9264500941628774,12.486064646943134,12.819641946177853,-0.9149185043767099,True,1669.0
suno_v4_5_1967_04,suno_v4_5,1967,04,The Association,Windy,1.3217827320875843,1.0089143197030772,1.8192868268522826,-0.4422283732474693,True,2429.0
suno_v4_5_1966_03,suno_v4_5,1966,03,Jimmy Ruffin,What Becomes Of The Brokenhearted,1.1546924956683304,14.769847482035999,14.750625643769695,-0.886193511843742,True,2390.0
suno_v4_5_1967_03,suno_v4_5,1967,03,Bobbie Gentry,Ode to Billie Joe,1.0556383924646697,15.418046188393939,15.34901396684333,-0.8808519612654236,True,1586.0
suno_v4_5_1966_02,suno_v4_5,1966,02,? and the Mysterians,96 Tears,1.3195768594556128,1.0542173478131684,2.0365348193523864,-0.6914017154665122,True,1857.0
suno_v4_5_1966_01,suno_v4_5,1966,01,The Mamas & The Papas,California Dreamin',1.2543551603928367,12.218318411335881,12.723647816882945,-0.9112935723902543,True,1759.0
billboard_2018_02,billboard,2018,02,Ed Sheeran,Perfect,1.1303139548576546,14.240552705286154,14.980646117592386,-0.9607243044389936,True,2043.0
billboard_2019_01,billboard,2019,01,Lil Nas X feat. Billy Ray Cyrus,Old Town Road - Remix,0.9191242103038645,1.4196947570644514,1.0476973729484502,0.8080430002271565,True,3664.0
billboard_2016_03,billboard,2016,03,Drake feat. Wizkid and Kyla,One Dance,0.8934370904491182,8.647843221394515,0.9042717766356021,0.9931051945755327,True,2588.0
billboard_2020_03,billboard,2020,03,Roddy Ricch,The Box,1.1078521633028422,13.925650199211388,14.163923992278399,-0.9026793544760697,True,2130.0
billboard_2017_02,billboard,2017,02,Luis Fonsi and Daddy Yankee feat. Justin Bieber,Despacito (Remix),0.912339778924041,9.322872681806896,0.9937250248976532,0.9963996866629231,True,3774.0
suno_v4_5_1968_01,suno_v4_5,1968,01,The Beatles,Hey Jude,1.2433605402515724,2.0933284225608766,1.605960947941947,0.35587538391500195,True,3061.0
billboard_2019_05,billboard,2019,05,Post Malone,Wow,1.1192317594068026,13.276066650839555,13.524326995647343,-0.8886326009094437,True,2628.0
suno_v4_5_1971_01,suno_v4_5,1971,01,Three Dog Night,Joy To The World,1.1775021764250535,15.543425597447774,15.407959751417593,-0.8668234221449128,True,1837.0
suno_v4_5_1963_02,suno_v4_5,1963,02,Skeeter Davis,The End of the World,1.093524764797563,13.189579968743862,13.215614172605825,-0.8915847615039827,True,7640.0
suno_v4_5_1969_05,suno_v4_5,1969,05,Sly and the Family Stone,Everyday People,0.983326419452496,1.5007551545202098,1.2379576033444488,0.1664371147735183,True,3036.0
suno_v4_5_1968_03,suno_v4_5,1968,03,Bobby Goldsboro,Honey,1.3204274131567157,15.245781699793953,15.792747106581942,-0.9271911053178021,True,1772.0
suno_v4_5_1971_03a,suno_v4_5,1971,03a,Carole King,I Feel the Earth Move,1.253974024603014,16.056907085251353,16.188905025721567,-0.9029686512855734,True,1806.0
billboard_2021_03,billboard,2021,03,The Weeknd,Blinding Lights,1.1805387303943329,1.673350977672513,-0.45106726705061306,1.0,True,3218.0
suno_v4_5_1969_01,suno_v4_5,1969,01,The Archies,"Sugar, Sugar",0.948118430555879,1.7922776202864545,1.1248710026271822,0.5285708541732138,True,5113.0
billboard_2021_05,billboard,2021,05,Olivia Rodrigo,Good 4 U,1.2256822122479587,15.648664809298229,15.977009238356686,-0.9149825649919217,True,2131.0
suno_v4_5_1968_04,suno_v4_5,1968,04,Otis Redding,(Sittin' On) The Dock of the Bay,1.1964402261073614,8.531381583296762,9.130656744086238,-0.8828569845257479,True,2178.0
suno_v4_5_1971_02a,suno_v4_5,1971,02a,Rod Stewart,Maggie May,1.0947034805245395,7.491820657977074,4.023739427259264,0.17229089658473457,True,3017.0
billboard_2021_02,billboard,2021,02,The Weeknd and Ariana Grande,Save Your Tears,1.2412858125761597,1.521034110975505,-0.21864802105702164,1.0,True,1735.0
suno_v4_5_1971_02b,suno_v4_5,1971,02b,Rod Stewart,Reason to Believe,1.1438490850129932,1.4771892239471136,-0.08395774937468792,1.0,True,1663.0
suno_v4_5_1971_03b,suno_v4_5,1971,03b,Carole King,It's Too Late,1.3310141498868593,10.543954196855813,11.07493522489392,-0.8931320010736311,True,1863.0
billboard_2023_05,billboard,2023,05,"Metro Boomin, The Weeknd and 21 Savage",Creepin',1.0801854880759,1.4757168004022048,1.2061265410442088,0.8285842468952728,True,3443.0
suno_v4_5_1969_02,suno_v4_5,1969,02,The 5th Dimension,Aquarius/Let the Sunshine In (The Flesh Failures),1.1491671717922491,14.167130949636412,14.263532623098342,-0.8879029917917644,True,1668.0
suno_v4_5_1969_03,suno_v4_5,1969,03,The Temptations,I Can't Get Next to You,1.3578390841950538,8.643852999375985,8.740516205024107,-0.7721920435241978,True,1778.0
suno_v4_5_1950_02,suno_v4_5,1950,02,Nat King Cole,Mona Lisa,0.9871683960043803,15.136126532278018,15.044963671468366,-0.8849298279320947,True,3403.0
suno_v4_5_1970_04,suno_v4_5,1970,04,B.J. Thomas,Raindrops Keep Fallin' on My Head,1.3202275303022397,1.4386145920540854,-0.008384939657658297,1.0,True,1775.0
billboard_2024_05,billboard,2024,05,Jack Harlow,Lovin' On Me,0.7485945538740512,4.226641168347495,0.907628189909004,0.9433365435376723,True,2540.0
suno_v4_5_1970_01,suno_v4_5,1970,01,Simon and Garfunkel,Bridge Over Troubled Water,1.116731431376413,7.699840307397746,4.3380091483093555,0.11985983759152362,True,4369.0
suno_v4_5_1973_01,suno_v4_5,1973,01,Tony Orlando and Dawn,Tie a Yellow Ribbon Round the Ole Oak Tree,1.434493206780562,13.01914881149407,13.691996717557345,-0.9031180767857888,True,1460.0
suno_v4_5_1951_05,suno_v4_5,1951,05,Mario Lanza,Be My Love,1.0617279426233017,2.104589044394153,1.5020060434601588,0.2650922034960731,True,4538.0
suno_v4_5_1978_03,suno_v4_5,1978,03,Debby Boone,You Light Up My Life,1.4226741104638156,15.703149477316527,15.976706617962435,-0.8921075087236622,True,1373.0
suno_v4_5_1979_05,suno_v4_5,1979,05,Peaches & Herb,Reunited,1.449075322882509,1.656361649465621,-0.037367365883119286,1.0,True,1352.0
suno_v4_5_1975_01,suno_v4_5,1975,01,Captain & Tennille,Love Will Keep Us Together,1.542916118034216,12.123590289229435,12.263512440332903,-0.82032270508592,True,1563.0
suno_v4_5_1972_05,suno_v4_5,1972,05,Sammy Davis Jr.,The Candy Man,1.2259479364685653,15.364563198152975,15.717705961193388,-0.929157267176323,True,2418.0
suno_v4_5_1972_04,suno_v4_5,1972,04,Harry Nilsson,Without You,0.9963673002563671,2.928465827042524,1.6974799294064993,0.07741662520286254,True,3462.0
suno_v4_5_1972_01,suno_v4_5,1972,01,Roberta Flack,The First Time Ever I Saw Your Face,0.902154754761159,2.3312217984999384,1.517515788221996,0.020860939314419305,True,4361.0
suno_v4_5_1975_04,suno_v4_5,1975,04,Freddy Fender,Before the Next Teardrop Falls,0.9478766323923371,1.0837590296635193,-0.04746435348718703,1.0,True,2011.0
suno_v4_5_1981_01,suno_v4_5,1981,01,Kim Carnes,Bette Davis Eyes,1.4524255524032657,6.206449672182437,6.836962807969545,-0.8508063325611067,True,1934.0
suno_v4_5_1978_04,suno_v4_5,1978,04,Bee Gees,Stayin Alive,1.2856831338033865,16.45438032513361,16.725977424689972,-0.915180046308007,True,1927.0
suno_v4_5_1975_03,suno_v4_5,1975,03,Elton John,Philadelphia Freedom,1.2865287071935203,13.018921856037867,12.956522730338094,-0.8656438899119216,True,1655.0
suno_v4_5_1977_03,suno_v4_5,1977,03,The Emotions,Best of My Love,1.2846646819690701,3.5780011549476773,4.0564170283820715,-0.7317626489435752,True,1575.0
suno_v4_5_1973_04,suno_v4_5,1973,04,Marvin Gaye,Let's Get It On,1.0599132501905,15.56691550883417,15.718415263249568,-0.9179165043543273,True,3274.0
suno_v4_5_1983_01,suno_v4_5,1983,01,The Police,Every Breath You Take,0.7795136858263091,1.7566524957474408,2.05507083886367,-0.6423401906188922,True,1299.0
suno_v4_5_1976_04,suno_v4_5,1976,04,The Four Seasons,"December, 1963 (Oh, What a Night)",1.2664573523662082,11.462979277514583,12.220235182419458,-0.9477447531926325,True,1611.0
suno_v4_5_1956_04,suno_v4_5,1956,04,The Platters,My Prayer,1.122662299369971,14.052878265340517,14.114207504925304,-0.8883403057880821,True,2621.0
suno_v4_5_1979_01,suno_v4_5,1979,01,The Knack,My Sharona,1.3215527808077103,12.03205409669504,12.639930088607429,-0.9321616219737718,True,1506.0
suno_v4_5_1976_03,suno_v4_5,1976,03,Johnnie Taylor,Disco Lady,1.209452063026661,10.369144660442005,10.868277956633335,-0.9173417075307377,True,2146.0
suno_v4_5_1978_02,suno_v4_5,1978,02,Bee Gees,Night Fever,1.261117647612002,14.587266836332242,14.747627385589851,-0.9032298892998445,True,1675.0
suno_v4_5_1979_04,suno_v4_5,1979,04,Rod Stewart,Do Ya Think I'm Sexy?,1.458392368083164,15.245609807935896,15.597531806629547,-0.8928579224140654,True,1528.0
suno_v4_5_1974_01,suno_v4_5,1974,01,Barbara Streisand,The Way We Were,1.224855219455904,1.7950356605862217,1.4018557672727026,0.3370773409164957,True,6163.0
suno_v4_5_1974_02,suno_v4_5,1974,02,Terry Jacks,Seasons in the Sun,1.2554528367675293,15.182688528793728,15.5188597369104,-0.9301281124400208,True,2106.0
suno_v4_5_1981_03,suno_v4_5,1981,03,Kenny Rogers,Lady,1.0606100789539818,15.106308061991358,15.109776305715059,-0.8925650908385274,True,1733.0
suno_v4_5_1978_05,suno_v4_5,1978,05,Exile,Kiss You All Over,1.0558691334878856,15.332649484406277,15.006693451383939,-0.8469728281010184,True,2745.0
suno_v4_5_1976_02,suno_v4_5,1976,02,Elton John and Kiki Dee,Don't Go Breaking My Heart,1.1659545470784602,16.48792952165416,16.189789539169993,-0.8564464018922987,True,6293.0
suno_v4_5_1977_02,suno_v4_5,1977,02,Andy Gibb,I Just Want To Be Your Everything,1.0442007375218318,0.7756263347672601,1.13763140014264,-0.01481047866807981,True,7146.0
suno_v4_5_1982_01,suno_v4_5,1982,01,Olivia Newton-John,Physical,1.2014810442818198,1.3874027855896804,-0.09003796350080062,1.0,True,1700.0
suno_v4_5_1977_04,suno_v4_5,1977,04,Barbara Streisand,Evergreen (Love Theme from A Star Is Born),1.225838071920811,5.542340577173203,3.5900617166972957,0.029724872429970385,True,4214.0
suno_v4_5_1975_05,suno_v4_5,1975,05,Frankie Valli,My Eyes Adored You,1.1750619965463185,15.804973454387067,15.935659272765633,-0.9017976346346077,True,7000.0
suno_v4_5_1981_02,suno_v4_5,1981,02,Diana Ross and Lionel Richie,Endless Love,1.2526608402603572,14.02785022085986,13.823147934805434,-0.8232406543550762,True,3409.0
suno_v4_5_1980_03,suno_v4_5,1980,03,Olivia Newton-John,Magic,1.0905614511399804,11.420439469428452,11.159994045836484,-0.8779857450047533,True,3210.0
suno_v4_5_1980_04,suno_v4_5,1980,04,Michael Jackson,Rock with You,1.2074576638210166,10.436649471698287,5.634871021894234,0.06908978748991301,True,2079.0
suno_v4_5_1981_05,suno_v4_5,1981,05,Rick Springfield,Jessie's Girl,1.3500441021164646,15.309423241649279,15.257812850878935,-0.8677141739244382,True,1997.0
suno_v4_5_1984_04,suno_v4_5,1984,04,Kenny Loggins,Footloose,1.1416377239682138,9.80578074206635,5.4259342583642045,0.06991814003222645,True,2246.0
suno_v4_5_1985_01,suno_v4_5,1985,01,George Michael,Careless Whisper,1.276650158687932,13.759075197518541,13.841161493689128,-0.849514670865793,True,1965.0
suno_v4_5_1984_02,suno_v4_5,1984,02,Tina Turner,What's Love Got to Do with It,1.3218334176470237,4.7814467074064275,5.123221918609467,-0.7359535888749936,True,1851.0
suno_v4_5_1982_04,suno_v4_5,1982,04,Paul McCartney and Stevie Wonder,Ebony and Ivory,1.1581917330185794,15.853195867214337,15.232277696512142,-0.8720519637096289,True,2180.0
suno_v4_5_1984_05,suno_v4_5,1984,05,Phil Collins,Against All Odds (Take a Look at Me Now),1.0777535884680844,16.641316435598036,16.18733595436538,-0.8952229973407296,True,3006.0
suno_v4_5_1985_02,suno_v4_5,1985,02,Madonna,Like a Virgin,0.99511151532077,15.796790322222224,15.614455174381476,-0.8748032018286647,True,1416.0
suno_v4_5_1983_02,suno_v4_5,1983,02,Michael Jackson,Billie Jean,1.0249479130608534,1.1079366912598272,-0.023209016525475024,1.0,True,2738.0
suno_v4_5_1983_03,suno_v4_5,1983,03,Irene Cara,Flashdance...What a Feeling,1.2559223876844272,1.6681763921374608,-0.2336697245916528,1.0,True,2562.0
suno_v4_5_1984_01,suno_v4_5,1984,01,Prince,When Doves Cry,1.0307718464806646,7.7243308875404235,4.390480094918509,-0.005154016673258469,True,2888.0
suno_v4_5_1978_01,suno_v4_5,1978,01,Andy Gibb,Shadow Dancing,1.0866269673310402,9.048231855126563,9.824154642614928,-0.9696634714372413,True,2017.0
suno_v4_5_1985_05,suno_v4_5,1985,05,Chaka Khan,I Feel for You,0.8661765350765901,0.9582997958056446,1.7867552738248804e-05,0.9999389737059965,True,1627.0
suno_v4_5_1986_02,suno_v4_5,1986,02,Lionel Richie,"Say You, Say Me",1.2140702572218698,15.227859359354708,15.415006790408512,-0.9319848788732139,True,2263.0
suno_v4_5_1969_04,suno_v4_5,1969,04,The Rolling Stones,Honky Tonk Women,1.2011986529238117,7.803956477612733,8.276641834568991,-0.8765851288188845,True,1920.0
suno_v4_5_1968_05,suno_v4_5,1968,05,The Rascals,People Got to Be Free,1.234822796389354,1.3454638230411358,-0.024265278587237038,1.0,True,1896.0
suno_v4_5_1984_03,suno_v4_5,1984,03,Paul McCartney and Michael Jackson,Say Say Say,1.250787041688849,6.035197667391834,6.546277574719269,-0.839020408953754,True,2860.0
suno_v4_5_1987_05,suno_v4_5,1987,05,Starship,Nothing's Gonna Stop Us Now,1.27807109360273,1.4726055127399835,0.8112433441357089,-0.10230116249835897,True,2331.0
suno_v4_5_1967_05,suno_v4_5,1967,05,The Monkees,I'm a Believer,1.46785344220195,3.867814534846689,4.642601545508796,-0.8287442129995979,True,1497.0
suno_v4_5_1964_05,suno_v4_5,1964,05,The Beach Boys,I Get Around,1.3263877954984165,14.490956052773974,14.656520060533637,-0.8557688488526651,True,1656.0
suno_v4_5_1987_03,suno_v4_5,1987,03,Gregory Abbott,Shake You Down,1.1464648143770224,9.742022464375426,5.674519174116494,0.01823330841585163,True,1995.0
suno_v4_5_1987_01,suno_v4_5,1987,01,The Bangles,Walk Like an Egyptian,1.2762597536821667,1.385073648663391,-0.01492358598302057,1.0,True,1579.0
suno_v4_5_1986_05,suno_v4_5,1986,05,Mr. Mister,Broken Wings,1.0576887821356302,14.713870811611429,14.94597417312724,-0.896061001892632,True,1756.0
suno_v4_5_1988_01,suno_v4_5,1988,01,George Michael,Faith,1.0543301466064015,11.231267190756395,11.803400240966184,-0.9103544082575816,True,2273.0
suno_v4_5_1988_05,suno_v4_5,1988,05,Guns N' Roses,Sweet Child O'Mine,1.143400722717988,1.2057099823815507,-0.0025538116122638677,1.0,True,1843.0
suno_v4_5_1963_05,suno_v4_5,1963,05,Bobby Vinton,Blue Velvet,1.2708692733977085,0.9371392559192362,1.6753752504364445,-0.3129603997315124,True,4673.0
suno_v4_5_1986_01,suno_v4_5,1986,01,Dionne and Friends,That's What Friends Are For,1.1624162819244563,14.280199500614168,14.160400685905955,-0.8441665042614119,True,5832.0
suno_v4_5_1989_04,suno_v4_5,1989,04,Paula Abdul,Straight Up,0.8445515239896503,3.206357934468037,2.0696285977699174,0.17217671126619016,True,3107.0
suno_v4_5_1988_03,suno_v4_5,1988,03,George Harrison,Got My Mind Set On You,1.3676458697142189,14.441660153721697,14.234418700615691,-0.8317082583363615,True,2036.0
suno_v4_5_1990_05,suno_v4_5,1990,05,Madonna,Vogue,1.1421394943676988,1.3471267902752733,-0.029235591270947214,1.0,True,1457.0
suno_v4_5_1991_04,suno_v4_5,1991,04,Paula Abdul,Rush Rush,1.3052880393264237,11.901193293573185,12.066216372200344,-0.8744692472694833,True,1439.0
suno_v4_5_1967_01,suno_v4_5,1967,01,Lulu,To Sir With Love,1.0313317484841882,1.2702530413008017,1.2207372011164734,0.8205115711289216,True,6754.0
suno_v4_5_1987_04,suno_v4_5,1987,04,Whitney Houston,I Wanna Dance with Somebody (Who Loves Me),1.2199838112020047,14.865739766330252,14.906680398435157,-0.8854046796089824,True,2540.0
suno_v4_5_1991_02,suno_v4_5,1991,02,Color Me Badd,I Wanna Sex You Up,1.0607561356872186,3.431918445707252,3.7242268275606913,-0.7352454655695463,True,2257.0
suno_v4_5_1987_02,suno_v4_5,1987,02,Heart,Alone,1.3935224371593333,10.756741719155464,11.408765874582457,-0.8844950913519456,True,2887.0
suno_v4_5_1988_04,suno_v4_5,1988,04,Rick Astley,Never Gonna Give You Up,1.0509495044680341,14.659542884133563,15.204967372417968,-0.9485756143521707,True,2753.0
suno_v4_5_1985_04,suno_v4_5,1985,04,Foreigner,I Want to Know What Love Is,1.3122960929769825,15.580250479845114,15.341869044063912,-0.8587630414563271,True,1969.0
suno_v4_5_1990_04,suno_v4_5,1990,04,Bell Biv DeVoe,Poison,1.0059450652206219,11.83305804492795,12.506871048614002,-0.9227126341537041,True,2013.0
suno_v4_5_1989_03,suno_v4_5,1989,03,Poison,Every Rose Has Its Thorn,1.2716691092746415,10.764511449420404,11.036588937849118,-0.8544967233627582,True,2899.0
suno_v4_5_1990_03,suno_v4_5,1990,03,Sinead O'Connor,Nothing Compares 2 U,1.1647444380611953,1.534235690158149,-0.14538891751528205,1.0,True,2768.0
suno_v4_5_1990_01,suno_v4_5,1990,01,Wilson Phillips,Hold On,1.1043909812254304,14.210383482861072,14.159896840919316,-0.8524159843844619,True,2515.0
suno_v4_5_1992_03,suno_v4_5,1992,03,Kris Kross,Jump,1.0682863768943278,11.72475760159679,11.675547757654073,-0.8864794657610389,True,2217.0
suno_v4_5_1993_02,suno_v4_5,1993,02,Tag Team,Whoomp! (There It Is),1.3142765467154556,1.4309618923396574,8.351578142251626e-05,0.9999718316173212,True,1457.0
suno_v4_5_1992_04,suno_v4_5,1992,04,Vanessa Williams,Save the Best for Last,1.2072191984354588,15.431018560149761,15.545464069206446,-0.8693296118131714,True,3102.0
suno_v4_5_1991_01,suno_v4_5,1991,01,Bryan Adams,(Everything I Do) I Do It For You,1.134722498214043,15.282780164756169,15.84354532004059,-0.9417908126875197,True,2983.0
suno_v4_5_1993_04,suno_v4_5,1993,04,Janet Jackson,That's the Way Love Goes,1.2064305449824233,15.492198120733889,15.834528400717744,-0.9214080259583761,True,2373.0
suno_v4_5_1992_02,suno_v4_5,1992,02,Sir Mix-a-Lot,Baby Got Back,0.9694245551065991,0.9846257461755974,-0.0008061799730831876,1.0,True,1572.0
suno_v4_5_1993_01,suno_v4_5,1993,01,Whitney Houston,I Will Always Love You,1.18038733784032,10.601457290041889,10.571147383594422,-0.8123956546817543,True,4161.0
suno_v4_5_1990_02,suno_v4_5,1990,02,Roxette,It Must Have Been Love,1.1413010608890637,14.893141812568471,14.816736934508356,-0.8824523193129639,True,5424.0
suno_v4_5_1991_03,suno_v4_5,1991,03,C&C Music Factory,Gonna Make You Sweat,1.2402991076254857,3.300894403648998,3.885161431573065,-0.6996120881430862,True,3569.0
suno_v4_5_1994_01,suno_v4_5,1994,01,Ace of Base,The Sign,1.1269606203757352,1.2364634656103402,-0.04221657292079617,1.0,True,1414.0
suno_v4_5_1993_05,suno_v4_5,1993,05,Silk,Freak Me,1.2192227030885596,14.514279898711994,14.908554300191753,-0.9240530163575572,True,2862.0
suno_v4_5_1993_03,suno_v4_5,1993,03,UB40,Can't Help Falling in Love,1.089347940154935,12.070819512184285,12.408558968871901,-0.9384790537184325,True,2648.0
suno_v4_5_1995_02,suno_v4_5,1995,02,TLC,Waterfalls,1.210622432009336,12.885062217502666,13.515122497222336,-0.9339081852569507,True,2034.0
suno_v4_5_1995_03,suno_v4_5,1995,03,TLC,Creep,1.0906992496677912,5.788606794942837,3.3819067851805547,0.10798775605944448,True,2326.0
suno_v4_5_1995_04,suno_v4_5,1995,04,Seal,Kiss from a Rose,1.1186490421212054,1.2817545292733201,-0.027583243584442085,1.0,True,1577.0
suno_v4_5_1994_03,suno_v4_5,1994,03,Boyz II Men,I'll Make Love to You,1.114743200355143,11.29836945953119,11.716621655852393,-0.941203193226933,True,1780.0
suno_v4_5_1971_05,suno_v4_5,1971,05,Bee Gees,How Can You Mend a Broken Heart,1.2110438576909361,9.581712295951395,9.354975700706774,-0.7708769667468076,True,1687.0
suno_v4_5_1972_02,suno_v4_5,1972,02,Gilbert O'Sullivan,Alone Again (Naturally),1.2343247015230931,14.280179089490012,14.240711473852429,-0.855819202738693,True,1767.0
suno_v4_5_1980_01,suno_v4_5,1980,01,Blondie,Call Me,1.4306876616730753,15.117413540967734,15.270164185243345,-0.8771807413182382,True,1411.0
suno_v4_5_1996_01,suno_v4_5,1996,01,Los del Rio,Macarena (Bayside Boys Remix),0.7564378700038955,16.062865681601796,16.01718099261919,-0.9435801850630523,True,2711.0
suno_v4_5_1997_01b,suno_v4_5,1997,01b,Elton John,Candle in the Wind,1.3652300583618888,12.860337799805475,13.169424162583141,-0.9103012746549479,True,1997.0
suno_v4_5_1998_03,suno_v4_5,1998,03,Shania Twain,You're Still the One,1.2000213454652002,1.3374303384528248,0.738028094678975,-0.10385362022278263,True,1534.0
suno_v4_5_1999_03,suno_v4_5,1999,03,Monica,Angel of Mine,1.5341301331108432,13.62372591490718,14.486977990048047,-0.9121264445020071,True,1360.0
suno_v4_5_1997_04,suno_v4_5,1997,04,Toni Braxton,Un-Break My Heart,1.1186310874231153,5.713019755702467,3.496344546086269,0.02723256823520434,True,2629.0
suno_v4_5_1980_02,suno_v4_5,1980,02,Pink Floyd,"Another Brick in the Wall, Part II",1.0719388400833654,1.242684569133418,-0.07114872704417485,1.0,True,1891.0
suno_v4_5_1999_01,suno_v4_5,1999,01,Cher,Believe,1.1441624737688205,6.7976823637802415,7.0677066822223935,-0.8200283857614482,True,2355.0
suno_v4_5_1998_01,suno_v4_5,1998,01,Next,Too Close,1.1243479629514843,12.553325925415045,13.105109180175532,-0.9372787789037991,True,2188.0
suno_v4_5_1994_05,suno_v4_5,1994,05,Mariah Carey,Hero,1.114080970001454,12.759587401282012,12.102129257832146,-0.8150872694641569,True,6369.0
suno_v4_5_1997_03,suno_v4_5,1997,03,Diddy feat. Faith Evans and 112,I'll Be Missing You,0.8917049002955495,12.186580032835433,12.712514445816566,-0.9388621396437894,True,2557.0
suno_v4_5_2000_02,suno_v4_5,2000,02,Santana feat. Rob Thomas,Smooth,1.1517283301804575,1.3740545367440729,-0.011675258151504053,1.0,True,1460.0
suno_v4_5_2001_03,suno_v4_5,2001,03,Janet Jackson,All For You,1.2370977407282662,14.039944075566769,14.515383369679057,-0.9054683908108079,True,2322.0
suno_v4_5_1999_04,suno_v4_5,1999,04,Whitney Houston feat. Faith Evans and Kelly Price,Heartbreak Hotel,1.179601093580394,15.249690215120753,15.192926806829604,-0.8856612635042322,True,2625.0
suno_v4_5_2000_01,suno_v4_5,2000,01,Faith Hill,Breathe,1.3285015462605467,5.587495314968039,5.8104011189775235,-0.7723312846232816,True,1684.0
suno_v4_5_2001_05,suno_v4_5,2001,05,Jennifer Lopez feat. Ja Rule,I'm Real (Murder Remix),0.8741684950439795,14.914443903126175,15.089990263640658,-0.9294185177061253,True,1474.0
suno_v4_5_2000_04,suno_v4_5,2000,04,Joe,I Wanna Know,1.0666771433771096,8.460908019993514,8.582908926258,-0.9226710331221385,True,3335.0
suno_v4_5_1998_04,suno_v4_5,1998,04,Savage Garden,Truly Madly Deeply,0.9912874960172344,16.972113761523943,16.806960048341125,-0.9046298492453047,True,6765.0
suno_v4_5_2001_02,suno_v4_5,2001,02,Alicia Keys,Fallin',1.0719881859110516,3.8467065991795426,2.3009557165745886,0.22575216221251507,True,2676.0
suno_v4_5_2002_05,suno_v4_5,2002,05,The Calling,Wherever You Will Go,1.2157156176882413,7.847268201741777,7.881052807164252,-0.7888527638134698,True,1559.0
suno_v4_5_1992_01,suno_v4_5,1992,01,Boyz II Men,End of the Road,1.2715593889882009,1.8917410748272339,1.5900656420027242,0.222801562034543,True,3097.0
suno_v4_5_2002_03,suno_v4_5,2002,03,Nelly,Hot in Herre,1.1430926679232165,1.6522921674402395,1.8731292912124786,-0.3532099420677013,True,2559.0
suno_v4_5_2005_02,suno_v4_5,2005,02,Gwen Stefani,Hollaback Girl,1.194070413096451,4.907407423685549,5.573180888745966,-0.8287486440083461,True,1866.0
suno_v4_5_2005_01,suno_v4_5,2005,01,Mariah Carey,We Belong Together,1.335553164942365,13.562447890628045,13.782630019416274,-0.8837066227206422,True,1471.0
suno_v4_5_2008_03,suno_v4_5,2008,03,Alicia Keys,No One,1.174723508023652,11.79841832306125,12.036576644718394,-0.8776561830669785,True,2340.0
suno_v4_5_2003_01,suno_v4_5,2003,01,50 Cent,In da Club,1.0369380675820994,10.538629085430546,10.73093949971188,-0.8790296311346677,True,2666.0
suno_v4_5_2006_02,suno_v4_5,2006,02,Sean Paul,Temperature,1.2157253733503175,9.02557960096841,5.158062313770545,0.06446427002301008,True,1938.0
suno_v4_5_2007_02,suno_v4_5,2007,02,Rihanna feat. Jay-Z,Umbrella,1.1811821163315714,10.840311491352534,11.455117603391159,-0.9450623664344495,True,1803.0
suno_v4_5_2005_04,suno_v4_5,2005,04,Kelly Clarkson,Since U Been Gone,1.276899244561051,15.704450392094316,15.991091270699286,-0.9218078314341198,True,1505.0
suno_v4_5_2003_05,suno_v4_5,2003,05,3 Doors Down,When I'm Gone,1.193637389003338,15.001947387977516,15.213050435425089,-0.902110181918572,True,2161.0
suno_v4_5_2004_03,suno_v4_5,2004,03,Alicia Keys,If I Ain't Got You,1.3025159632809709,1.5414270259662732,1.540206474441965,0.20455697384128108,True,3219.0
suno_v4_5_2007_01,suno_v4_5,2007,01,Beyonce,Irreplaceable,1.0940324711144203,15.004135619372592,15.341482349654626,-0.8894358554437445,True,3016.0
suno_v4_5_2009_03,suno_v4_5,2009,03,Lady Gaga feat. Colby O'Donis,Just Dance,1.4139269049557301,1.5337181647526394,-9.470532410360555e-05,1.0,True,1327.0
suno_v4_5_1989_02,suno_v4_5,1989,02,Bobby Brown,My Prerogative,1.1914267093308215,1.2175131339191674,-3.670497759356017e-05,1.0,True,2281.0
suno_v4_5_2007_05,suno_v4_5,2007,05,T-Pain feat. Yung Joc,Buy U a Drank (Shawty Snappin'),1.115816607160876,5.164001770630694,1.067631817064451,0.9682197718278001,True,2275.0
suno_v4_5_2005_05,suno_v4_5,2005,05,Ciara feat. Missy Elliot,"1, 2 Step",1.2482178031522344,9.239647816786784,5.095990811959151,0.10269224320471249,True,2761.0
suno_v4_5_2004_01,suno_v4_5,2004,01,Usher feat. Lil John & Ludacris,Yeah!,1.0155596741406647,1.0104837766436914,1.1880880926964719,-0.2785271030627826,True,4032.0
suno_v4_5_2002_02,suno_v4_5,2002,02,Ashanti,Foolish,1.127123354146168,15.010409261551983,14.937623653255713,-0.8966794966214376,True,3505.0
suno_v4_5_2004_05,suno_v4_5,2004,05,OutKast feat. Sleepy Brown,The Way You Move,0.965643703093107,15.191569177124773,15.398758229360993,-0.9342304972203843,True,2136.0
suno_v4_5_2003_03,suno_v4_5,2003,03,Sean Paul,Get Busy,1.0746581391313965,13.405378047468254,13.884831163434768,-0.9180589183944725,True,3421.0
suno_v4_5_2009_05,suno_v4_5,2009,05,Taylor Swift,Love Story,1.133994954488228,14.795621850282135,14.823249247174687,-0.909353833495476,True,1951.0
suno_v4_5_2009_01,suno_v4_5,2009,01,The Black Eyed Peas,Boom Boom Pow,1.3430790436784055,11.242371048002902,11.509715279122148,-0.871860355803298,True,2290.0
suno_v4_5_2008_05,suno_v4_5,2008,05,Timbaland feat. OneRepublic,Apologize,1.1080433613851277,12.183174763922324,12.689056461745878,-0.9444112548812263,True,2817.0
suno_v4_5_1986_04,suno_v4_5,1986,04,Patti LaBelle feat. Michael McDonald,On My Own,1.1163078422803758,9.825180415591833,10.03178598933421,-0.9189666412328131,True,4699.0
suno_v4_5_2009_04,suno_v4_5,2009,04,The Black Eyed Peas,I Gotta Feeling,1.20711426245454,13.025871207843267,13.620996423153485,-0.9662069293045417,True,1506.0
suno_v4_5_2007_03,suno_v4_5,2007,03,Gwen Stefani feat. Akon,The Sweet Escape,0.9299140770634383,12.590232526047448,12.352089781788848,-0.8485699644649166,True,4421.0
suno_v4_5_2003_02,suno_v4_5,2003,02,R. Kelly,Ignition,0.9774492368142862,1.3379853125587013,1.0494489743800597,0.6291462879407713,True,5628.0
suno_v4_5_2010_01,suno_v4_5,2010,01,Kesha,Tik Tok,1.195219974437314,15.167283238858657,15.082040812156094,-0.9037686008740838,True,1970.0
suno_v4_5_2004_02,suno_v4_5,2004,02,Usher,Burn,1.2101966606111318,16.011770895749258,16.277851757986667,-0.9277946383242697,True,4703.0
suno_v4_5_2010_03,suno_v4_5,2010,03,Train,"Hey, Soul Sister",1.0601228841882138,9.722288794294434,10.421636952042277,-0.962982189009105,True,2267.0
suno_v4_5_2011_04,suno_v4_5,2011,04,Katy Perry feat. Kanye West,E.T.,1.1575370398016933,12.230942803007524,12.556948265952983,-0.8625390696086606,True,1419.0
suno_v4_5_2011_02,suno_v4_5,2011,02,LMFAO feat. Lauren Bennett and GoonRock,Party Rock Anthem,1.4387017288098563,1.5117212154803628,-0.0012057748146019343,1.0,True,1436.0
suno_v4_5_2008_01,suno_v4_5,2008,01,Flo Rida feat. T-Pain,Low,0.7234875479536208,4.226206211362558,1.8687248917546357,0.3288504132509143,True,4778.0
suno_v4_5_2009_02,suno_v4_5,2009,02,Lady Gaga,Poker Face,1.2710050872748475,11.470606573685195,11.800061391110887,-0.9351784418973049,True,2078.0
suno_v4_5_2011_05,suno_v4_5,2011,05,"Pitbull feat. Ne-Yo, Afrojack and Nayer",Give Me Everything,1.2396465542350834,8.828532716870132,9.061706985545356,-0.8567348659799618,True,2453.0
suno_v4_5_1994_02,suno_v4_5,1994,02,All-4-One,I Swear,1.1702115394916388,8.569244811056429,9.118121019534826,-0.9527878422567329,True,1906.0
suno_v4_5_2010_05,suno_v4_5,2010,05,Usher feat. will.i.am,OMG,1.110807257645217,11.273509639131406,11.953982183370016,-0.9397338668962708,True,1997.0
suno_v4_5_2011_01,suno_v4_5,2011,01,Adele,Rolling in the Deep,1.2863460909394422,14.821936272083516,15.083118845419847,-0.9088302907960745,True,1693.0
suno_v4_5_1994_04,suno_v4_5,1994,04,Celine Dion,The Power of Love,1.3996748872195603,14.064044484531529,14.199565277756989,-0.8922825963986877,True,1415.0
suno_v4_5_1992_05,suno_v4_5,1992,05,TLC,Baby-Baby-Baby,1.247373739154157,16.020377831480637,16.02717769617766,-0.8996719402925604,True,1516.0
suno_v4_5_2010_04,suno_v4_5,2010,04,Katy Perry feat. Snoop Dogg,California Gurls,1.2889012205130836,1.5071418833911157,2.2602484698328666,-0.731168319845372,True,1655.0
suno_v4_5_2011_03,suno_v4_5,2011,03,Katy Perry,Firework,1.1053696370145285,14.593604458634012,14.037530503502694,-0.8360172541332404,True,2616.0
suno_v4_5_2012_05,suno_v4_5,2012,05,Ellie Goulding,Lights,1.1425399212358054,13.25812363084273,13.26319112770014,-0.9360714198378878,True,2277.0
suno_v4_5_2014_02,suno_v4_5,2014,02,Katy Perry and Juicy J,Dark Horse,1.4180685648256204,13.913563233146906,14.55232719418757,-0.9324281925594473,True,1388.0
suno_v4_5_2012_03,suno_v4_5,2012,03,Fun feat. Janelle Monae,We Are Young,1.0922291330516805,11.7961642055462,11.837543439088464,-0.8882078700606049,True,3951.0
suno_v4_5_1996_02,suno_v4_5,1996,02,Mariah Carey and Boyz II Men,One Sweet Day,1.1560061385694995,10.052374189067637,10.349336065784428,-0.9186456436999175,True,2226.0
suno_v4_5_1997_02a,suno_v4_5,1997,02a,Jewel,Foolish Games,1.439117068880615,16.171969506658918,16.625884313161777,-0.9147677100612198,True,1325.0
suno_v4_5_2008_04,suno_v4_5,2008,04,Lil Wayne feat. Static Major,Lollipop,0.6693139176653825,0.3256320171227358,0.7465823270274852,0.4291451156545294,True,6041.0
suno_v4_5_2012_02,suno_v4_5,2012,02,Carly Rae Jepsen,Call Me Maybe,1.2815564200577791,13.51718206097678,13.570795913993209,-0.894485377962537,True,1769.0
suno_v4_5_2017_01,suno_v4_5,2017,01,Ed Sheeran,Shape of You,1.4908118806755666,14.580493957627754,14.354029316864228,-0.8085521467512267,True,1313.0
suno_v4_5_2012_01,suno_v4_5,2012,01,Gotye feat. Kimbra,Somebody That I Used to Know,1.1007534054033872,15.180655683975589,15.331386703399971,-0.9033205768978304,True,2994.0
suno_v4_5_2014_05,suno_v4_5,2014,05,OneRepublic,Counting Stars,1.1659537779118252,14.502860947496037,14.460007377374467,-0.8483217369590089,True,1391.0
suno_v4_5_2017_02,suno_v4_5,2017,02,Luis Fonsi and Daddy Yankee feat. Justin Bieber,Despacito (Remix),1.0790988361079348,15.911195988642337,15.766896747507388,-0.8780881809819181,True,1384.0
suno_v4_5_2015_02,suno_v4_5,2015,02,Ed Sheeran,Thinking Out Loud,1.109308920123272,13.154781474528425,13.674051423233905,-0.9361284162260668,True,1474.0
suno_v4_5_1997_01a,suno_v4_5,1997,01a,Elton John,Something About The Way You Look Tonight,1.2004559111323445,13.59139255692599,14.103632529041278,-0.9312425971298399,True,1994.0
suno_v4_5_2015_03,suno_v4_5,2015,03,Wiz Khalifa feat. Charlie Puth,See You Again,1.1010020477975686,12.078263559146034,12.82585837223374,-0.9636779104659935,True,1476.0
suno_v4_5_2018_03,suno_v4_5,2018,03,Bebe Rexha feat. Florida Georgia Line,Meant to Be,1.3352817637684287,1.563757747267456,-0.02260496584123528,1.0,True,1353.0
suno_v4_5_2014_01,suno_v4_5,2014,01,Pharrell Williams,Happy,1.0944036765634322,14.953110223729436,15.197327475829212,-0.9087166010169369,True,1762.0
suno_v4_5_2016_03,suno_v4_5,2016,03,Drake feat. Wizkid and Kyla,One Dance,1.2972094154914329,4.948126542858956,1.4998663817032565,0.9179941976285743,True,2390.0
suno_v4_5_1999_05,suno_v4_5,1999,05,Britney Spears,...Baby One More Time,1.2300133753701856,13.071402334779812,13.164366541910212,-0.8863682723424648,True,1804.0
suno_v4_5_2018_04,suno_v4_5,2018,04,Camila Cabello feat. Young Thug,Havana,1.244499641729691,1.2978339118805775,-3.0522365408236496e-05,1.0,True,1463.0
suno_v4_5_2015_04,suno_v4_5,2015,04,Fetty Wap,Trap Queen,0.6367843537647234,14.289053949211958,14.385153013046505,-0.9818224474845295,True,3426.0
suno_v4_5_1996_03,suno_v4_5,1996,03,Celine Dion,Because You Loved Me,1.3350563255393229,11.17710904031745,11.070513014597154,-0.7929433322278776,True,3372.0
suno_v4_5_2016_05,suno_v4_5,2016,05,Twenty One Pilots,Stressed Out,0.9543068578129856,1.0319351490177866,-0.04931748748970621,1.0,True,3298.0
suno_v4_5_2000_03,suno_v4_5,2000,03,Santana feat. The Product G&B,Maria Maria,0.823359818647701,8.868841217959481,4.6468675330306315,0.03966061401706738,True,2338.0
suno_v4_5_1996_04,suno_v4_5,1996,04,The Tony Rich Project,Nobody Knows,1.0678333749411095,2.0319260789727465,1.4639199339709823,-0.01401740692403808,True,3242.0
suno_v4_5_2013_02,suno_v4_5,2013,02,Robin Thicke feat. TI and Pharrell Williams,Blurred Lines,0.9329942547227656,16.111858943813413,16.276666047066357,-0.8927045663536428,True,7273.0
suno_v4_5_2016_04,suno_v4_5,2016,04,Rihanna feat. Drake,Work,1.0407481722839451,11.442608876110992,11.854664314736837,-0.9265358622517903,True,3444.0
suno_v4_5_2016_01,suno_v4_5,2016,01,Justin Bieber,Love Yourself,0.8358893182615934,1.0321966809928966,1.0720540252150812,0.43203225658955435,True,3559.0
suno_v4_5_1998_05,suno_v4_5,1998,05,LeAnn Rimes,How Do I Live,1.2455875127336538,12.005233332394262,12.236034608869844,-0.8591218990602063,True,1554.0
suno_v4_5_1996_05,suno_v4_5,1996,05,Mariah Carey,Always Be My Baby,1.0357799971821748,3.6664159874850437,2.179114906232863,0.3327719478068182,True,3382.0
suno_v4_5_2020_01,suno_v4_5,2020,01,The Weeknd,Blinding Lights,1.2319973737829337,5.2589438911212,3.3485149344882927,0.14130404422194104,True,2297.0
suno_v4_5_2017_05,suno_v4_5,2017,05,The Chainsmokers and Coldplay,Something Just Like This,1.1173158335173796,12.668960607339324,12.991479041690397,-0.9384652613212191,True,2199.0
suno_v4_5_2020_03,suno_v4_5,2020,03,Roddy Ricch,The Box,1.1798574929641668,14.022544029783782,13.922054068586718,-0.8844284963382496,True,3838.0
suno_v4_5_2018_01,suno_v4_5,2018,01,Drake,God's Plan,0.7232354847932863,1.4204287551997101,0.8020900311886613,0.6683165002695686,True,3421.0
suno_v4_5_1999_02,suno_v4_5,1999,02,TLC,No Scrubs,1.2232430104421996,13.448210981912462,13.51778517780103,-0.8773016213646856,True,1760.0
suno_v4_5_2019_01,suno_v4_5,2019,01,Lil Nas X feat. Billy Ray Cyrus,Old Town Road - Remix,0.9763603076603309,12.164601870985969,12.6447806672886,-0.9386134600958693,True,1958.0
suno_v4_5_2021_01,suno_v4_5,2021,01,Dua Lipa,Levitating,1.4917159362639025,5.9642369612578525,6.470456558093623,-0.8261007299138354,True,1538.0
suno_v4_5_2019_03,suno_v4_5,2019,03,Halsey,Without Me,0.7859527474941798,3.1578626216854015,1.1546974047840266,0.3162415691246122,True,6446.0
suno_v4_5_2020_04,suno_v4_5,2020,04,Dua Lipa,Don't Start Now,1.432043196645684,1.517538098693312,-0.013845782170891274,1.0,True,1592.0
suno_v4_5_2021_04,suno_v4_5,2021,04,24kGoldn feat. Iann Dior,Mood,1.020669023292503,14.941214871520806,15.217520557488797,-0.920563965739756,True,1591.0
suno_v4_5_2021_05,suno_v4_5,2021,05,Olivia Rodrigo,Good 4 U,1.2368734063766447,12.45764497132611,13.470501284070266,-0.960251258279435,True,1888.0
suno_v4_5_2017_03,suno_v4_5,2017,03,Bruno Mars,That's What I Like,1.0244159338706167,16.36876667227355,16.28527127731391,-0.9162260073069886,True,5217.0
suno_v4_5_2019_02,suno_v4_5,2019,02,Post Malone and Swae Lee,Sunflower,1.0896882782173933,1.6639654649382365,1.2506680006722002,0.4880691907923844,True,3273.0
suno_v4_5_2021_02,suno_v4_5,2021,02,The Weeknd and Ariana Grande,Save Your Tears,1.1399330780567904,1.2298078800784695,-0.0010675614991195737,1.0,True,2057.0
suno_v4_5_2019_05,suno_v4_5,2019,05,Post Malone,Wow,0.9329553441562316,9.19442666502633,5.014629531475895,0.0762329369791015,True,2196.0
suno_v4_5_2018_05,suno_v4_5,2018,05,Post Malone feat. 21 Savage,rockstar,1.0117794554176582,3.1312781924439634,1.1269528786232768,0.9213206063220472,True,4285.0
suno_v4_5_2022_03,suno_v4_5,2022,03,Kid Laroi and Justin Bieber,Stay,1.338999985062365,14.786915525199522,15.41004972293186,-0.9128937768504091,True,2122.0
suno_v4_5_2022_04,suno_v4_5,2022,04,Adele,Easy On Me,1.3648593849916835,14.684782860611747,14.366503430722474,-0.8391281620675851,True,1485.0
suno_v4_5_2001_01,suno_v4_5,2001,01,Lifehouse,Hanging By A Moment,1.3073748563766547,7.903503510787576,4.555149677066326,0.1004123495057974,True,2549.0
yue_1950_01,yue,1950,01,Gordon Jenkins & The Weavers,Goodnight Irene,1.0639467325824168,14.226753393320472,13.642319424095376,-0.8145067621591808,True,1809.0
suno_v4_5_2022_05,suno_v4_5,2022,05,Ed Sheeran,Shivers,1.3729111643042409,7.60613414570285,8.177695234694411,-0.851666444535984,True,2164.0
suno_v4_5_2021_03,suno_v4_5,2021,03,The Weeknd,Blinding Lights,1.172593641979621,1.7084516712306406,2.1951684064930035,-0.7700497917433233,True,1793.0
suno_v4_5_2002_04,suno_v4_5,2002,04,Nelly feat. Kelly Rowland,Dilemma,1.0049458734418366,13.815784493021196,14.292163215179698,-0.9533668121219858,True,1548.0
suno_v4_5_2022_01,suno_v4_5,2022,01,Glass Animals,Heat Waves,1.0617926886936933,13.399770531916182,13.22187566778274,-0.8881678089403496,True,2609.0
suno_v4_5_2024_01,suno_v4_5,2024,01,Teddy Swims,Lose Control,1.2017693743422189,11.357263369385493,11.657524640990786,-0.874207141166144,True,1516.0
yue_1950_04,yue,1950,04,Gary & Bing Crosby,Sam's Song,1.0151009062964427,1.1891947929139535,-0.02736301816516895,1.0,True,1385.0
suno_v4_5_2022_02,suno_v4_5,2022,02,Harry Styles,As It Was,1.09331942810586,1.2329594935640684,-0.0009064863164442993,1.0,True,1587.0
suno_v4_5_2024_05,suno_v4_5,2024,05,Jack Harlow,Lovin' On Me,0.9889474922510536,1.2082033658943843,-0.05763063011582026,1.0,True,2121.0
yue_1951_02,yue,1951,02,Tony Bennett,Because of You,1.0451641915424295,10.694055103644258,10.628602555274597,-0.8505618018803898,True,1970.0
yue_1951_04,yue,1951,04,Rosemary Clooney,Come on-a My House,1.1933841715010145,14.324851309596816,14.24035389462449,-0.8454607928913831,True,1721.0
yue_1952_02,yue,1952,02,Kay Starr,Wheel of Fortune,1.2873462056335576,0.945311196961955,0.9110455813764329,0.3955882963007652,True,1876.0
yue_1952_01,yue,1952,01,Leroy Anderson,Blue Tango,1.3868343424314469,1.5448177487554364,2.4323331068831777e-05,1.0,True,1952.0
suno_v4_5_2008_02,suno_v4_5,2008,02,Leona Lewis,Bleeding Love,1.1448130787543895,4.572055006657279,4.80556769455333,-0.7880202884472205,True,1502.0
yue_1954_03,yue,1954,03,Rosemary Clooney,Hey There,1.42229344599006,11.999723641801124,12.051210494791576,-0.8341292445412447,True,1453.0
suno_v4_5_2013_04,suno_v4_5,2013,04,Baauer,Harlem Shake,1.2203449357696214,15.479597962344146,15.609382392631403,-0.8818346221752267,True,1358.0
suno_v4_5_2023_05,suno_v4_5,2023,05,"Metro Boomin, The Weeknd and 21 Savage",Creepin',1.0986396992216783,15.77748107131228,15.97097849395385,-0.8929114369982986,True,5553.0
suno_v4_5_2013_05,suno_v4_5,2013,05,Macklemore and Ryan Lewis feat. Ray Dalton,Can't Hold Us,1.0555692766640552,9.95979248756697,5.656333333596932,0.0247851918971124,True,2416.0
yue_1953_05,yue,1953,05,Ames Brothers,"You, You, You",1.1003547988423514,11.283368476871876,11.958833242035823,-0.9447932983009085,True,1920.0
suno_v4_5_2006_03,suno_v4_5,2006,03,Nelly Furtado feat. Timbaland,Promiscuous,1.0051390304173449,1.298488138901293,1.0025595953061188,0.8753101672636425,True,3524.0
yue_1954_01,yue,1954,01,Kitty Kallen,Little Things Mean a Lot,1.3886687750172997,15.705408290366188,16.230130685142626,-0.921707909338299,True,2325.0
suno_v4_5_2023_03,suno_v4_5,2023,03,SZA,Kill Bill,1.234895110538048,1.7110143192195437,1.3261915399086421,0.38842440236705383,True,7534.0
yue_1952_03,yue,1952,03,Johnnie Ray & The Four Lads,Cry,1.167797380605697,7.419831495635524,4.396233350944142,0.010530867589902473,True,2748.0
yue_1956_01,yue,1956,01,Elvis Presley,Heartbreak Hotel,1.0975424881124816,2.006442248755154,1.6827299440889965,0.09173312932656545,True,1341.0
yue_1954_04,yue,1954,04,The Crew-Cuts,Sh-Boom,0.8576410139970116,8.97526956925464,0.9425623637164167,0.9828268715958143,True,2304.0
suno_v4_5_2012_04,suno_v4_5,2012,04,Maroon 5 feat. Wiz Khalifa,Payphone,1.3206670627150312,9.888510478118134,10.539223463030297,-0.9190938447860931,True,1814.0
yue_1952_05,yue,1952,05,Vera Lynn,Auf Wiederseh’n Sweetheart,1.0859807740619212,1.9517329383992958,1.6106684631868526,0.19433669505884316,True,2732.0
yue_1953_02,yue,1953,02,Les Paul & Mary Ford,Vaya con Dios,0.997378561291204,1.189749893942824,0.00013805330894989254,1.0,True,2589.0
yue_1957_05,yue,1957,05,Jimmy Dorsey,So Rare,1.2420877661146354,1.369610218014664,-0.0013911074398089696,1.0,True,1389.0
yue_1963_03,yue,1963,03,The Cascades,Rhythm of the Rain,1.1923036962454567,3.38844867439201,4.0908913649712435,-0.7937522140545736,True,1297.0
yue_1955_02,yue,1955,02,Bill Haley & His Comets,Rock Around the Clock,1.0661592482277618,1.2819330354874294,1.4434725131276807,-0.09167517797452107,True,1562.0
suno_v4_5_2014_04,suno_v4_5,2014,04,Iggy Azalea feat. Charli XCX,Fancy,1.2164399916491115,16.103307719951786,16.53184503930379,-0.9295682266356341,True,1369.0
yue_1963_02,yue,1963,02,Skeeter Davis,The End of the World,1.351427663017717,14.741012790669044,14.852426278764995,-0.8823938519216482,True,1485.0
yue_1957_03,yue,1957,03,The Diamonds,Little Darlin,0.9094994734065658,16.34211298465802,16.035370160755747,-0.8945814686301629,True,1429.0
yue_1961_04,yue,1961,04,Roy Orbison,Crying,1.101414286580246,1.2929720854764595,1.5714395038104674,0.0694431419016828,True,2330.0
yue_1962_04,yue,1962,04,Bobby Vinton,Roses Are Red (My Love),1.2068031331374103,1.8682740724749296,1.8315250527090883,0.1505770927604594,True,1360.0
yue_1967_03,yue,1967,03,Bobbie Gentry,Ode to Billie Joe,1.2577056251621228,1.20856723718859,-0.0007641506683224719,1.0,True,1376.0
yue_1967_05,yue,1967,05,The Monkees,I'm a Believer,0.9393814396757798,1.170609642046048,-0.05775828690478679,1.0,True,1362.0
yue_1957_01,yue,1957,01,Elvis Presley,All Shook Up,0.8830503455676292,11.535874191022984,11.865955549714457,-0.945606096529378,True,1796.0
yue_1961_02,yue,1961,02,Patsy Cline and The Jordanaires,I Fall to Pieces,1.4482112774011016,15.391280835130235,14.935255790661813,-0.8032704344798417,True,1888.0
yue_1956_04,yue,1956,04,The Platters,My Prayer,1.2414879795251408,1.2111038209609277,1.557864584569702,0.08839109351850348,True,3580.0
yue_1960_04,yue,1960,04,Johnny Preston,Running Bear,1.0798194357832935,1.8068772883122044,1.6267866723869442,0.09641340632107287,True,1699.0
yue_1970_02,yue,1970,02,The Carpenters,(They Long To Be) Close To You,1.3262447622759574,6.210850328109485,6.598385193019531,-0.8590282026063768,True,1414.0
yue_1971_03a,yue,1971,03a,Carole King,I Feel the Earth Move,1.3189816747885692,16.275172559782582,16.182750245125504,-0.8640194332050835,True,1314.0
yue_1964_02,yue,1964,02,The Beatles,She Loves You,1.3265987554339111,13.45378908049628,13.258040723499676,-0.8233882948031069,True,1556.0
yue_1971_04,yue,1971,04,The Osmonds,One Bad Apple,1.3629658114359198,1.5374972288834623,-0.009424293004640427,1.0,True,1356.0
yue_1977_05,yue,1977,05,Hot,Angel in Your Arms,1.3717720147098662,10.215664471971749,10.757463695582686,-0.8814013209125757,True,1320.0
yue_1965_04,yue,1965,04,We Five,You Were On My Mind,1.0755376940773576,1.576087529495962,1.4789040262683955,0.3410611785400668,True,3083.0
suno_v4_5_2014_03,suno_v4_5,2014,03,John Legend,All of Me,1.3442253662216153,8.453455542378562,9.041073957362798,-0.8722102783364708,True,2134.0
yue_1974_01,yue,1974,01,Barbara Streisand,The Way We Were,1.0810093408262178,3.647032563174635,2.6412251641910505,-0.033080768100426795,True,2438.0
yue_1967_01,yue,1967,01,Lulu,To Sir With Love,1.1369865038563687,5.191055763293354,3.4494597119831023,-0.06854273068086407,True,2353.0
yue_1959_01,yue,1959,01,Johnny Horton,The Battle of New Orleans,0.9139033295715752,6.022505322809377,3.3846635962705713,0.111697607429667,True,2746.0
yue_1963_01,yue,1963,01,The Beach Boys,Surfin' USA,1.0371146073762287,9.8012395842856,5.048603577187871,0.13742560456684397,True,2835.0
yue_1959_03,yue,1959,03,Lloyd Price,Personality,1.2216597255661696,1.4794176252147135,1.563725569555332,-0.0921805390268983,True,4534.0
yue_1972_05,yue,1972,05,Sammy Davis Jr.,The Candy Man,1.116226941329715,3.963759294434153,2.452742070348082,0.20411157730685164,True,1944.0
yue_1972_03,yue,1972,03,Don McLean,American Pie,1.150911516058837,15.866918279872676,15.890126137913967,-0.8953132529837138,True,2371.0
yue_1965_03,yue,1965,03,The Rolling Stones,(I Can't Get No) Satisfaction,0.9589554012937052,13.639962546562572,13.900173146227132,-0.9009059690286308,True,2081.0
yue_1970_01,yue,1970,01,Simon and Garfunkel,Bridge Over Troubled Water,1.112135594161512,10.343095362152486,10.752343927932998,-0.8989795191354821,True,3350.0
yue_1970_04,yue,1970,04,B.J. Thomas,Raindrops Keep Fallin' on My Head,0.9704696021042779,12.707554585479704,12.761679934536488,-0.8712971103045474,True,1554.0
yue_1965_05,yue,1965,05,The Righteous Brothers,You've Lost That Lovin' Feelin',1.173965836460909,3.5877122310023317,4.179234083373595,-0.8805322378322993,True,2966.0
yue_1976_02,yue,1976,02,Elton John and Kiki Dee,Don't Go Breaking My Heart,1.2568851162803176,1.4384405183997397,-0.03560151656646093,1.0,True,1594.0
yue_1975_01,yue,1975,01,Captain & Tennille,Love Will Keep Us Together,1.2670002787274297,10.723394138987707,10.693026610115567,-0.8001464851304031,True,2353.0
suno_v4_5_2016_02,suno_v4_5,2016,02,Justin Bieber,Sorry,1.1407666090374322,1.5387859671302966,1.3444589783421526,0.3152107008795763,True,3571.0
yue_1972_04,yue,1972,04,Harry Nilsson,Without You,0.9689503642277979,9.784612763770365,9.331868518205834,-0.7859849216700097,True,2146.0
yue_1973_05,yue,1973,05,Paul McCartney and Wings,My Love,1.0344029404726622,1.2337813383772533,-0.00017182745782973186,1.0,True,1642.0
suno_v4_5_2024_03,suno_v4_5,2024,03,Benson Boone,Beautiful Things,1.3309286074640163,6.922806221378066,4.471875392647316,0.012117827788616456,True,1908.0
yue_1978_04,yue,1978,04,Bee Gees,Stayin Alive,1.2000853835173217,1.9674274504973202,1.5652118217765483,0.27374060536493555,True,2001.0
yue_1964_04,yue,1964,04,Roy Orbison,"Oh, Pretty Woman",1.1311455304844393,9.434181071631897,9.909602860817756,-0.9225366323412458,True,1682.0
yue_1966_03,yue,1966,03,Jimmy Ruffin,What Becomes Of The Brokenhearted,1.057910507810255,1.6139981394433018,1.2749263171720897,0.5278296127007099,True,2875.0
yue_1988_01,yue,1988,01,George Michael,Faith,0.9743253849558957,13.750783002001006,14.296576461037375,-0.942703933085092,True,2014.0
yue_1963_05,yue,1963,05,Bobby Vinton,Blue Velvet,1.1774769711373898,1.504475557003535,1.716787344274329,-0.055217448877736004,True,3571.0
yue_1986_05,yue,1986,05,Mr. Mister,Broken Wings,1.1449944288928793,7.001196924802867,7.373267682704494,-0.8258431953946442,True,1936.0
yue_1951_05,yue,1951,05,Mario Lanza,Be My Love,1.2077636685902802,14.377050194474817,14.507237437719624,-0.9021257361827296,True,2442.0
yue_1990_01,yue,1990,01,Wilson Phillips,Hold On,1.3155976682491317,14.54694903475123,14.096309655294334,-0.7887146318979397,True,1836.0
yue_1990_02,yue,1990,02,Roxette,It Must Have Been Love,1.3940898277233018,0.9539405281885167,1.7061568686161936,-0.47844433870050834,True,1887.0
suno_v4_5_2024_04,suno_v4_5,2024,04,Post Malone feat. Morgan Wallen,I Had Some Help,0.9264249078486537,10.876634946002218,10.771753224045995,-0.8666367724492898,True,2033.0
yue_1989_03,yue,1989,03,Poison,Every Rose Has Its Thorn,1.1661632863562943,14.652586588120036,15.331125654027176,-0.9396819621537033,True,1772.0
yue_1994_04,yue,1994,04,Celine Dion,The Power of Love,1.231267696466804,14.40562662911064,14.25498064621874,-0.8926629576396252,True,1871.0
suno_v4_5_2024_02,suno_v4_5,2024,02,Shaboozey,A Bar Song (Tipsy),1.0016570064091965,3.90044769858645,1.0082146559490193,0.985810166406605,True,2955.0
yue_1994_02,yue,1994,02,All-4-One,I Swear,1.1993601804955922,14.136250515723217,14.181926354146839,-0.8786101754710317,True,1550.0
yue_1985_02,yue,1985,02,Madonna,Like a Virgin,1.266548291734464,13.974806898710055,13.8107036605833,-0.827163324358457,True,1652.0
yue_1994_03,yue,1994,03,Boyz II Men,I'll Make Love to You,1.0166439931873228,13.925638901685817,13.13248896953317,-0.7771088571884803,True,1579.0
yue_1991_02,yue,1991,02,Color Me Badd,I Wanna Sex You Up,1.2287786506577778,12.207411035403089,12.857964012154312,-0.8931252504727933,True,1782.0
yue_1996_05,yue,1996,05,Mariah Carey,Always Be My Baby,1.1378612722316168,5.5523268178179634,3.3611292740288228,0.10248684675828038,True,2313.0
yue_1994_05,yue,1994,05,Mariah Carey,Hero,1.3240286127498249,3.8071094454813945,2.642706191366777,0.13471786771741381,True,2153.0
yue_1998_01,yue,1998,01,Next,Too Close,1.2577605197622161,11.025848975968188,11.294844043258522,-0.8712195594172227,True,1506.0
yue_1957_02,yue,1957,02,Pat Boone,Love Letters in the Sand,0.9462185859405705,14.346687270118526,14.407082535566559,-0.9078205869928652,True,1602.0
yue_1968_03,yue,1968,03,Bobby Goldsboro,Honey,1.1367986464983946,1.2306347367752406,-8.586786537811975e-05,1.0,True,1304.0
yue_1997_03,yue,1997,03,Diddy feat. Faith Evans and 112,I'll Be Missing You,1.0164335617709233,1.9887726346093249,1.1782329937761151,0.8901034040229207,True,2876.0
yue_2001_02,yue,2001,02,Alicia Keys,Fallin',0.9451698446922491,5.766132420998858,5.9698017447438545,-0.915773292206755,True,1989.0
yue_2002_03,yue,2002,03,Nelly,Hot in Herre,0.6169303334769898,15.268485683087645,15.353321229320073,-0.9475236414453787,True,2221.0
yue_1999_02,yue,1999,02,TLC,No Scrubs,1.0467280826365986,13.402408810284406,13.771117528423162,-0.942894188987871,True,1782.0
yue_1978_03,yue,1978,03,Debby Boone,You Light Up My Life,1.2372336616402015,2.1204235729363448,2.3347249413024254,-0.736966828611419,True,3282.0
yue_2003_02,yue,2003,02,R. Kelly,Ignition,0.9463595255262075,13.577822198577742,13.852363944684413,-0.9404779121755777,True,1868.0
yue_2002_05,yue,2002,05,The Calling,Wherever You Will Go,1.0343032063972726,2.1768922490370493,1.4461517796973467,0.43099085362539064,True,2384.0
yue_2001_03,yue,2001,03,Janet Jackson,All For You,1.1192849510895198,15.320123881537741,15.876999506898528,-0.925792598650158,True,2111.0
yue_1975_03,yue,1975,03,Elton John,Philadelphia Freedom,1.0439111128579999,14.679833126499553,15.243425425908612,-0.9574670813201102,True,1307.0
yue_1964_01,yue,1964,01,The Beatles,I Want to Hold Your Hand,1.2154210203161402,1.3190096986665014,0.0006187732901421494,1.0,True,3165.0
yue_2003_03,yue,2003,03,Sean Paul,Get Busy,1.0795659020357689,14.452166984612152,14.665738169515322,-0.923388472885295,True,1730.0
yue_2005_04,yue,2005,04,Kelly Clarkson,Since U Been Gone,1.4261872263351758,1.707619528665481,-0.0034873990220358753,1.0,True,1365.0
yue_2001_05,yue,2001,05,Jennifer Lopez feat. Ja Rule,I'm Real (Murder Remix),1.1514852787012488,9.38213798475493,5.377283628135873,0.060398652106789456,True,3264.0
yue_1993_02,yue,1993,02,Tag Team,Whoomp! (There It Is),0.9495712292054624,1.0374952673566633,0.9281705644765115,0.8905337101071364,True,1918.0
yue_1977_04,yue,1977,04,Barbara Streisand,Evergreen (Love Theme from A Star Is Born),1.1716462174377487,14.384452769648183,14.463401469532357,-0.8366849186337596,True,1858.0
yue_2011_01,yue,2011,01,Adele,Rolling in the Deep,1.1661705292796651,11.091899219181492,11.821202394408303,-0.9630637999251744,True,1983.0
yue_2007_05,yue,2007,05,T-Pain feat. Yung Joc,Buy U a Drank (Shawty Snappin'),0.9821526279442965,2.0023374942926147,1.2172368848069062,0.5935191382031408,True,3031.0
yue_1977_03,yue,1977,03,The Emotions,Best of My Love,1.1304975241818458,1.2987052325439834,-0.03299165054009845,1.0,True,2279.0
yue_1987_05,yue,1987,05,Starship,Nothing's Gonna Stop Us Now,1.4008851152421622,1.4055908090409854,2.3163997516536163,-0.7729095402207669,True,1732.0
yue_2014_01,yue,2014,01,Pharrell Williams,Happy,1.3820695657420756,1.5095178061445198,-0.008413457076909658,1.0,True,1298.0
yue_1993_01,yue,1993,01,Whitney Houston,I Will Always Love You,1.1999450384412995,1.4746571057553477,-0.0011395060846179916,1.0,True,1486.0
yue_2011_05,yue,2011,05,"Pitbull feat. Ne-Yo, Afrojack and Nayer",Give Me Everything,1.1176790421925622,1.1702896286830613,1.1651268758180278,-1.0,True,1557.0
yue_1981_02,yue,1981,02,Diana Ross and Lionel Richie,Endless Love,1.1136832262645049,13.26433556234116,13.44188243959968,-0.9073299709008923,True,3374.0
yue_2005_03,yue,2005,03,Mario,Let Me Love You,1.1347478729581826,2.0324206150159227,1.6282287666954725,0.48043715006969456,True,2877.0
yue_2013_03,yue,2013,03,Imagine Dragons,Radioactive,1.1717400617888862,8.839940088166168,9.410176970408102,-0.9158107134329844,True,1493.0
yue_2012_03,yue,2012,03,Fun feat. Janelle Monae,We Are Young,1.3559623267644163,13.94491486847186,13.91629238092463,-0.8205085355811211,True,1564.0
yue_2012_05,yue,2012,05,Ellie Goulding,Lights,1.0541949016022825,7.875577047190946,4.1163249583663255,0.13534088718378381,True,2081.0
yue_2006_02,yue,2006,02,Sean Paul,Temperature,1.2043479325804525,1.6213750397957583,1.5674187433185336,0.2919443889163842,True,3300.0
yue_2016_05,yue,2016,05,Twenty One Pilots,Stressed Out,0.986417020491271,16.647829020586755,16.519716579714952,-0.8947257066686569,True,3152.0
yue_2017_02,yue,2017,02,Luis Fonsi and Daddy Yankee feat. Justin Bieber,Despacito (Remix),1.1539616893656117,15.125867721068472,15.396763478342734,-0.911847895629168,True,1863.0
yue_2015_05,yue,2015,05,Maroon 5,Sugar,1.160802419299622,11.841639701137973,12.179890474551812,-0.9195116707402081,True,1580.0
yue_1996_03,yue,1996,03,Celine Dion,Because You Loved Me,1.207610190969489,14.120410356064069,14.271607150310615,-0.8992757938778062,True,1671.0
yue_1999_01,yue,1999,01,Cher,Believe,1.2757788155136003,11.42373034162142,11.516149695431722,-0.8687904918686494,True,1385.0
yue_1999_04,yue,1999,04,Whitney Houston feat. Faith Evans and Kelly Price,Heartbreak Hotel,1.1328157064809365,1.3212093692835178,-0.01940217987434334,1.0,True,2461.0
yue_2019_04,yue,2019,04,Billie Eilish,Bad Guy,0.8320605023768731,0.9608498044621023,-0.004712683835357723,1.0,True,1379.0
yue_1988_05,yue,1988,05,Guns N' Roses,Sweet Child O'Mine,1.0909027478599274,14.977410157373566,14.870416883789574,-0.876278879968529,True,2205.0
yue_2016_02,yue,2016,02,Justin Bieber,Sorry,1.2324613086793694,2.4939607930950967,1.6059251140890605,0.47685710999231984,True,2838.0
yue_1999_05,yue,1999,05,Britney Spears,...Baby One More Time,0.9344266569148472,15.455097242954409,15.403091100092382,-0.9123733544190223,True,1566.0
yue_2008_02,yue,2008,02,Leona Lewis,Bleeding Love,1.3240392995076824,4.311025677585855,4.877857176412746,-0.8453371653667112,True,1323.0
yue_2008_03,yue,2008,03,Alicia Keys,No One,1.2784389228685427,15.151564194947671,15.545347219351527,-0.9288557972312684,True,2061.0
yue_2016_04,yue,2016,04,Rihanna feat. Drake,Work,1.1399185832067302,8.955240096651101,5.121957770085091,0.01915474087986372,True,1686.0
yue_1995_03,yue,1995,03,TLC,Creep,0.9492115814472746,12.764746109862683,13.111147894882379,-0.9227785599167877,True,1414.0
yue_1986_03,yue,1986,03,Klymaxx,I Miss You,1.372451619678998,7.125294114115411,7.824730587594459,-0.9235065274680634,True,2079.0
yue_1982_04,yue,1982,04,Paul McCartney and Stevie Wonder,Ebony and Ivory,1.086087536081462,1.4345576245517442,-0.1332313838528949,1.0,True,2060.0
yue_2002_02,yue,2002,02,Ashanti,Foolish,1.3463653407596532,13.493000365497121,13.801395613147633,-0.8953863904999124,True,1917.0
yue_1995_04,yue,1995,04,Seal,Kiss from a Rose,1.1916730608492871,13.708476325482422,14.003557263619939,-0.9059090517211746,True,1744.0
yue_2019_02,yue,2019,02,Post Malone and Swae Lee,Sunflower,1.3328665878753279,13.220092165528932,13.846511367282716,-0.9127052669651428,True,2022.0
yue_2009_03,yue,2009,03,Lady Gaga feat. Colby O'Donis,Just Dance,1.2487833432193627,13.792471065531313,14.509206790961713,-0.9364906999804266,True,2381.0
yue_2019_03,yue,2019,03,Halsey,Without Me,1.3190389610863396,14.720600890464286,14.876979425576593,-0.8929193041225179,True,2671.0
yue_1987_04,yue,1987,04,Whitney Houston,I Wanna Dance with Somebody (Who Loves Me),1.1672510954288722,4.2186153527079355,2.409068822547887,0.24301693395997007,True,2622.0
yue_2018_03,yue,2018,03,Bebe Rexha feat. Florida Georgia Line,Meant to Be,0.9659943410081059,12.485488841686164,12.853030222354946,-0.9486595334533224,True,1791.0
yue_1987_01,yue,1987,01,The Bangles,Walk Like an Egyptian,1.3876834767823123,1.5566551524845844,-0.19142339994114144,1.0,True,1673.0
yue_2013_05,yue,2013,05,Macklemore and Ryan Lewis feat. Ray Dalton,Can't Hold Us,0.9626038047959327,15.93141292745115,15.736789446127204,-0.8791503582713104,True,1335.0
yue_2022_04,yue,2022,04,Adele,Easy On Me,1.2918265493017191,1.30143500931921,-0.0030894412454205433,1.0,True,1452.0
yue_2020_05,yue,2020,05,DaBaby feat. Roddy Ricch,Rockstar,1.1151382600082933,10.757690249388414,11.409608734760994,-0.9387161239857782,True,2019.0
yue_1997_04,yue,1997,04,Toni Braxton,Un-Break My Heart,1.4385015117327735,12.302245235804124,12.818401792760284,-0.869902426169148,True,1510.0
yue_2023_03,yue,2023,03,SZA,Kill Bill,1.22759277011383,15.284577356684304,15.458931385895994,-0.895196511824768,True,1824.0
yue_2020_02,yue,2020,02,Post Malone,Circles,1.1636930754601742,5.470370751743057,5.642033938117095,-0.7363851877643881,True,2856.0
yue_2021_04,yue,2021,04,24kGoldn feat. Iann Dior,Mood,0.9752687305956742,15.680337864648891,15.730432584994333,-0.8716539282702187,True,2391.0
yue_2004_03,yue,2004,03,Alicia Keys,If I Ain't Got You,1.2078047597211083,9.969024190225834,9.796076827189637,-0.8565469435602212,True,1573.0
yue_2021_03,yue,2021,03,The Weeknd,Blinding Lights,1.1378448162485668,2.733286071312669,1.5845851153881036,0.5067099443318215,True,3410.0
yue_2013_04,yue,2013,04,Baauer,Harlem Shake,0.3799491064512805,2.140741426664775,2.1882181794635924,-0.7567973743393979,True,2578.0
yue_2010_04,yue,2010,04,Katy Perry feat. Snoop Dogg,California Gurls,0.935739647878992,1.639742129446371,1.3189336489724741,0.3052072873357225,True,1810.0
yue_2018_04,yue,2018,04,Camila Cabello feat. Young Thug,Havana,0.987551313955694,14.92802074618374,15.065232991034236,-0.9434613378166349,True,4399.0
yue_2018_02,yue,2018,02,Ed Sheeran,Perfect,1.0274984815183819,1.6826151884905802,-0.4436171451883526,1.0,True,3148.0
yue_2023_04,yue,2023,04,Taylor Swift,Anti-Hero,1.198663360575515,14.483222541246857,14.746413502570249,-0.8821510240630978,True,2091.0
yue_2003_05,yue,2003,05,3 Doors Down,When I'm Gone,1.0931373030051468,15.233382737318323,15.908961332996512,-0.9538633119708015,True,1963.0
yue_2009_02,yue,2009,02,Lady Gaga,Poker Face,0.8234183743852114,12.13751088724931,12.268568564243623,-0.9213383122867023,True,1313.0
yue_2019_05,yue,2019,05,Post Malone,Wow,1.0299421082953413,16.35940663070701,16.590577206143337,-0.9075837456654068,True,1355.0
yue_2003_04,yue,2003,04,Beyonce featuring Jay-Z,Crazy in Love,1.3791990544905177,5.402277435284924,5.961941989625757,-0.777078352064897,True,1610.0
yue_2024_01,yue,2024,01,Teddy Swims,Lose Control,1.2684597899778651,13.248641376794255,13.433619707681473,-0.8785112369954675,True,1614.0
yue_2001_01,yue,2001,01,Lifehouse,Hanging By A Moment,0.9442516640136381,1.1022492898034857,-0.009816106938959956,1.0,True,1786.0
yue_2022_02,yue,2022,02,Harry Styles,As It Was,1.1064685512379897,11.722385517761044,11.881060096603221,-0.8581989553360787,True,2154.0
yue_2011_03,yue,2011,03,Katy Perry,Firework,1.1165440405631202,8.682157527431983,8.935006726690645,-0.8692934394617642,True,2661.0
yue_2019_01,yue,2019,01,Lil Nas X feat. Billy Ray Cyrus,Old Town Road - Remix,0.9054198048885693,16.557142823537546,16.45114348428399,-0.9197979557759558,True,2216.0
yue_2005_01,yue,2005,01,Mariah Carey,We Belong Together,0.9736988370282327,1.8972163393898507,1.2451019656723328,0.40752271682651753,True,2963.0
yue_2005_02,yue,2005,02,Gwen Stefani,Hollaback Girl,1.332381736800864,15.333638471469486,15.666550821972095,-0.9209013213141624,True,1538.0
yue_2009_04,yue,2009,04,The Black Eyed Peas,I Gotta Feeling,0.9177149911146445,12.979951144110963,13.538511582231834,-0.9678350448851682,True,2167.0
yue_2020_03,yue,2020,03,Roddy Ricch,The Box,0.7646082989371594,3.7394475587301272,1.8516808229579804,0.30678583134794674,True,3194.0
yue_2007_01,yue,2007,01,Beyonce,Irreplaceable,1.3880804045744763,15.041300057716327,15.506826671776338,-0.9042469263275279,True,1649.0
yue_2008_01,yue,2008,01,Flo Rida feat. T-Pain,Low,0.985486315032394,0.9996966904314659,0.9754347122717562,-1.0,True,1986.0
yue_2023_05,yue,2023,05,"Metro Boomin, The Weeknd and 21 Savage",Creepin',1.211711890228883,15.704625506125607,16.031114922966708,-0.9255696842598935,True,2324.0
yue_2021_02,yue,2021,02,The Weeknd and Ariana Grande,Save Your Tears,1.226858385261998,14.991316078919608,14.698245314037138,-0.8539206625871724,True,2892.0
yue_2021_05,yue,2021,05,Olivia Rodrigo,Good 4 U,1.3991001914109045,1.480249434629411,1.4725996794151477,-1.0,True,1512.0
yue_2020_01,yue,2020,01,The Weeknd,Blinding Lights,1.022728212930249,6.218966449443016,3.290493725386857,0.23187254562384946,True,3429.0
