track_id,source,year,position,status,selected_duration_sec,raw_voiced_coverage,selected_voiced_coverage,median_voiced_prob,jump_rate,octave_jump_rate,skip_reason
billboard_1960_04,billboard,1960,04,success,122.60136054421768,0.8609532138172278,0.9001893939393939,0.1279370863012903,0.0812289562289562,0.0021043771043771,
billboard_1955_02,billboard,1955,02,success,52.8021768707483,0.5310227448553303,0.609938434476693,0.2407543944755742,0.1248196248196248,0.0014430014430014,
billboard_1957_03,billboard,1957,03,skipped,23.475374149659864,0.6580007323324789,,,,,too_short
billboard_1963_02,billboard,1963,02,success,55.58857142857143,0.8329248954879631,0.9348370927318296,0.6860828109301793,0.0263746088511399,0.0,
billboard_1955_04,billboard,1955,04,skipped,17.87936507936508,0.3339174979778916,,,,,too_short
billboard_1959_01,billboard,1959,01,skipped,22.01251700680272,0.7094293185663744,,,,,too_short
billboard_1951_03,billboard,1951,03,success,55.00807256235828,0.4676416819012797,0.5470662726888983,0.016467587593113,0.0857142857142857,0.0061776061776061,
billboard_1961_02,billboard,1961,02,success,69.75274376417234,0.8400442784004428,0.910785619174434,0.4849868077159113,0.043144424131627,0.0047531992687385,
billboard_1951_04,billboard,1951,04,success,49.13342403628118,0.7762441679626749,0.8856332703213611,0.4260623290432814,0.0859583555792845,0.0005339028296849,
billboard_1959_05,billboard,1959,05,skipped,18.64562358276644,0.5136271383009569,,,,,too_short
billboard_1964_02,billboard,1964,02,success,38.754104308390026,0.7343173431734318,0.8106650689035351,0.0476869930825249,0.0673076923076923,0.0059171597633136,
billboard_1957_01,billboard,1957,01,skipped,21.73387755102041,0.7159890539483972,,,,,too_short
billboard_1953_03,billboard,1953,03,success,33.57605442176871,0.8224690458849235,0.8298755186721992,0.4849868077159112,0.1092577147623019,0.0041701417848206,
billboard_1967_02,billboard,1967,02,skipped,17.972244897959182,0.7795487476712896,,,,,too_short
billboard_1959_04,billboard,1959,04,success,49.64426303854875,0.8711974110032362,0.8835360149672591,0.2407543944755742,0.0413135593220339,0.0063559322033898,
billboard_1950_03,billboard,1950,03,skipped,25.959909297052157,0.5367660024687004,,,,,too_short
billboard_1951_01,billboard,1951,01,success,34.411972789115644,0.7779941577409932,0.9385964912280702,0.4849868077159114,0.0553956834532374,0.0007194244604316,
billboard_1955_03,billboard,1955,03,success,37.987845804988666,0.5909273384183059,0.7047677261613692,0.0203176285563605,0.0642361111111111,0.0034722222222222,
billboard_1950_05,billboard,1950,05,success,34.22621315192744,0.724881995954147,0.8534599728629579,0.3233360583906408,0.107398568019093,0.0015910898965791,
billboard_1952_01,billboard,1952,01,skipped,22.105396825396827,0.4533529647972159,,,,,too_short
billboard_1972_02,billboard,1972,02,success,41.00643990929705,0.7206638115631692,0.8754246885617214,0.3014706117722766,0.0576051779935275,0.0019417475728155,
billboard_1952_03,billboard,1952,03,success,71.68,0.8286470810742655,0.92095885973437,0.1504646013433388,0.0510204081632653,0.0017593244194229,
billboard_1952_02,billboard,1952,02,success,40.28662131519275,0.8215547703180212,0.9210374639769452,0.2065067991177523,0.0488415779586725,0.0012523481527864,
billboard_1951_02,billboard,1951,02,success,38.24326530612245,0.8431603773584906,0.9234972677595628,0.4260623290432814,0.0269736842105263,0.0026315789473684,
billboard_1952_04,billboard,1952,04,success,67.63972789115647,0.8473559194899363,0.9062821833161688,0.2796051653363589,0.0382720727548313,0.006820765441455,
billboard_1950_02,billboard,1950,02,success,42.32997732426304,0.8105250792904969,0.9199122325836532,0.5485250542599844,0.0328162291169451,0.0005966587112171,
billboard_1959_02,billboard,1959,02,skipped,17.99546485260771,0.6886271623113729,,,,,too_short
billboard_1958_01,billboard,1958,01,success,46.32380952380952,0.8074684239428885,0.8701754385964913,0.1765306086328975,0.0685878962536023,0.0051873198847262,
billboard_1954_02,billboard,1954,02,success,43.049795918367344,0.683609437751004,0.9007551240560948,0.2407543944755742,0.0611144397843019,0.0053924505692031,
billboard_1953_04,billboard,1953,04,success,47.67056689342404,0.8337971161143435,0.9191427179736972,0.1279370863012903,0.0318133616118769,0.0010604453870625,
billboard_1951_05,billboard,1951,05,success,89.2110657596372,0.7385198395006688,0.8755856324830817,0.0229442191246386,0.0993160868272375,0.0029735355337496,
billboard_1968_05,billboard,1968,05,skipped,14.349931972789117,0.4940988443570199,,,,,too_short
billboard_1965_03,billboard,1965,03,skipped,24.7524716553288,0.6273511378987842,,,,,too_short
billboard_1974_05,billboard,1974,05,skipped,22.569795918367348,0.5075555555555555,,,,,too_short
billboard_1970_04,billboard,1970,04,skipped,29.094603174603176,0.6413974950560316,,,,,too_short
billboard_1972_04,billboard,1972,04,success,57.23718820861678,0.8200751109593718,0.9399594320486816,0.2407543944755743,0.0323834196891191,0.0021588946459412,
billboard_1973_01,billboard,1973,01,success,50.15510204081633,0.6950837988826816,0.8009259259259259,0.2407543944755742,0.0855986119144013,0.0069404279930595,
billboard_1965_05,billboard,1965,05,skipped,27.422766439909296,0.6612557427258805,,,,,too_short
billboard_1975_04,billboard,1975,04,skipped,13.514013605442177,0.6044451118786605,,,,,too_short
billboard_1969_02,billboard,1969,02,skipped,26.33142857142857,0.4307151979565772,,,,,too_short
billboard_1975_01,billboard,1975,01,success,82.31473922902495,0.765346201324206,0.842031029619182,0.1504646013433388,0.0616621983914209,0.0067024128686327,
billboard_1963_04,billboard,1963,04,success,44.535873015873015,0.6376392901361948,0.8399374348279458,0.030106861794195,0.0894409937888198,0.0037267080745341,
billboard_1977_04,billboard,1977,04,success,82.70947845804989,0.8880727091633466,0.9267265581134194,0.4849868077159112,0.039090909090909,0.0033333333333333,
billboard_1975_02,billboard,1975,02,skipped,28.23546485260771,0.7067347665993586,,,,,too_short
billboard_1977_05,billboard,1977,05,skipped,21.037278911564627,0.5714655283921873,,,,,too_short
billboard_1977_03,billboard,1977,03,success,51.2,0.6693843420089892,0.8058956916099773,0.2407543944755742,0.0968468468468468,0.0039414414414414,
billboard_1978_05,billboard,1978,05,skipped,11.075918367346938,0.4936105696339614,,,,,too_short
billboard_1962_05,billboard,1962,05,skipped,31.161179138321994,0.3038876450234072,,,,,low_region_voiced_coverage
billboard_1977_02,billboard,1977,02,skipped,25.704489795918366,0.6449223171108138,,,,,too_short
billboard_1958_03b,billboard,1958,03b,skipped,18.854603174603174,0.7213438735177866,,,,,too_short
billboard_1976_04,billboard,1976,04,skipped,19.667301587301587,0.6314572980469202,,,,,too_short
billboard_1978_02,billboard,1978,02,skipped,23.54503401360544,0.7279207038645729,,,,,too_short
billboard_1975_05,billboard,1975,05,success,40.658140589569165,0.7559239069974413,0.8446601941747572,0.4260623290432814,0.0690121786197564,0.0040595399188092,
billboard_1977_01,billboard,1977,01,skipped,15.62702947845805,0.5676204199258954,,,,,too_short
billboard_1956_02,billboard,1956,02,skipped,26.19210884353741,0.6700526711813394,,,,,too_short
billboard_1958_02b,billboard,1958,02b,skipped,11.00625850340136,0.4738361602309635,,,,,too_short
billboard_1981_05,billboard,1981,05,skipped,15.928888888888888,0.3633297193109264,,,,,too_short
billboard_1978_03,billboard,1978,03,success,70.5190022675737,0.9035963499731616,0.9012183075403358,0.7571601330199093,0.033625730994152,0.0,
billboard_1976_02,billboard,1976,02,success,47.41514739229025,0.6786553406831737,0.8114593535749265,0.1085797707287449,0.0966183574879227,0.0030193236714975,
billboard_1980_04,billboard,1980,04,skipped,18.48308390022676,0.5843621399176955,,,,,too_short
billboard_1957_02,billboard,1957,02,skipped,27.56208616780045,0.8244569589702333,,,,,too_short
billboard_1964_05,billboard,1964,05,skipped,18.22766439909297,0.7316821465428277,,,,,too_short
billboard_1956_01,billboard,1956,01,skipped,22.75555555555556,0.7311091073038773,,,,,too_short
billboard_1980_02,billboard,1980,02,skipped,14.489251700680272,0.4406390414378432,,,,,too_short
billboard_1981_01,billboard,1981,01,skipped,18.506303854875284,0.530107973421927,,,,,too_short
billboard_1961_05,billboard,1961,05,success,40.14730158730159,0.6773917508129386,0.8131868131868132,0.2796051653363589,0.0427046263345195,0.0056939501779359,
billboard_1958_05,billboard,1958,05,skipped,21.478458049886623,0.4771831910702561,,,,,too_short
billboard_1964_03,billboard,1964,03,skipped,24.65959183673469,0.564415209369485,,,,,too_short
billboard_1958_04,billboard,1958,04,success,41.4940589569161,0.840713706407137,0.8612199216564074,0.0348974280196252,0.0981794538361508,0.0026007802340702,
billboard_1978_04,billboard,1978,04,success,30.85931972789116,0.5358272845710031,0.7990970654627539,0.0779752376229482,0.0923656927426955,0.0065975494816211,
billboard_1958_02a,billboard,1958,02a,skipped,25.890249433106572,0.7391867811436903,,,,,too_short
billboard_1976_03,billboard,1976,03,skipped,21.89641723356009,0.6084159276647539,,,,,too_short
billboard_1961_01,billboard,1961,01,success,41.84235827664399,0.7481746386529579,0.7180910099889012,0.1504646013433387,0.0765661252900232,0.0077339520494972,
billboard_1960_01,billboard,1960,01,skipped,21.13015873015873,0.3489900609169605,,,,,too_short
billboard_1982_03,billboard,1982,03,success,66.80380952380952,0.7672413793103449,0.9259645464025026,0.1085797707287449,0.0574539992489673,0.0071348103642508,
billboard_1981_03,billboard,1981,03,skipped,25.44907029478458,0.7864521255462853,,,,,too_short
billboard_1975_03,billboard,1975,03,success,69.4508843537415,0.7134927705064071,0.8445336008024072,0.1765306086328976,0.0986138613861386,0.0091089108910891,
billboard_1978_01,billboard,1978,01,skipped,23.173514739229024,0.6103142076502732,,,,,too_short
billboard_1955_05,billboard,1955,05,success,37.384126984126986,0.7512705991067303,0.9062111801242236,0.4849868077159112,0.0308641975308641,0.0013717421124828,
billboard_1960_02,billboard,1960,02,success,79.66766439909297,0.8531960111165604,0.91139609443311,0.4260623290432814,0.037747920665387,0.0051183621241202,
billboard_1980_05,billboard,1980,05,skipped,17.11310657596372,0.6844298898481691,,,,,too_short
billboard_1976_05,billboard,1976,05,skipped,18.274104308390022,0.5630471509752726,,,,,too_short
billboard_1969_05,billboard,1969,05,skipped,29.559002267573696,0.6839183673469388,,,,,too_short
billboard_1966_01,billboard,1966,01,skipped,20.108480725623583,0.6619676945668135,,,,,too_short
billboard_1960_03,billboard,1960,03,success,34.969251700680275,0.7393334406697795,0.8745019920318725,0.2065067991177523,0.0417933130699088,0.0053191489361702,
billboard_1960_05,billboard,1960,05,success,35.50331065759637,0.7472161966738973,0.841726618705036,0.0779752376229481,0.0684292379471228,0.0062208398133748,
billboard_1979_01,billboard,1979,01,skipped,27.631746031746037,0.3650905669254293,,,,,too_short
billboard_1957_04,billboard,1957,04,skipped,29.512562358276643,0.7582013122099536,,,,,too_short
billboard_1959_03,billboard,1959,03,skipped,25.611609977324264,0.7652685798381162,,,,,too_short
billboard_1956_03,billboard,1956,03,success,33.85469387755102,0.6602515532656463,0.9094650205761317,0.1765306086328976,0.0332075471698113,0.0022641509433962,
billboard_1982_01,billboard,1982,01,skipped,24.91501133786848,0.6162150939478874,,,,,too_short
billboard_1963_01,billboard,1963,01,success,39.91510204081633,0.8088005010961479,0.8452588714368819,0.1085797707287449,0.0537190082644628,0.0151515151515151,
billboard_1968_02,billboard,1968,02,skipped,14.187392290249434,0.1918992718446601,,,,,too_short
billboard_1980_03,billboard,1980,03,skipped,18.83138321995465,0.7171621154510889,,,,,too_short
billboard_1976_01,billboard,1976,01,success,33.52961451247165,0.7004241435562806,0.817174515235457,0.5485250542599845,0.0415606446140797,0.005089058524173,
billboard_1965_01,billboard,1965,01,skipped,15.232290249433106,0.4641925195708901,,,,,too_short
billboard_1981_02,billboard,1981,02,skipped,27.724625850340136,0.716889005144302,,,,,too_short
billboard_1957_05,billboard,1957,05,skipped,14.97687074829932,0.4939253037348132,,,,,too_short
billboard_1962_03,billboard,1962,03,success,33.99401360544218,0.6940096327513546,0.7459016393442623,0.066081512709207,0.0779101741521539,0.0238313473877176,
billboard_1958_03a,billboard,1958,03a,skipped,23.196734693877552,0.8119928483014716,,,,,too_short
billboard_1965_02,billboard,1965,02,skipped,25.12399092970521,0.7209773022986844,,,,,too_short
billboard_1964_01,billboard,1964,01,skipped,29.675102040816327,0.7390272835112692,,,,,too_short
billboard_1954_04,billboard,1954,04,skipped,22.66267573696145,0.582749929991599,,,,,too_short
billboard_1963_03,billboard,1963,03,skipped,18.11156462585034,0.6039215686274509,,,,,too_short
billboard_1965_04,billboard,1965,04,success,60.34866213151928,0.7657800143781452,0.8895729126587149,0.2407543944755742,0.040242319342276,0.001730852444829,
billboard_1962_04,billboard,1962,04,success,33.08843537414966,0.8540103016924209,0.8989473684210526,0.2065067991177522,0.021875,0.00234375,
billboard_1971_04,billboard,1971,04,success,49.27274376417234,0.8308927062799212,0.8473138548539114,0.1504646013433388,0.0901502504173622,0.006677796327212,
billboard_1952_05,billboard,1952,05,success,49.52816326530613,0.7324216051940876,0.906235349273324,0.1765306086328976,0.0367494824016563,0.0020703933747412,
billboard_1956_04,billboard,1956,04,success,33.57605442176871,0.8226920950801547,0.9156293222683264,0.092037570812181,0.0355253212396069,0.0022675736961451,
billboard_1969_01,billboard,1969,01,skipped,22.128616780045352,0.6514756348661633,,,,,too_short
billboard_1953_05,billboard,1953,05,skipped,29.559002267573696,0.5478373143963847,,,,,too_short
billboard_1968_01,billboard,1968,01,success,90.79002267573696,0.7743308019604674,0.8061381074168797,0.0660815127092069,0.048556013963821,0.0050777530942557,
billboard_1963_05,billboard,1963,05,success,47.25260770975057,0.8466003316749585,0.9385749385749386,0.4849868077159114,0.0235725510738606,0.001571503404924,
billboard_1961_03,billboard,1961,03,success,38.17360544217687,0.6864490603363007,0.924574209245742,0.4260623290432814,0.0283080974325213,0.0,
billboard_1967_04,billboard,1967,04,skipped,15.580589569160995,0.491711229946524,,,,,too_short
billboard_1966_05,billboard,1966,05,success,36.1534693877551,0.697359864741839,0.8240205523442518,0.040697331568881,0.0655226209048362,0.0124804992199688,
billboard_1967_05,billboard,1967,05,skipped,15.650249433106575,0.6719472872564138,,,,,too_short
billboard_1954_01,billboard,1954,01,success,36.94294784580499,0.8746420203072116,0.8680075424261471,0.2065067991177523,0.0478260869565217,0.0101449275362318,
billboard_1953_02,billboard,1953,02,success,44.6055328798186,0.8198383340183587,0.9297241020301926,0.6860828109301793,0.0313725490196078,0.0011204481792717,
billboard_1964_04,billboard,1964,04,success,72.77133786848073,0.7293963254593175,0.8305679642629228,0.092037570812181,0.0945426594926979,0.0026902382782475,
billboard_1961_04,billboard,1961,04,success,66.82702947845804,0.8706752232142857,0.8832522585128562,0.1504646013433388,0.037780401416765,0.0066902794175521,
billboard_1966_04,billboard,1966,04,skipped,19.71374149659864,0.7693167528293978,,,,,too_short
billboard_1962_01,billboard,1962,01,skipped,25.193650793650797,0.7516533945201782,,,,,too_short
billboard_1954_05,billboard,1954,05,success,56.33160997732426,0.7726185450963838,0.8491343775762572,0.3233360583906409,0.1010199125789218,0.0077707625060709,
billboard_1968_04,billboard,1968,04,success,37.05904761904762,0.7725309931745369,0.8884711779448622,0.5485250542599845,0.0564573041637261,0.0035285815102328,
billboard_1955_01,billboard,1955,01,skipped,16.788027210884355,0.303907568479813,,,,,too_short
billboard_1973_02,billboard,1973,02,skipped,19.17968253968254,0.609886609759205,,,,,too_short
billboard_1966_02,billboard,1966,02,skipped,13.931972789115646,0.5200574937932837,,,,,too_short
billboard_1985_02,billboard,1985,02,success,36.40888888888889,0.805401405845357,0.8756377551020408,0.3721358982975086,0.0634110787172011,0.0021865889212827,
billboard_1971_03a,billboard,1971,03a,success,88.00362811791383,0.7397893655278706,0.9147757255936676,0.5485250542599845,0.0885747259088286,0.0011540680900173,
billboard_1983_04,billboard,1983,04,skipped,15.719909297052157,0.4933193056286165,,,,,too_short
billboard_1982_05,billboard,1982,05,success,31.71845804988662,0.6280824829931972,0.801610541727672,0.092037570812181,0.1142595978062157,0.006398537477148,
billboard_1950_04,billboard,1950,04,skipped,24.63637188208617,0.70237615787354,,,,,too_short
billboard_1969_03,billboard,1969,03,success,41.9352380952381,0.6362414302997714,0.8438538205980066,0.1085797707287449,0.0945502298095863,0.0032829940906106,
billboard_1966_03,billboard,1966,03,success,116.42485260770977,0.8070221407048342,0.8181092939768648,0.0779752376229482,0.0831504511094854,0.0109729334308705,
billboard_1956_05,billboard,1956,05,success,32.43827664399093,0.8220858895705522,0.8647100930565498,0.2065067991177522,0.0753935376967688,0.0,
billboard_1984_04,billboard,1984,04,skipped,11.72607709750567,0.4618739262587551,,,,,too_short
billboard_1984_05,billboard,1984,05,success,31.2540589569161,0.7935441225074363,0.8298662704309064,0.1279370863012903,0.0654121863799283,0.0044802867383512,
billboard_1983_01,billboard,1983,01,success,31.509478458049887,0.672271223814774,0.8496683861459101,0.3721358982975088,0.0442708333333333,0.0043402777777777,
billboard_1967_01,billboard,1967,01,success,40.379501133786846,0.779840130063677,0.8913168487636572,0.6860828109301793,0.051646223369916,0.0045190445448676,
billboard_1984_02,billboard,1984,02,success,43.769614512471655,0.7539330375151271,0.8206896551724138,0.092037570812181,0.0769728331177231,0.0116429495472186,
billboard_1972_05,billboard,1972,05,success,44.651972789115646,0.8409615151147263,0.8554342173686947,0.040697331568881,0.077250608272506,0.0103406326034063,
billboard_1950_01,billboard,1950,01,skipped,22.84843537414966,0.592274678111588,,,,,too_short
billboard_1972_01,billboard,1972,01,skipped,15.85922902494331,0.7351165818440052,,,,,too_short
billboard_1969_04,billboard,1969,04,skipped,17.554285714285715,0.3166793796084414,,,,,too_short
billboard_1954_03,billboard,1954,03,success,70.91374149659865,0.9093423865208098,0.9256712508185986,0.3721358982975087,0.0396319886765746,0.002830856334041,
billboard_1953_01,billboard,1953,01,skipped,27.98004535147392,0.6254796623177283,,,,,too_short
billboard_1984_03,billboard,1984,03,skipped,22.84843537414966,0.6666336142786317,,,,,too_short
billboard_1983_02,billboard,1983,02,skipped,29.675102040816327,0.5461222555678408,,,,,too_short
billboard_1979_03,billboard,1979,03,skipped,27.910385487528345,0.3894602905312268,,,,,too_short
billboard_1974_02,billboard,1974,02,success,68.4756462585034,0.8288703870387039,0.8942014242115972,0.2407543944755743,0.0580424886191198,0.0022761760242792,
billboard_1983_05,billboard,1983,05,success,34.62095238095238,0.5328598399712308,0.8283031522468142,0.0779752376229481,0.1012965964343598,0.0016207455429497,
billboard_1974_01,billboard,1974,01,success,61.69541950113379,0.9063011903461832,0.9299962363567934,0.9459302094659092,0.0218623481781376,0.0024291497975708,
billboard_1980_01,billboard,1980,01,success,91.5330612244898,0.6652030735455543,0.9069000507356672,0.3233360583906408,0.0416899832120873,0.0033575825405707,
billboard_1970_05,billboard,1970,05,skipped,26.12244897959184,0.3850655903128153,,,,,too_short
billboard_1985_03,billboard,1985,03,success,68.15056689342404,0.768041754491619,0.8657580919931857,0.092037570812181,0.102755905511811,0.0047244094488188,
billboard_1979_05,billboard,1979,05,success,47.57768707482993,0.8210413206994237,0.9092240117130308,0.3721358982975087,0.0467239527389903,0.0016111707841031,
billboard_1974_04,billboard,1974,04,success,41.72625850340136,0.6949741860710147,0.899276572064552,0.2407543944755742,0.0588235294117647,0.009907120743034,
billboard_1986_02,billboard,1986,02,success,39.63646258503402,0.7561683599419449,0.8459285295840656,0.1085797707287449,0.0693000693000693,0.0013860013860013,
billboard_1987_01,billboard,1987,01,success,31.973877551020408,0.5699208443271768,0.8656499636891793,0.2796051653363589,0.0730478589420654,0.0008396305625524,
billboard_1971_02b,billboard,1971,02b,success,38.89342403628118,0.6345050878815911,0.7647761194029851,0.1085797707287449,0.12734375,0.0140625,
billboard_1985_01,billboard,1985,01,success,63.27437641723356,0.7849903288201161,0.8322935779816514,0.0779752376228512,0.0736656374062637,0.0004411116012351,
billboard_1971_05,billboard,1971,05,skipped,25.68126984126984,0.6635751244752514,,,,,too_short
billboard_1986_01,billboard,1986,01,success,47.94920634920635,0.8421007539410555,0.864406779661017,0.2796051653363589,0.0594170403587443,0.0056053811659192,
billboard_1988_04,billboard,1988,04,success,103.51455782312924,0.8010511332530384,0.8997308209959624,0.047686993082531,0.0887780548628428,0.0019950124688279,
billboard_1985_05,billboard,1985,05,skipped,16.137868480725626,0.4947970375925752,,,,,too_short
billboard_1962_02,billboard,1962,02,skipped,25.820589569161,0.7330493110949964,,,,,too_short
billboard_1971_01,billboard,1971,01,skipped,11.749297052154196,0.5251578947368422,,,,,too_short
billboard_1981_04,billboard,1981,04,success,40.63492063492063,0.7284206372694091,0.8417142857142857,0.040697331568881,0.0788043478260869,0.0054347826086956,
billboard_1968_03,billboard,1968,03,skipped,29.83764172335601,0.829924650161464,,,,,too_short
billboard_1971_03b,billboard,1971,03b,skipped,26.33142857142857,0.7029878710186372,,,,,too_short
billboard_1982_02,billboard,1982,02,success,44.93061224489796,0.6555043522785459,0.8397932816537468,0.4260623290432814,0.0646551724137931,0.0036945812807881,
billboard_1974_03,billboard,1974,03,skipped,25.07755102040817,0.2256717501815541,,,,,too_short
billboard_1987_05,billboard,1987,05,success,63.4833560090703,0.7688904311616206,0.7980980248719824,0.2796051653363589,0.0362219165520403,0.0022925263640531,
billboard_1986_03,billboard,1986,03,success,54.14893424036281,0.7730765582013092,0.8863636363636364,0.4260623290432814,0.0556631171345595,0.004840271055179,
billboard_1970_02,billboard,1970,02,skipped,24.729251700680276,0.6420579759281234,,,,,too_short
billboard_1967_03,billboard,1967,03,skipped,22.80199546485261,0.7958663388873713,,,,,too_short
billboard_1973_05,billboard,1973,05,success,61.3471201814059,0.8698169592827792,0.9140802422407268,0.5485250542599844,0.0459817729908864,0.0062137531068765,
billboard_1986_05,billboard,1986,05,skipped,28.76952380952381,0.6613577863577863,,,,,too_short
billboard_1985_04,billboard,1985,04,success,35.45687074829932,0.6642471042471042,0.8978388998035364,0.1504646013433388,0.0635036496350364,0.0065693430656934,
billboard_1987_03,billboard,1987,03,skipped,19.644081632653062,0.6857333842627961,,,,,too_short
billboard_1973_04,billboard,1973,04,success,42.70149659863946,0.7803169042121187,0.8477433387710712,0.2796051653363588,0.0706033376123234,0.0096277278562259,
billboard_1973_03,billboard,1973,03,success,63.39047619047619,0.8548645616284661,0.8996336996336997,0.5485250542599845,0.0415478615071283,0.0028513238289205,
billboard_1992_03,billboard,1992,03,success,30.55746031746032,0.5840771153159586,0.8092705167173252,0.1504646013433388,0.1588345864661654,0.0018796992481203,
billboard_1979_02,billboard,1979,02,skipped,25.51873015873016,0.4529934702226418,,,,,too_short
billboard_1970_03,billboard,1970,03,skipped,25.86702947845805,0.5943657750805424,,,,,too_short
billboard_1993_03,billboard,1993,03,skipped,20.642539682539685,0.5248488918737407,,,,,too_short
billboard_2003_02,billboard,2003,02,success,73.63047619047619,0.8386180785612872,0.8517817723115736,0.1504646013433388,0.1125925925925925,0.0014814814814814,
billboard_1994_01,billboard,1994,01,success,58.02666666666667,0.6123588685200922,0.7434973989595839,0.4849868077159112,0.0560043080236941,0.0016155088852988,
billboard_1983_03,billboard,1983,03,skipped,23.312834467120183,0.7062683643486778,,,,,too_short
billboard_1970_01,billboard,1970,01,success,69.05614512471655,0.7814034531918264,0.9421654337592468,0.7571601330199094,0.0189218136379864,0.0003570153516601,
billboard_1988_03,billboard,1988,03,skipped,24.7524716553288,0.6104260651629073,,,,,too_short
billboard_1988_02,billboard,1988,02,skipped,17.716825396825396,0.4762021289612138,,,,,too_short
billboard_1989_05,billboard,1989,05,skipped,17.484625850340137,0.4643874643874643,,,,,too_short
billboard_1992_05,billboard,1992,05,skipped,26.33142857142857,0.7640317367029092,,,,,too_short
billboard_1988_05,billboard,1988,05,success,44.90739229024943,0.4598757271285034,0.3009307135470527,0.040697331568881,0.0688468158347676,0.0103270223752151,
billboard_1991_02,billboard,1991,02,success,42.42285714285715,0.6335674957281184,0.8752052545155994,0.3721358982975086,0.0657071339173967,0.0037546933667083,
billboard_1982_04,billboard,1982,04,success,35.5265306122449,0.5980227177114009,0.8679738562091504,0.2407543944755742,0.0738507912584777,0.0067822155237377,
billboard_1971_02a,billboard,1971,02a,skipped,15.534149659863946,0.615638692281766,,,,,too_short
billboard_1987_02,billboard,1987,02,skipped,27.98004535147392,0.6978233034571063,,,,,too_short
billboard_1990_04,billboard,1990,04,success,34.0172335600907,0.6270265455193301,0.8191126279863481,0.108579770728745,0.0900750625521267,0.0091743119266055,
billboard_1992_01,billboard,1992,01,success,36.40888888888889,0.7126048887267421,0.8271683673469388,0.2065067991177522,0.0493827160493827,0.007716049382716,
billboard_1993_04,billboard,1993,04,success,39.05596371882086,0.7295306859205776,0.8531510107015458,0.3233360583906408,0.0711297071129707,0.00836820083682,
billboard_1990_02,billboard,1990,02,success,32.64725623582766,0.6554908112953832,0.7546230440967283,0.2796051653363589,0.0575471698113207,0.010377358490566,
billboard_2005_04,billboard,2005,04,success,30.02340136054422,0.6980150084725248,0.7981438515081206,0.3233047330483903,0.052376333656644,0.0077594568380213,
billboard_1994_04,billboard,1994,04,success,41.05287981859411,0.8669250645994832,0.8964932126696833,0.6159498854580681,0.0321969696969696,0.0037878787878787,
billboard_2005_05,billboard,2005,05,success,35.851609977324266,0.6175167556514825,0.7966321243523317,0.066081512709207,0.1204231082180634,0.0105777054515866,
billboard_1989_03,billboard,1989,03,skipped,27.05124716553288,0.5170389695092125,,,,,too_short
billboard_2004_03,billboard,2004,03,success,54.38113378684808,0.7709602392291505,0.8484201537147738,0.5485250542599844,0.0594159113796576,0.0025176233635448,
billboard_1991_05,billboard,1991,05,skipped,18.506303854875284,0.6888568896765618,,,,,too_short
billboard_1993_05,billboard,1993,05,skipped,20.96761904761905,0.6096150526497497,,,,,too_short
billboard_1990_03,billboard,1990,03,success,43.119455782312926,0.7099111210695347,0.9326871297792138,0.2796051653363589,0.0450606585788561,0.0017331022530329,
billboard_1979_04,billboard,1979,04,success,30.696780045351478,0.4962229190421893,0.7995461422087746,0.1279370863012903,0.0880681818181818,0.002840909090909,
billboard_2005_01,billboard,2005,01,success,134.42031746031745,0.8289835164835165,0.8797719813439281,0.1279370863012903,0.1036920659858601,0.0017674783974862,
billboard_1986_04,billboard,1986,04,success,42.70149659863946,0.7797760434340006,0.89015769439913,0.4849868077159112,0.0470660146699266,0.0036674816625916,
billboard_1989_04,billboard,1989,04,success,50.45696145124717,0.7326007326007326,0.8467556373676944,0.2065067991177522,0.1022294725394236,0.0043501903208265,
billboard_1999_02,billboard,1999,02,success,74.93079365079365,0.7838423218540178,0.8590021691973969,0.1765306086328976,0.0747022735474557,0.002526163839769,
billboard_1988_01,billboard,1988,01,success,37.45378684807256,0.4804370447450572,0.7997520148791073,0.0779752376229481,0.1140418929402637,0.0007757951900698,
billboard_2007_03,billboard,2007,03,success,36.501768707483,0.711632730015083,0.8002544529262087,0.2407543944755742,0.1280827366746221,0.0095465393794749,
billboard_2006_01,billboard,2006,01,success,36.80362811791383,0.7856780606552388,0.8378548895899054,0.2065067991177522,0.0934438583270535,0.0037678975131876,
billboard_1994_05,billboard,1994,05,success,79.2497052154195,0.859233827249729,0.8710811602695576,0.1765306086328975,0.0652759084791386,0.0067294751009421,
billboard_1992_02,billboard,1992,02,skipped,11.029478458049889,0.3536316300414791,,,,,too_short
billboard_1995_02,billboard,1995,02,success,44.95383219954648,0.7033691626772649,0.8460743801652892,0.2236305967966632,0.1307269395235186,0.0012217470983506,
billboard_1995_03,billboard,1995,03,skipped,22.0821768707483,0.5147427583225248,,,,,too_short
billboard_1990_01,billboard,1990,01,skipped,18.854603174603174,0.5407355882097209,,,,,too_short
billboard_2006_05,billboard,2006,05,success,34.94603174603175,0.7105767184507342,0.7767441860465116,0.1279370863012903,0.1232876712328767,0.0042808219178082,
billboard_1989_02,billboard,1989,02,success,39.54358276643991,0.5288378314580219,0.7480916030534351,0.047686993082531,0.0714846818538884,0.002356637863315,
billboard_1994_02,billboard,1994,02,success,36.31600907029478,0.7428168517539221,0.8222506393861893,0.1765306086328975,0.0459143968871595,0.0101167315175097,
billboard_2004_02,billboard,2004,02,success,84.52063492063492,0.7279271465741544,0.8532967032967033,0.092037570812181,0.0985507246376811,0.0061191626409017,
billboard_1990_05,billboard,1990,05,success,30.60390022675737,0.6064492488090876,0.7503793626707133,0.0100130688462389,0.1781376518218623,0.0010121457489878,
billboard_1996_01,billboard,1996,01,skipped,21.571337868480725,0.7714338336863431,,,,,too_short
billboard_1997_01a,billboard,1997,01a,skipped,27.724625850340136,0.6802259887005649,,,,,too_short
billboard_1998_03,billboard,1998,03,success,36.57142857142857,0.815377478835672,0.8355555555555556,0.1765306086328976,0.067680608365019,0.0068441064638783,
billboard_1997_02b,billboard,1997,02b,success,43.281995464852606,0.793071450665017,0.848175965665236,0.4849868077159112,0.0854430379746835,0.0044303797468354,
billboard_2004_04,billboard,2004,04,success,59.09478458049887,0.7697963800904978,0.8829076620825147,0.4260623290432814,0.072573463935886,0.0071237756010685,
billboard_1997_02a,billboard,1997,02a,success,51.96625850340136,0.8064454432437601,0.8646112600536193,0.6860828109301793,0.0584281282316442,0.0056876938986556,
billboard_1991_01,billboard,1991,01,skipped,20.96761904761905,0.6325746378953592,,,,,too_short
billboard_2008_05,billboard,2008,05,success,46.230929705215424,0.7974403150381492,0.8543445504771472,0.4849868077159113,0.0464705882352941,0.0017647058823529,
billboard_1995_01,billboard,1995,01,success,50.15510204081633,0.7361271676300578,0.8268518518518518,0.040697331568881,0.0795518207282913,0.0028011204481792,
billboard_2009_05,billboard,2009,05,success,38.91664399092971,0.6992931474572943,0.7303102625298329,0.030106861794195,0.1103843008994276,0.0057236304170073,
billboard_1994_03,billboard,1994,03,success,48.15818594104309,0.6898892461593427,0.8563162970106075,0.2407543823126814,0.0777464788732394,0.0050704225352112,
billboard_1999_01,billboard,1999,01,success,57.53904761904762,0.7635453474676089,0.847457627118644,0.3233360583906408,0.050976655550262,0.0114340161981896,
billboard_1991_03,billboard,1991,03,success,32.97233560090703,0.660803311071395,0.819718309859155,0.040697331568881,0.1083404987102321,0.0120378331900257,
billboard_1989_01,billboard,1989,01,success,36.014149659863946,0.7945810914681014,0.8504190844616376,0.092037570812181,0.0660091047040971,0.007587253414264,
billboard_1996_05,billboard,1996,05,success,51.94303854875284,0.7150726993588007,0.8207420652659813,0.092037570812181,0.0931880108991825,0.0054495912806539,
billboard_2008_01,billboard,2008,01,skipped,26.21532879818594,0.6656272004828488,,,,,too_short
billboard_1992_04,billboard,1992,04,success,35.781950113378684,0.7641020213779236,0.8663205710577547,0.3721358982975087,0.08095952023988,0.0044977511244377,
billboard_1999_05,billboard,1999,05,skipped,24.52027210884354,0.5581216320246344,,,,,too_short
billboard_1996_04,billboard,1996,04,skipped,29.071383219954647,0.6529454152404972,,,,,too_short
billboard_2019_05,billboard,2019,05,success,61.02204081632653,0.8096560234459356,0.799847792998478,0.092037570812181,0.0975725844835792,0.0038077106139933,
billboard_2013_04,billboard,2013,04,success,195.6048979591837,0.9054549757425157,0.9077635327635328,0.0261680286089357,0.1553753596651844,0.001046298718284,
billboard_2001_01,billboard,2001,01,success,33.90113378684807,0.7430333971495426,0.8479452054794521,0.066081512709207,0.0695230396119644,0.0056588520614389,
billboard_2019_01,billboard,2019,01,success,85.07791383219954,0.8817013735046522,0.9134825327510916,0.092037570812181,0.0732217573221757,0.0011954572624028,
billboard_2009_03,billboard,2009,03,success,159.59074829931973,0.8744824990590891,0.8863669431107232,0.2796051653363589,0.0824166803480545,0.0049252996223936,
billboard_1991_04,billboard,1991,04,success,41.84235827664399,0.7891852687565477,0.8795782463928968,0.2796051653363589,0.0656565656565656,0.0012626262626262,
billboard_1999_03,billboard,1999,03,success,114.38149659863946,0.8372693726937269,0.8936256597645148,0.1765306086328975,0.0724835264712565,0.0015905476028175,
billboard_2019_02,billboard,2019,02,success,103.4681179138322,0.8270833333333333,0.8364003590664273,0.4260623290432814,0.0547504025764895,0.0072463768115942,
billboard_1993_01,billboard,1993,01,success,67.01278911564626,0.8612538540596094,0.9355509355509356,0.7571601330199093,0.0400148203038162,0.0014820303816228,
billboard_2014_02,billboard,2014,02,success,64.59791383219955,0.7393188854489164,0.8346513299784328,0.1504646013433388,0.0896165445928479,0.0038776389487289,
billboard_2009_04,billboard,2009,04,success,63.901315192743766,0.7735849056603774,0.842296511627907,0.2796051653363589,0.1044454035390591,0.0047475183426845,
billboard_2014_04,billboard,2014,04,skipped,27.5156462585034,0.6285350023180343,,,,,too_short
billboard_1997_05,billboard,1997,05,success,54.07927437641723,0.7824167001204335,0.7930442249892657,0.0348974280196252,0.1305525460455038,0.0,
billboard_1998_01,billboard,1998,01,success,47.62412698412699,0.6756419845425081,0.8902974158946855,0.3721358982975086,0.0789041095890411,0.0032876712328767,
billboard_2018_01,billboard,2018,01,skipped,24.45061224489796,0.4590431738623103,,,,,too_short
billboard_1997_04,billboard,1997,04,success,40.35628117913832,0.7716374766196226,0.8647871116225546,0.2407543944755743,0.0659121171770972,0.0053262316910785,
billboard_2011_03,billboard,2011,03,success,59.350204081632654,0.810571371690225,0.8470266040688575,0.4849868077159112,0.0642329020332717,0.0078558225508317,
billboard_2010_01,billboard,2010,01,success,50.1318820861678,0.6994406196213425,0.7878647522000927,0.1085797707287449,0.1305882352941176,0.0029411764705882,
billboard_2001_02,billboard,2001,02,success,32.27573696145125,0.5634364557507815,0.837410071942446,0.1765306086328975,0.0825451418744626,0.0051590713671539,
billboard_1984_01,billboard,1984,01,skipped,19.55120181405896,0.4324023078940466,,,,,too_short
billboard_1996_02,billboard,1996,02,success,45.2324716553288,0.6593861643390712,0.811088295687885,0.092037570812181,0.0607979734008866,0.0113996200126662,
billboard_1996_03,billboard,1996,03,success,71.51746031746032,0.8285834031852473,0.8931818181818182,0.2796051653363589,0.0701818181818181,0.0003636363636363,
billboard_2016_02,billboard,2016,02,success,42.515736961451246,0.7151536394438602,0.787001638448935,0.2407543944755742,0.0618055555555555,0.0034722222222222,
billboard_1987_04,billboard,1987,04,success,39.56680272108844,0.6856256463288521,0.8779342723004695,0.2796051653363589,0.0702341137123745,0.0040133779264214,
billboard_2012_04,billboard,2012,04,success,70.86730158730158,0.7690301875438772,0.8594364351245085,0.2065067991177523,0.0842868039664378,0.0026697177726926,
billboard_1972_03,billboard,1972,03,success,63.43691609977324,0.8266606211743369,0.8795754026354319,0.4260623290432814,0.078684429641965,0.0066611157368859,
billboard_2017_01,billboard,2017,01,success,59.953922902494334,0.7682276229994073,0.8477924089852827,0.1085797707287449,0.0959780621572212,0.0045703839122486,
billboard_2007_04,billboard,2007,04,success,42.81759637188209,0.7390515089630134,0.8590021691973969,0.4849868077159113,0.0644346178142766,0.0031585596967782,
billboard_2003_04,billboard,2003,04,success,94.15691609977324,0.7255786582973716,0.8019728729963008,0.066081512709207,0.1251922485389111,0.0021531836358043,
billboard_2013_05,billboard,2013,05,success,42.5621768707483,0.6160794941282746,0.7670485542825969,0.0216309238404995,0.1160142348754448,0.0035587188612099,
billboard_2016_01,billboard,2016,01,success,53.68453514739229,0.6993346980552713,0.8222318339100346,0.3233360583906408,0.061578947368421,0.0,
billboard_1999_04,billboard,1999,04,success,37.77886621315193,0.7727359027909626,0.860479409956976,0.1279370863012903,0.091493924231594,0.0050035739814152,
billboard_2011_04,billboard,2011,04,success,91.55628117913832,0.7320603634123807,0.8450418463099163,0.2407543944755743,0.0987691383968778,0.0039027319123386,
billboard_2012_03,billboard,2012,03,success,44.28045351473923,0.7968519882179675,0.8479286837965391,0.3721358982975087,0.0439356435643564,0.0074257425742574,
billboard_2011_02,billboard,2011,02,success,38.24326530612245,0.5692294159042928,0.8136004857316332,0.0779752376229482,0.0978342046303211,0.0029873039581777,
billboard_2020_04,billboard,2020,04,success,100.03156462585034,0.7993589743589744,0.8314763231197771,0.1279370863012903,0.0731639206925439,0.0019547612398771,
billboard_2000_03,billboard,2000,03,success,73.09641723356009,0.776423487544484,0.817979669631512,0.3721358982975087,0.073038073038073,0.0023310023310023,
billboard_2018_03,billboard,2018,03,success,66.61804988662132,0.5651096033402923,0.7950505402579295,0.2065067991177314,0.1166666666666666,0.0013157894736842,
billboard_2015_03,billboard,2015,03,success,148.259410430839,0.869195751138088,0.890211433046202,0.4260623290432814,0.0580679218722505,0.0054548653879992,
billboard_2019_04,billboard,2019,04,skipped,18.274104308390022,0.5073852745518097,,,,,too_short
billboard_2003_01,billboard,2003,01,success,64.36571428571429,0.756601056168987,0.8225108225108225,0.092037570812181,0.0895129442738043,0.0,
billboard_2000_01,billboard,2000,01,success,30.534240362811797,0.6756883751527112,0.8068441064638783,0.092037570812181,0.0915094339622641,0.010377358490566,
billboard_2000_02,billboard,2000,02,skipped,22.15183673469388,0.4545784224841341,,,,,too_short
suno_v4_5_1950_04,suno_v4_5,1950,04,skipped,27.608526077097505,0.6861097380128522,,,,,too_short
billboard_2020_01,billboard,2020,01,success,73.21251700680273,0.6956124314442413,0.782429432286711,0.3233360583906408,0.0555555555555555,0.0024330900243309,
billboard_2014_03,billboard,2014,03,success,91.46340136054422,0.8201058201058201,0.9126681898959128,0.4260623290432815,0.057039510294936,0.0008347245409015,
billboard_1998_02,billboard,1998,02,success,56.79600907029479,0.800346538552414,0.883483237939493,0.1279370863012904,0.1023148148148148,0.0046296296296296,
billboard_2021_02,billboard,2021,02,success,40.28662131519275,0.759194734804491,0.7786743515850144,0.1504646013433387,0.0659259259259259,0.0103703703703703,
billboard_2021_04,billboard,2021,04,success,102.37678004535148,0.766949806949807,0.8641415286913132,0.1765306086328976,0.1047519033867156,0.0005250721974271,
billboard_2020_02,billboard,2020,02,success,62.94929705215419,0.7825336927223719,0.8218369605311693,0.2065067991177522,0.0449034575662326,0.0112258643915581,
billboard_1998_05,billboard,1998,05,success,100.14766439909296,0.8678111587982833,0.9030837004405288,0.2407543944755742,0.051874678993323,0.0053929121725731,
billboard_2020_05,billboard,2020,05,success,40.00798185941043,0.7451781836760761,0.7817759721416134,0.0779752376229482,0.1173848439821693,0.0059435364041604,
billboard_1998_04,billboard,1998,04,success,63.76199546485261,0.8350936362829502,0.8656227239621267,0.2407543944755743,0.0521885521885521,0.0063131313131313,
billboard_2002_03,billboard,2002,03,success,54.4043537414966,0.7506609721374822,0.8237302603499786,0.066081512709207,0.1171591498185588,0.0025920165889061,
billboard_1997_03,billboard,1997,03,success,53.080816326530616,0.7951980610467319,0.868766404199475,0.2065067991177522,0.053904282115869,0.0075566750629722,
suno_v4_5_1950_03,suno_v4_5,1950,03,skipped,9.47374149659864,0.4041591320072332,,,,,too_short
billboard_2018_02,billboard,2018,02,success,47.438367346938776,0.7848489877198805,0.8835046500244738,0.2407543944755084,0.0698447893569844,0.0022172949002217,
billboard_2005_02,billboard,2005,02,success,41.16897959183674,0.6942023934007203,0.841511562323745,0.1085797707287449,0.0925553319919517,0.0026827632461435,
billboard_2018_04,billboard,2018,04,success,129.98530612244895,0.7965147168207417,0.8617363344051447,0.2407543944755742,0.0874974082521252,0.0051834957495334,
billboard_2020_03,billboard,2020,03,success,49.45850340136055,0.8228012261259137,0.8741784037558685,0.2407543944755742,0.0677055346587856,0.0016120365394948,
billboard_2022_02,billboard,2022,02,success,43.97859410430839,0.7930454290521592,0.8474128827877508,0.2407543944755742,0.0436408977556109,0.0081047381546134,
billboard_2002_02,billboard,2002,02,success,42.60861678004535,0.7897692464774352,0.8392370572207084,0.2407543944755742,0.0818713450292397,0.0058479532163742,
billboard_2002_05,billboard,2002,05,success,65.57315192743765,0.8053932584269663,0.8374645892351275,0.4260623290432814,0.0575296108291032,0.0114213197969543,
billboard_2024_05,billboard,2024,05,success,58.97868480725624,0.8559053806430118,0.8429133858267717,0.0348974280196252,0.0883177570093458,0.0023364485981308,
billboard_2021_05,billboard,2021,05,success,49.48172335600907,0.7489899648116773,0.8301267010793055,0.5485250542599845,0.0673076923076923,0.0016968325791855,
billboard_2019_03,billboard,2019,03,success,131.65714285714287,0.8734599884858952,0.8800705467372134,0.2065067991177523,0.0557225896973341,0.0028061735818801,
billboard_1993_02,billboard,1993,02,success,79.13360544217687,0.7819006390434962,0.8418427230046949,0.0779752376229481,0.0962343096234309,0.004881450488145,
billboard_2001_05,billboard,2001,05,success,42.05133786848073,0.7604383147553372,0.8741027056874655,0.3721358982975087,0.0663716814159292,0.0075853350189633,
suno_v4_5_1952_04,suno_v4_5,1952,04,success,42.67827664399093,0.7807620237351656,0.8737758433079434,0.8266685594724996,0.0361370716510903,0.0037383177570093,
suno_v4_5_1950_01,suno_v4_5,1950,01,success,87.56244897959184,0.8574273858921162,0.8827897109520021,0.6860828109301793,0.0621995192307692,0.0003004807692307,
billboard_2023_01,billboard,2023,01,success,43.0962358276644,0.8210482062780269,0.865301724137931,0.1085797707287449,0.0847352024922118,0.005607476635514,
billboard_2008_03,billboard,2008,03,success,59.58240362811792,0.7397734718711972,0.818394388152767,0.1279370863012903,0.0666984278227727,0.0080990948070509,
billboard_2001_04,billboard,2001,04,success,47.32226757369615,0.7790760869565218,0.8930323846908734,0.092037570812181,0.0538757559098405,0.0016492578339747,
billboard_2021_03,billboard,2021,03,success,74.72181405895692,0.6901901318091683,0.7827843380981976,0.2796051653363589,0.0579825258141382,0.0019857029388403,
billboard_2023_03,billboard,2023,03,success,46.18448979591837,0.8367885910471412,0.8486676721970839,0.2796051653363589,0.0616478956727919,0.0035566093657379,
billboard_2010_02,billboard,2010,02,skipped,28.606984126984127,0.6245922208281054,,,,,too_short
billboard_2024_02,billboard,2024,02,skipped,25.21687074829932,0.7095391211146839,,,,,too_short
suno_v4_5_1951_03,suno_v4_5,1951,03,skipped,25.379410430839,0.5659217877094972,,,,,too_short
billboard_2017_05,billboard,2017,05,success,30.95219954648526,0.7587373167981961,0.8034508627156789,0.6159498854580681,0.0495327102803738,0.0074766355140186,
billboard_2024_03,billboard,2024,03,success,41.00643990929705,0.7935149469623916,0.8669309173272933,0.2796051653363589,0.057516339869281,0.0032679738562091,
suno_v4_5_1957_03,suno_v4_5,1957,03,skipped,24.58993197278912,0.2813151563753007,,,,,too_short
suno_v4_5_1951_04,suno_v4_5,1951,04,skipped,21.594557823129254,0.7596589878469073,,,,,too_short
suno_v4_5_1954_04,suno_v4_5,1954,04,skipped,22.84843537414966,0.6233321312657771,,,,,too_short
suno_v4_5_1957_01,suno_v4_5,1957,01,skipped,29.72154195011338,0.7117938870219235,,,,,too_short
suno_v4_5_1955_03,suno_v4_5,1955,03,skipped,22.82521541950113,0.6655689718258324,,,,,too_short
suno_v4_5_1956_02,suno_v4_5,1956,02,skipped,14.721451247165533,0.4411869860564891,,,,,too_short
billboard_2023_02,billboard,2023,02,success,53.05759637188208,0.7592443266904735,0.8538293216630197,0.1504646013433388,0.0779487179487179,0.0076923076923076,
billboard_1995_04,billboard,1995,04,success,63.831655328798185,0.774812545351931,0.8559476173153874,0.3721358982975086,0.0714285714285714,0.0051020408163265,
billboard_2021_01,billboard,2021,01,success,33.08843537414966,0.7332257088083947,0.7712280701754386,0.0261680286089357,0.0737704918032786,0.0054644808743169,
billboard_2001_03,billboard,2001,03,skipped,19.82984126984127,0.4676343995273863,,,,,too_short
suno_v4_5_1958_02b,suno_v4_5,1958,02b,success,34.89959183673469,0.5206155632984901,0.4145043246839654,0.2065067991177522,0.0418006430868167,0.0112540192926045,
suno_v4_5_1953_03,suno_v4_5,1953,03,success,42.32997732426304,0.7679590631765401,0.7888096544157981,0.8266685594724995,0.0786360473208072,0.0027835768963117,
billboard_2016_04,billboard,2016,04,success,95.96807256235827,0.8230997247512174,0.8833776917493347,0.2796051653363589,0.0824657534246575,0.0021917808219178,
suno_v4_5_1958_05,suno_v4_5,1958,05,skipped,13.328253968253968,0.4068905364151766,,,,,too_short
billboard_2017_03,billboard,2017,03,success,53.05759637188208,0.747686205376818,0.7912472647702407,0.1085797707287449,0.1223021582733813,0.0055340343110127,
billboard_2022_04,billboard,2022,04,success,50.15510204081633,0.8101851851851852,0.8597222222222223,0.7571601330199094,0.0414870689655172,0.0005387931034482,
billboard_2004_01,billboard,2004,01,success,41.61015873015873,0.6184705774350501,0.7483258928571429,0.040697331568881,0.1156716417910447,0.0074626865671641,
suno_v4_5_1955_01,suno_v4_5,1955,01,skipped,17.136326530612244,0.4075895108421583,,,,,too_short
suno_v4_5_1951_01,suno_v4_5,1951,01,success,57.19074829931973,0.8634244676830036,0.8680470970361348,0.5485250542599844,0.0566214319138979,0.00280767430978,
billboard_2023_05,billboard,2023,05,success,79.94630385487528,0.8466141418170938,0.9105431309904152,0.3233360583906408,0.0507338864071474,0.0003190810465858,
suno_v4_5_1958_04,suno_v4_5,1958,04,skipped,27.840725623582767,0.603656238220882,,,,,too_short
suno_v4_5_1959_05,suno_v4_5,1959,05,success,51.03746031746032,0.8034275670133294,0.8967242948134668,0.6159498854580681,0.0294416243654822,0.0055837563451776,
suno_v4_5_1951_02,suno_v4_5,1951,02,success,63.97097505668934,0.8848578697046787,0.9150635208711434,0.4260623290432814,0.0492063492063492,0.0035714285714285,
suno_v4_5_1955_04,suno_v4_5,1955,04,skipped,7.244625850340136,0.4157103825136612,,,,,too_short
suno_v4_5_1950_02,suno_v4_5,1950,02,success,79.01750566893425,0.8694389592287142,0.9241845430502498,0.4849868077159113,0.0438931297709923,0.0019083969465648,
billboard_2024_04,billboard,2024,04,success,38.52190476190477,0.7611130354462533,0.8372513562386981,0.1085797707287449,0.0907780979827089,0.0028818443804034,
suno_v4_5_1951_05,suno_v4_5,1951,05,success,105.37215419501132,0.8605458463011731,0.9636403702071396,0.4849868077159113,0.0480329368709972,0.0020585544373284,
billboard_2014_01,billboard,2014,01,success,137.9497505668934,0.7654154202451028,0.8094596869213937,0.1279370863012903,0.1025374376039933,0.0033277870216306,
suno_v4_5_1957_04,suno_v4_5,1957,04,success,64.01741496598639,0.8769344141488578,0.9426913311570548,0.8911444948731202,0.0261739799846035,0.0003849114703618,
suno_v4_5_1954_02,suno_v4_5,1954,02,success,55.4724716553288,0.8233627917516428,0.9280033486814568,0.7571601330199094,0.0383574007220216,0.0013537906137184,
billboard_2000_05,billboard,2000,05,skipped,20.94439909297052,0.7041758241758241,,,,,too_short
suno_v4_5_1959_01,suno_v4_5,1959,01,success,36.19990929705215,0.5772979457189984,0.7902501603592046,0.1279370863012903,0.0877335499593826,0.0040617384240454,
suno_v4_5_1959_02,suno_v4_5,1959,02,skipped,23.962993197278912,0.6715011961722488,,,,,too_short
suno_v4_5_1962_01,suno_v4_5,1962,01,skipped,16.207528344671204,0.4611163374098463,,,,,too_short
billboard_2009_02,billboard,2009,02,success,40.44916099773243,0.8165217391304348,0.8513203214695751,0.1085797707287449,0.1160593792172739,0.0013495276653171,
billboard_2003_05,billboard,2003,05,success,33.45995464852608,0.6925618358782034,0.8084663428174879,0.040697331568881,0.1056701030927835,0.0042955326460481,
suno_v4_5_1961_05,suno_v4_5,1961,05,success,36.19990929705215,0.7018371818641497,0.8268120590121874,0.2407543944755742,0.0527950310559006,0.0015527950310559,
suno_v4_5_1958_02a,suno_v4_5,1958,02a,success,38.846984126984125,0.8875446796810558,0.9276748356246264,0.3721358982975087,0.0257898130238555,0.0038684719535783,
suno_v4_5_1958_03a,suno_v4_5,1958,03a,success,41.40117913832199,0.9042402371439618,0.93157599551318,0.4260623290432815,0.0234939759036144,0.0012048192771084,
suno_v4_5_1958_03b,suno_v4_5,1958,03b,success,65.06231292517008,0.9185578856650388,0.9211277658815132,0.3721358982975087,0.0507751937984496,0.0007751937984496,
suno_v4_5_1958_01,suno_v4_5,1958,01,success,186.3633560090703,0.9554018602432626,0.9605033640667828,0.6159498854580681,0.0250389206019719,0.0033731188375713,
suno_v4_5_1955_05,suno_v4_5,1955,05,success,74.46639455782314,0.8421352151149556,0.8353601496725912,0.8911444948731202,0.0250186706497386,0.0014936519790888,
billboard_1995_05,billboard,1995,05,success,39.2649433106576,0.7459572978648933,0.8497930218805441,0.0560713954458926,0.0995821727019498,0.0034818941504178,
suno_v4_5_1963_01,suno_v4_5,1963,01,skipped,15.0465306122449,0.617737556561086,,,,,too_short
suno_v4_5_1957_05,suno_v4_5,1957,05,skipped,17.41496598639456,0.7070116861435726,,,,,too_short
billboard_1997_01b,billboard,1997,01b,skipped,22.98775510204082,0.7350538432974378,,,,,too_short
billboard_2016_03,billboard,2016,03,success,60.09324263038549,0.8169631006105654,0.8469860896445132,0.3233360583906409,0.0707439525330899,0.0009128251939753,
billboard_2017_04,billboard,2017,04,success,48.41360544217687,0.6331711166644746,0.7745803357314148,0.0348974280196252,0.1716232961586121,0.0018587360594795,
billboard_2007_02,billboard,2007,02,success,130.05496598639456,0.8625982093915585,0.884841992501339,0.2796051653363588,0.069021190716448,0.0028254288597376,
suno_v4_5_1950_05,suno_v4_5,1950,05,success,43.049795918367344,0.6974606636547749,0.8667745415318231,0.8911444948731202,0.0454545454545454,0.0031133250311332,
billboard_2002_04,billboard,2002,04,success,49.92290249433107,0.7504417670682731,0.8432558139534884,0.0779752376229482,0.118653421633554,0.0038631346578366,
billboard_2013_03,billboard,2013,03,success,79.36580498866213,0.8559300873907616,0.8739028671737858,0.1085797707287449,0.0485599464166108,0.0093770931011386,
billboard_2022_03,billboard,2022,03,success,89.88444444444444,0.7853040789279929,0.8501679152673728,0.1765306086328975,0.0702127659574468,0.0045592705167173,
billboard_2011_01,billboard,2011,01,success,84.6831746031746,0.8619494290375204,0.8777077049629832,0.3233360583906408,0.070625,0.004375,
suno_v4_5_1967_02,suno_v4_5,1967,02,skipped,18.06512471655329,0.6167771133020851,,,,,too_short
billboard_2006_03,billboard,2006,03,success,40.58848072562358,0.7502631327145728,0.8043478260869565,0.0779752376229482,0.1153024911032028,0.0085409252669039,
suno_v4_5_1966_03,suno_v4_5,1966,03,success,55.49569160997733,0.8142642642642642,0.8472803347280334,0.4260623290432814,0.0686758893280632,0.0133399209486166,
suno_v4_5_1967_03,suno_v4_5,1967,03,success,36.82684807256236,0.8157666261503733,0.9060529634300126,0.3721358982975087,0.0424791086350974,0.0020891364902506,
billboard_2007_05,billboard,2007,05,success,41.4940589569161,0.7095473334005444,0.7700055959709009,0.092037570812181,0.1076363636363636,0.0036363636363636,
billboard_2012_02,billboard,2012,02,success,32.92589569160998,0.7468686627698915,0.7947813822284908,0.092037570812181,0.1092362344582593,0.0026642984014209,
suno_v4_5_1952_01,suno_v4_5,1952,01,skipped,17.2756462585034,0.7032608695652174,,,,,too_short
billboard_2006_02,billboard,2006,02,success,163.72390022675737,0.7887806444706135,0.8232874769536236,0.066081512709207,0.0844245348035837,0.0075809786354238,
billboard_2003_03,billboard,2003,03,success,73.04997732426304,0.7544689800210305,0.8518753973299428,0.047686993082531,0.0586039567002612,0.003732736095558,
billboard_2007_01,billboard,2007,01,success,148.5380498866213,0.7813795008748503,0.8691574175394716,0.3233360583906408,0.1181867242309768,0.0034178809138334,
suno_v4_5_1955_02,suno_v4_5,1955,02,skipped,28.11936507936508,0.5248199338135098,,,,,too_short
suno_v4_5_1966_01,suno_v4_5,1966,01,success,40.84390022675737,0.8135158254918734,0.8874360432063673,0.8911444948731203,0.0294871794871794,0.0006410256410256,
suno_v4_5_1964_05,suno_v4_5,1964,05,success,38.45224489795918,0.6942414860681114,0.8641304347826086,0.2407543944755743,0.0391608391608391,0.0048951048951048,
suno_v4_5_1965_05,suno_v4_5,1965,05,success,55.12417233560091,0.8128612716763006,0.8782645324347094,0.1765306086328976,0.0767754318618042,0.0033589251439539,
suno_v4_5_1965_04,suno_v4_5,1965,04,skipped,13.421133786848072,0.545552754771336,,,,,too_short
billboard_2005_03,billboard,2005,03,success,78.73886621315192,0.7435248975320485,0.8454733117074609,0.1085797707287449,0.1043265875785066,0.0055826936496859,
suno_v4_5_1963_04,suno_v4_5,1963,04,success,36.96616780045352,0.781698332687088,0.8731155778894473,0.6159498854580681,0.060475161987041,0.0028797696184305,
billboard_2012_05,billboard,2012,05,success,66.03755102040816,0.7612994350282486,0.7464838255977496,0.2407543944755742,0.0678605089538171,0.0169651272384542,
billboard_2008_02,billboard,2008,02,success,42.91047619047619,0.8121148089452368,0.8365800865800865,0.2407543944755742,0.1035598705501618,0.0058252427184466,
suno_v4_5_1959_03,suno_v4_5,1959,03,success,44.00181405895692,0.6750531537916371,0.8258575197889182,0.4849868077159113,0.0786445012787723,0.0025575447570332,
billboard_2016_05,billboard,2016,05,success,38.754104308390026,0.7320894753118236,0.8448172558418214,0.0779752376229482,0.1029098651525904,0.0028388928317956,
suno_v4_5_1972_05,suno_v4_5,1972,05,success,56.14585034013606,0.7142053973013494,0.8110008271298594,0.4849868077159112,0.0785714285714285,0.0051020408163265,
suno_v4_5_1953_02,suno_v4_5,1953,02,success,48.645804988662135,0.8593363051015354,0.8610978520286396,0.1765306086328976,0.0476982806433721,0.0049916805324459,
billboard_2023_04,billboard,2023,04,success,40.867120181405895,0.7689380837080595,0.9051136363636364,0.4260623290432814,0.0433417085427135,0.0006281407035175,
billboard_2004_05,billboard,2004,05,skipped,21.803537414965987,0.6313050440352281,,,,,too_short
suno_v4_5_1970_03,suno_v4_5,1970,03,skipped,17.554285714285715,0.3202462380300958,,,,,too_short
billboard_2000_04,billboard,2000,04,success,49.66748299319728,0.8154503277119081,0.8405797101449275,0.1504646013433388,0.0601001669449081,0.0055648302726766,
billboard_2012_01,billboard,2012,01,success,40.61170068027211,0.7230578827113481,0.8765008576329331,0.4260623290432815,0.0463446475195822,0.0,
suno_v4_5_1971_03a,suno_v4_5,1971,03a,success,41.9352380952381,0.811568540652206,0.8599114064230343,0.5485250542599845,0.0625,0.0115979381443298,
billboard_2017_02,billboard,2017,02,success,87.63210884353742,0.8023326572008114,0.8479067302596714,0.092037570812181,0.074398249452954,0.0025007814942169,
billboard_2015_04,billboard,2015,04,success,87.23736961451247,0.6706586826347305,0.8046313548043652,0.092037570812181,0.099933818663137,0.0029781601588352,
billboard_2002_01,billboard,2002,01,success,34.17977324263039,0.692594510616261,0.7873641304347826,0.0560713954458926,0.1027633851468048,0.0120898100172711,
suno_v4_5_1960_03,suno_v4_5,1960,03,success,54.63655328798186,0.9000358294518094,0.9655758606034848,0.6860828109301793,0.0303830911492734,0.0017613386173491,
suno_v4_5_1961_01,suno_v4_5,1961,01,success,33.85469387755102,0.6244147157190636,0.7503429355281207,0.2407543944755742,0.1033851784080512,0.0027447392497712,
suno_v4_5_1967_04,suno_v4_5,1967,04,success,56.40126984126984,0.8902364138778016,0.8941951420337587,0.2407543944755743,0.0400736987563334,0.0119760479041916,
suno_v4_5_1956_04,suno_v4_5,1956,04,success,60.85950113378685,0.8616077713642123,0.9263639832125145,0.3721358982975087,0.0313143798928718,0.0028842192006592,
billboard_2018_05,billboard,2018,05,success,66.03755102040816,0.6875599923209829,0.8248945147679325,0.1085797707287449,0.0379530916844349,0.0025586353944562,
suno_v4_5_1962_03,suno_v4_5,1962,03,skipped,18.01868480725624,0.6779984721161192,,,,,too_short
billboard_2024_01,billboard,2024,01,success,30.76643990929705,0.7610118717408189,0.900377358490566,0.2796051653363589,0.0486577181208053,0.0,
suno_v4_5_1973_01,suno_v4_5,1973,01,success,33.90113378684807,0.840031274433151,0.813013698630137,0.6159498854580681,0.0522765598650927,0.0084317032040472,
suno_v4_5_1956_03,suno_v4_5,1956,03,success,45.67365079365079,0.8592252133946159,0.931367564819522,0.8911444948731203,0.0409612233752048,0.0005461496450027,
suno_v4_5_1953_05,suno_v4_5,1953,05,success,40.19374149659864,0.7846850065499583,0.9052570768342,0.6860828109301794,0.0319284802043422,0.003831417624521,
billboard_2011_05,billboard,2011,05,success,83.40607709750567,0.770357454228422,0.8368596881959911,0.047686993082531,0.0715474209650582,0.0036605657237936,
billboard_2022_01,billboard,2022,01,success,47.57768707482993,0.7430603576015016,0.8687164470473402,0.4260623290432814,0.0657672849915683,0.0033726812816188,
suno_v4_5_1972_03,suno_v4_5,1972,03,skipped,28.096145124716557,0.6796994396332144,,,,,too_short
suno_v4_5_1952_03,suno_v4_5,1952,03,success,65.38739229024944,0.8619803308001788,0.9005681818181818,0.4260623290432815,0.0366863905325443,0.0023668639053254,
billboard_2022_05,billboard,2022,05,success,59.32698412698413,0.6724929206132214,0.8223091976516634,0.1504646013433387,0.0942857142857142,0.0071428571428571,
suno_v4_5_1970_01,suno_v4_5,1970,01,success,101.44798185941043,0.8743321718931475,0.8956282902265965,0.8911444948731202,0.0357873210633946,0.0020449897750511,
billboard_2008_04,billboard,2008,04,skipped,21.966077097505668,0.607582282374654,,,,,too_short
suno_v4_5_1968_05,suno_v4_5,1968,05,success,44.02503401360544,0.6834423754403623,0.7025316455696202,0.1765306086328976,0.0811419984973704,0.0097670924117205,
suno_v4_5_1968_02,suno_v4_5,1968,02,skipped,5.712108843537415,0.3765196878969334,,,,,too_short
suno_v4_5_1971_04,suno_v4_5,1971,04,skipped,27.631746031746037,0.6451478550603915,,,,,too_short
suno_v4_5_1960_02,suno_v4_5,1960,02,success,37.384126984126986,0.8132210788899282,0.9397515527950312,0.5485250542599844,0.0396825396825396,0.0006613756613756,
suno_v4_5_1974_05,suno_v4_5,1974,05,skipped,25.309750566893424,0.5436470953712333,,,,,too_short
suno_v4_5_1968_01,suno_v4_5,1968,01,success,71.07628117913832,0.8721590909090909,0.8941522378307742,0.6159498854580682,0.0573830409356725,0.0036549707602339,
suno_v4_5_1969_05,suno_v4_5,1969,05,success,70.49578231292517,0.7559801180490836,0.878129117259552,0.4849868077159113,0.0701688555347092,0.0086303939962476,
suno_v4_5_1956_01,suno_v4_5,1956,01,skipped,20.17814058956916,0.6543115526684499,,,,,too_short
suno_v4_5_1973_05,suno_v4_5,1973,05,skipped,18.390204081632653,0.7960844139333841,,,,,too_short
suno_v4_5_1966_05,suno_v4_5,1966,05,skipped,18.715283446712014,0.6115362649914334,,,,,too_short
billboard_2013_02,billboard,2013,02,success,58.11954648526077,0.6839227746454809,0.8178186176588095,0.2407543944755743,0.0772238514173998,0.0112414467253176,
suno_v4_5_1954_03,suno_v4_5,1954,03,success,45.7665306122449,0.7642464917632703,0.8467782851344495,0.8266685594724996,0.0347721822541966,0.0023980815347721,
suno_v4_5_1953_04,suno_v4_5,1953,04,success,58.88580498866213,0.817621547591874,0.862776025236593,0.3233360583906408,0.0452674897119341,0.0018289894833104,
suno_v4_5_1974_04,suno_v4_5,1974,04,skipped,19.52798185941043,0.5344587269629859,,,,,too_short
suno_v4_5_1971_01,suno_v4_5,1971,01,success,42.6550566893424,0.5947043534762833,0.8862275449101796,0.2065067991177523,0.0633066994468346,0.002458512599877,
suno_v4_5_1964_03,suno_v4_5,1964,03,success,41.56371882086168,0.6020784445189407,0.7988826815642458,0.2796051653363589,0.0867739678096571,0.0020993701889433,
suno_v4_5_1954_05,suno_v4_5,1954,05,success,57.330068027210885,0.7240391501551683,0.7687322802754152,0.3721358982975086,0.0901423299947285,0.0042171850289931,
suno_v4_5_1956_05,suno_v4_5,1956,05,success,180.60480725623583,0.9204896747866947,0.9514013885317564,0.8266685594724995,0.0277064468171374,0.0006757669955399,
suno_v4_5_1953_01,suno_v4_5,1953,01,success,59.7449433106576,0.789134006101854,0.927710843373494,0.9459302094659092,0.0234702430846605,0.0037720033528918,
suno_v4_5_1971_02b,suno_v4_5,1971,02b,success,38.61478458049887,0.8393143420890369,0.8592904389657245,0.7571601330199094,0.0273109243697479,0.0007002801120448,
suno_v4_5_1965_01,suno_v4_5,1965,01,skipped,16.973786848072564,0.5377207062600321,,,,,too_short
suno_v4_5_1971_05,suno_v4_5,1971,05,success,39.17206349206349,0.816999535531816,0.9140486069946652,0.615949885458068,0.054510058403634,0.0025957170668397,
billboard_2010_05,billboard,2010,05,success,66.50195011337868,0.7817492999505847,0.8990921787709497,0.2065067991177522,0.0718725718725718,0.0019425019425019,
suno_v4_5_1969_03,suno_v4_5,1969,03,success,41.28507936507937,0.6958315549864845,0.7350956130483689,0.2407543944755742,0.0911179173047473,0.0084226646248085,
billboard_2015_01,billboard,2015,01,success,33.18131519274377,0.5398420058389146,0.7382785164450665,0.092037570812181,0.1091081593927893,0.0218216318785578,
suno_v4_5_1968_03,suno_v4_5,1968,03,success,41.145759637188206,0.6337135614702155,0.781038374717833,0.6860828109301792,0.0614605929139551,0.0108459869848156,
suno_v4_5_1973_03,suno_v4_5,1973,03,skipped,19.52798185941043,0.799289970838088,,,,,too_short
suno_v4_5_1964_04,suno_v4_5,1964,04,success,31.37015873015873,0.5089078233927188,0.7949666913397483,0.2407543944755742,0.0950605778191985,0.0046598322460391,
suno_v4_5_1952_02,suno_v4_5,1952,02,success,105.53469387755102,0.8839267953053511,0.9071507150715072,0.6860828109301793,0.0456089277049975,0.0007278020378457,
suno_v4_5_1952_05,suno_v4_5,1952,05,success,90.9990022675737,0.911504424778761,0.9288083694820108,0.8266685594724995,0.0208848584776037,0.0010992030777686,
billboard_2006_04,billboard,2006,04,skipped,22.03573696145125,0.7269186230129487,,,,,too_short
suno_v4_5_1973_04,suno_v4_5,1973,04,success,76.02213151927438,0.7853122136405288,0.9098961514966402,0.6159498854580682,0.0668233713901947,0.0,
suno_v4_5_1971_03b,suno_v4_5,1971,03b,success,43.25877551020408,0.7986584561249175,0.8497047772410091,0.825767769039836,0.0436156763590391,0.0050568900126422,
suno_v4_5_1960_04,suno_v4_5,1960,04,success,39.288163265306125,0.6372830394970617,0.8540189125295509,0.4849868077159113,0.0706371191135734,0.0041551246537396,
suno_v4_5_1970_04,suno_v4_5,1970,04,success,41.21541950113379,0.7192502106149958,0.6946478873239437,0.8266685594724996,0.0478896103896103,0.0016233766233766,
suno_v4_5_1976_05,suno_v4_5,1976,05,skipped,20.085260770975054,0.4519950124688279,,,,,too_short
suno_v4_5_1972_04,suno_v4_5,1972,04,success,80.38748299319728,0.8549841579332196,0.9067013287117274,0.8911444948731203,0.0356915232632249,0.0019120458891013,
suno_v4_5_1965_02,suno_v4_5,1965,02,success,53.28979591836735,0.7730077810571505,0.779520697167756,0.3721358982975087,0.0833333333333333,0.0039149888143176,
suno_v4_5_1960_05,suno_v4_5,1960,05,success,41.40117913832199,0.733829421866056,0.7027481772293886,0.4849868077159113,0.0463258785942492,0.0,
suno_v4_5_1967_01,suno_v4_5,1967,01,success,156.82757369614512,0.8885245901639345,0.938554930411608,0.8266685594724995,0.0383401704007573,0.0012622278321236,
suno_v4_5_1964_01,suno_v4_5,1964,01,success,56.099410430839,0.8123120746953632,0.8791390728476821,0.1504646013433388,0.0555817239755063,0.0080075365049458,
suno_v4_5_1974_02,suno_v4_5,1974,02,success,48.90122448979592,0.7539073210858239,0.8200379867046533,0.4260623290432814,0.0527230590961761,0.0046349942062572,
suno_v4_5_1973_02,suno_v4_5,1973,02,skipped,22.407256235827663,0.4872419724770642,,,,,too_short
suno_v4_5_1965_03,suno_v4_5,1965,03,skipped,17.159546485260773,0.5877365446055542,,,,,too_short
suno_v4_5_1961_02,suno_v4_5,1961,02,success,40.17052154195012,0.6979672131147541,0.6265895953757226,0.7571601330199094,0.0729455216989843,0.0,
suno_v4_5_1959_04,suno_v4_5,1959,04,success,91.83492063492064,0.906429942418426,0.9509481668773704,0.5485250542599844,0.0452127659574468,0.001063829787234,
suno_v4_5_1975_01,suno_v4_5,1975,01,success,36.29278911564626,0.6720743205768164,0.8246960972488804,0.2065067991177522,0.0551242236024844,0.0108695652173913,
suno_v4_5_1967_05,suno_v4_5,1967,05,success,34.76027210884354,0.7820325796255775,0.8323313293253173,0.4260623290432814,0.0650602409638554,0.0064257028112449,
suno_v4_5_1975_04,suno_v4_5,1975,04,success,46.69532879818594,0.6480799579168859,0.7662854301342615,0.3233360583906408,0.0623376623376623,0.0032467532467532,
suno_v4_5_1966_04,suno_v4_5,1966,04,success,32.64725623582766,0.5571847507331378,0.7112375533428165,0.066081512709207,0.0960960960960961,0.009009009009009,
suno_v4_5_1964_02,suno_v4_5,1964,02,skipped,17.647165532879818,0.4578493196150016,,,,,too_short
suno_v4_5_1954_01,suno_v4_5,1954,01,success,161.12326530612245,0.9367601928978518,0.9469664216745928,0.7571601330199094,0.0333333333333333,0.0004566210045662,
suno_v4_5_1972_01,suno_v4_5,1972,01,success,101.26222222222222,0.8548544214741856,0.9101123595505618,0.9459302094659092,0.0272177419354838,0.0032762096774193,
billboard_2010_03,billboard,2010,03,success,109.505306122449,0.816123865456487,0.8702290076335878,0.6159498854580681,0.0658055081647575,0.0014623446258835,
suno_v4_5_1960_01,suno_v4_5,1960,01,skipped,14.698231292517008,0.4813448134481344,,,,,too_short
suno_v4_5_1974_01,suno_v4_5,1974,01,success,143.10458049886623,0.7719586660403945,0.9381794580561414,0.8911444948731202,0.0281958138730323,0.0006919218128351,
suno_v4_5_1971_02a,suno_v4_5,1971,02a,success,70.05460317460317,0.7298241387617441,0.8813390785548558,0.5485250542599844,0.0590669676448457,0.0030097817908201,
suno_v4_5_1970_05,suno_v4_5,1970,05,skipped,20.54965986394558,0.6268171711989055,,,,,too_short
suno_v4_5_1975_05,suno_v4_5,1975,05,success,162.53968253968253,0.8883875248838753,0.929,0.8266685594724995,0.0301445709012611,0.0023069824669332,
suno_v4_5_1976_02,suno_v4_5,1976,02,success,146.12317460317462,0.7388807265927608,0.8509454949944383,0.4260623290432814,0.0569667538289129,0.0035487485991781,
suno_v4_5_1962_02,suno_v4_5,1962,02,success,47.78666666666667,0.8382279116465864,0.95821185617104,0.6860828109301792,0.045662100456621,0.0025367833587011,
suno_v4_5_1972_02,suno_v4_5,1972,02,success,41.02965986394558,0.8850866075200676,0.9066213921901528,0.7571601330199094,0.0412242348532167,0.0012492192379762,
suno_v4_5_1975_03,suno_v4_5,1975,03,success,38.42902494331066,0.8167315663861324,0.8435045317220544,0.3721358982975086,0.0666666666666666,0.0114695340501792,
billboard_2015_02,billboard,2015,02,success,49.80680272108844,0.7188478396994364,0.8009324009324009,0.3233360583906408,0.0553290623179965,0.0069889341875364,
suno_v4_5_1978_02,suno_v4_5,1978,02,success,38.89342403628118,0.7029584021624868,0.8794029850746269,0.5485250542599845,0.0597826086956521,0.0040760869565217,
suno_v4_5_1963_03,suno_v4_5,1963,03,success,44.55909297052154,0.8535754824063564,0.9260031266284524,0.8266685594724995,0.0349099099099099,0.0,
suno_v4_5_1969_01,suno_v4_5,1969,01,success,118.72362811791383,0.8674052894924946,0.8883238803051047,0.7571601330199093,0.0537326580048447,0.000880863245981,
billboard_2014_05,billboard,2014,05,success,57.95700680272109,0.7617719442165709,0.8822115384615384,0.0560713954458926,0.0763289413902771,0.0036347114947751,
billboard_2015_05,billboard,2015,05,success,36.43210884353741,0.6028969874412512,0.781389420012747,0.1504646013433388,0.0881632653061224,0.0057142857142857,
suno_v4_5_1962_04,suno_v4_5,1962,04,success,65.41061224489796,0.8166279228770682,0.914093006744764,0.6860828109301792,0.0388500388500388,0.0003885003885003,
suno_v4_5_1975_02,suno_v4_5,1975,02,skipped,27.05124716553288,0.6843690728550709,,,,,too_short
suno_v4_5_1978_04,suno_v4_5,1978,04,success,44.74485260770975,0.6950271380372598,0.779449922158796,0.2407543944755742,0.0879413724183877,0.0126582278481012,
suno_v4_5_1976_04,suno_v4_5,1976,04,success,37.40734693877551,0.6712823600240819,0.8795779019242707,0.6159498854580678,0.0564971751412429,0.0035310734463276,
suno_v4_5_1963_02,suno_v4_5,1963,02,success,177.40045351473924,0.926444387884958,0.9397905759162304,0.8266685594724994,0.0254910154617634,0.000975066165204,
suno_v4_5_1976_01,suno_v4_5,1976,01,skipped,30.209160997732425,0.6045930509281294,,,,,low_region_voiced_coverage
suno_v4_5_1977_03,suno_v4_5,1977,03,success,36.57142857142857,0.5684726381704329,0.7904761904761904,0.3721358982975087,0.0586816720257234,0.0088424437299035,
suno_v4_5_1966_02,suno_v4_5,1966,02,success,43.119455782312926,0.6903525553429899,0.7560581583198708,0.1765306086328975,0.0677120456165359,0.0163934426229508,
suno_v4_5_1977_05,suno_v4_5,1977,05,skipped,28.699863945578237,0.7014435695538058,,,,,too_short
suno_v4_5_1977_01,suno_v4_5,1977,01,skipped,27.16734693877551,0.6423778693349029,,,,,too_short
suno_v4_5_1977_02,suno_v4_5,1977,02,success,165.92979591836735,0.9208480565371024,0.9499020431010357,0.5485250542599845,0.0565787534993369,0.003388831589804,
suno_v4_5_1957_02,suno_v4_5,1957,02,success,99.03310657596371,0.9136624988591768,0.9383352872215708,0.6860828109301792,0.0379905023744064,0.0007498125468632,
suno_v4_5_1976_03,suno_v4_5,1976,03,success,49.83002267573696,0.8113044418026586,0.902143522833178,0.615949885458068,0.0382428940568475,0.0036175710594315,
suno_v4_5_1961_04,suno_v4_5,1961,04,success,75.11655328798186,0.8912634807559118,0.9295208655332304,0.5485250542599845,0.0276114437791084,0.0016633399866932,
suno_v4_5_1978_05,suno_v4_5,1978,05,success,63.738775510204086,0.8055213885472188,0.8819672131147541,0.6159498854580681,0.0491735537190082,0.006198347107438,
suno_v4_5_1963_05,suno_v4_5,1963,05,success,108.50684807256236,0.8540715829930339,0.9426492617162422,0.4849868077159113,0.0381471389645776,0.001589464123524,
suno_v4_5_1978_03,suno_v4_5,1978,03,success,31.880997732426305,0.7890036994514606,0.8834668608885652,0.8266685594724996,0.0396039603960396,0.0,
billboard_2013_01,billboard,2013,01,skipped,28.37478458049887,0.5779331003494758,,,,,too_short
suno_v4_5_1970_02,suno_v4_5,1970,02,skipped,27.329886621315197,0.7654262275591487,,,,,too_short
suno_v4_5_1977_04,suno_v4_5,1977,04,success,97.8488888888889,0.9141838260669504,0.9715234931181777,0.8266685594724995,0.0183239677498167,0.0002443195699975,
billboard_2009_01,billboard,2009,01,success,82.84879818594105,0.7966571243882168,0.8197869955156951,0.066081512709207,0.1415868673050615,0.0044459644322845,
suno_v4_5_1969_04,suno_v4_5,1969,04,success,44.58231292517007,0.6168755653185166,0.8765625,0.1504646013433388,0.0980975029726516,0.0041617122473246,
suno_v4_5_1979_01,suno_v4_5,1979,01,success,34.969251700680275,0.7709820827158831,0.850597609561753,0.2407543944755742,0.05390625,0.0109375,
billboard_2010_04,billboard,2010,04,success,56.28517006802721,0.6394044665012407,0.7825907590759076,0.3233360583906408,0.1102320675105485,0.0126582278481012,
suno_v4_5_1983_01,suno_v4_5,1983,01,success,30.162721088435376,0.5682240509689408,0.8198614318706697,0.6159498854580681,0.0394736842105263,0.0,
suno_v4_5_1980_04,suno_v4_5,1980,04,success,48.27428571428572,0.8115807400526397,0.8908128908128908,0.8266685594724997,0.0340356564019448,0.0027012425715829,
suno_v4_5_1990_04,suno_v4_5,1990,04,success,46.741768707483,0.7389433832386852,0.8385494287133631,0.2065067991177522,0.0835803200948429,0.0071132187314759,
suno_v4_5_1992_02,suno_v4_5,1992,02,success,36.501768707483,0.4806158412168428,0.5750636132315522,0.047686993082531,0.1406423034330011,0.0022148394241417,
suno_v4_5_1961_03,suno_v4_5,1961,03,success,68.15056689342404,0.7871460674157303,0.8671209540034072,0.8911444948731203,0.0369496855345911,0.0015723270440251,
suno_v4_5_1968_04,suno_v4_5,1968,04,success,50.5730612244898,0.8094939093306542,0.8668503213957759,0.6159498854580681,0.0561738208797032,0.0042395336512983,
suno_v4_5_1985_03,suno_v4_5,1985,03,skipped,23.98621315192744,0.6076792292434118,,,,,too_short
suno_v4_5_1978_01,suno_v4_5,1978,01,success,46.834648526077096,0.5668380462724936,0.8468021814576103,0.4260623290432815,0.057410661980082,0.0023432923257176,
suno_v4_5_1983_04,suno_v4_5,1983,04,skipped,14.90721088435374,0.4890261532395847,,,,,too_short
suno_v4_5_1962_05,suno_v4_5,1962,05,skipped,11.470657596371884,0.4352019864387355,,,,,too_short
suno_v4_5_1984_05,suno_v4_5,1984,05,success,69.79918367346939,0.8482384823848238,0.9151696606786428,0.7571601330199094,0.0338181818181818,0.001090909090909,
suno_v4_5_1991_02,suno_v4_5,1991,02,success,52.40743764172336,0.7839553972433019,0.8338502436863092,0.5485250542599845,0.063264221158958,0.0021265284423179,
suno_v4_5_1992_01,suno_v4_5,1992,01,success,71.91219954648527,0.8650816384989974,0.9237972231191476,0.7571601330199093,0.0433566433566433,0.0013986013986013,
suno_v4_5_1983_03,suno_v4_5,1983,03,success,59.48952380952381,0.6621026894865526,0.760343481654957,0.3233360583906408,0.0559835644581407,0.0056497175141242,
suno_v4_5_1984_02,suno_v4_5,1984,02,success,42.98013605442177,0.5974683544303797,0.7849810913019989,0.2796051653363588,0.0702479338842975,0.0082644628099173,
suno_v4_5_1974_03,suno_v4_5,1974,03,skipped,22.22149659863945,0.1599095587088726,,,,,too_short
suno_v4_5_1995_01,suno_v4_5,1995,01,skipped,19.24934240362812,0.52636899747262,,,,,too_short
suno_v4_5_1992_03,suno_v4_5,1992,03,success,51.47863945578232,0.7840175953079179,0.8123590437528191,0.1279370863012904,0.0772222222222222,0.0016666666666666,
suno_v4_5_1983_05,suno_v4_5,1983,05,skipped,14.396371882086168,0.5216270730614074,,,,,too_short
suno_v4_5_1990_05,suno_v4_5,1990,05,success,33.8314739229025,0.7220186072737524,0.7433081674673988,0.2796051653363589,0.0822550831792976,0.0046210720887245,
suno_v4_5_1984_01,suno_v4_5,1984,01,success,67.0592290249433,0.6456541421457673,0.8729224376731302,0.3233360583906408,0.0365079365079365,0.0047619047619047,
suno_v4_5_1991_01,suno_v4_5,1991,01,success,69.26512471655329,0.7789221218961625,0.906805229634596,0.6159498854580682,0.0465976331360946,0.0007396449704142,
suno_v4_5_1985_02,suno_v4_5,1985,02,success,32.879455782312924,0.4733009708737864,0.7761299435028248,0.3721358982975086,0.0792349726775956,0.0,
suno_v4_5_1991_03,suno_v4_5,1991,03,success,82.87201814058957,0.8847209515096066,0.844494256094144,0.7571601330199094,0.048456687686691,0.0009956853634251,
suno_v4_5_1993_01,suno_v4_5,1993,01,success,96.618231292517,0.8751593981127264,0.867579908675799,0.4849868077159113,0.0318647824882238,0.0066500415627597,
suno_v4_5_1983_02,suno_v4_5,1983,02,success,63.5762358276644,0.6673230499945302,0.656318480642805,0.3721358982975086,0.0863028953229398,0.0038975501113585,
suno_v4_5_1980_05,suno_v4_5,1980,05,skipped,26.58684807256236,0.7393410852713178,,,,,too_short
suno_v4_5_1997_05,suno_v4_5,1997,05,skipped,9.427301587301589,0.3810533181151149,,,,,too_short
suno_v4_5_1993_02,suno_v4_5,1993,02,success,33.8314739229025,0.7246175243393602,0.4790665751544269,0.3233360583906408,0.0817790530846484,0.0086083213773314,
suno_v4_5_1995_03,suno_v4_5,1995,03,success,54.00961451247166,0.8363028953229399,0.8611349957007739,0.6159498854580681,0.0529470529470529,0.0014985014985014,
suno_v4_5_1979_03,suno_v4_5,1979,03,skipped,25.332970521541952,0.5502848814098317,,,,,too_short
suno_v4_5_1979_04,suno_v4_5,1979,04,success,35.48009070294785,0.5410086602139582,0.8285340314136126,0.2407543944755743,0.0466403162055336,0.0031620553359683,
suno_v4_5_1980_01,suno_v4_5,1980,01,success,32.76335600907029,0.7045454545454546,0.8979447200566973,0.3721358982940181,0.0434439178515007,0.0039494470774091,
suno_v4_5_1982_01,suno_v4_5,1982,01,success,39.47392290249433,0.5477767265846736,0.74,0.3233360583906408,0.0628480509148766,0.0039777247414478,
suno_v4_5_1999_02,suno_v4_5,1999,02,success,40.867120181405895,0.7978832867852418,0.8119318181818181,0.0779752376229481,0.0840336134453781,0.003501400560224,
suno_v4_5_1980_02,suno_v4_5,1980,02,success,43.90893424036281,0.6028060591010678,0.71602326811211,0.2065067991177522,0.0739098300073909,0.007390983000739,
suno_v4_5_1991_04,suno_v4_5,1991,04,success,33.41351473922902,0.816999535531816,0.8651841556636554,0.5485250542599845,0.0393890675241157,0.0040192926045016,
suno_v4_5_1996_01,suno_v4_5,1996,01,success,62.94929705215419,0.7051132686084143,0.8085577277757285,0.3233360583906409,0.0693747147421268,0.004107713372889,
suno_v4_5_1984_03,suno_v4_5,1984,03,success,66.40907029478458,0.727403156384505,0.858041958041958,0.6159498854580681,0.0521810028536485,0.0008153281695882,
suno_v4_5_1995_05,suno_v4_5,1995,05,skipped,28.93206349206349,0.6532576505429417,,,,,too_short
suno_v4_5_1979_02,suno_v4_5,1979,02,skipped,23.56825396825397,0.5164717116256863,,,,,too_short
suno_v4_5_1981_02,suno_v4_5,1981,02,success,79.1568253968254,0.8149986934935981,0.931064828395424,0.6860828109301793,0.0390797352663094,0.0015757957768673,
suno_v4_5_1999_04,suno_v4_5,1999,04,success,60.95238095238096,0.8823442791930496,0.8948571428571429,0.8266685594724994,0.0362010221465076,0.0017035775127768,
suno_v4_5_1969_02,suno_v4_5,1969,02,success,38.73088435374149,0.8328504165157552,0.90947242206235,0.7571601330199093,0.0554089709762532,0.0006596306068601,
suno_v4_5_1987_04,suno_v4_5,1987,04,success,58.97868480725624,0.6597462514417531,0.8720472440944882,0.3233360583906409,0.0627822944896115,0.0022583559168925,
suno_v4_5_1980_03,suno_v4_5,1980,03,success,74.53605442176871,0.7499070516792663,0.8881619937694704,0.6860828109301792,0.0442105263157894,0.0024561403508771,
suno_v4_5_1998_05,suno_v4_5,1998,05,success,36.08380952380953,0.7762673103798755,0.8635778635778636,0.4849868077159113,0.0492170022371364,0.0037285607755406,
suno_v4_5_1982_05,suno_v4_5,1982,05,skipped,28.65342403628118,0.594059405940594,,,,,too_short
suno_v4_5_1984_04,suno_v4_5,1984,04,success,52.15201814058957,0.7422793112872369,0.8882457702582368,0.5485250542599845,0.0912738214643931,0.0040120361083249,
suno_v4_5_1994_05,suno_v4_5,1994,05,success,147.8878911564626,0.8115045261831099,0.9130161720835296,0.8911444948731202,0.0362917096663226,0.0039559683522531,
suno_v4_5_1988_03,suno_v4_5,1988,03,success,47.275827664399095,0.8933778857837181,0.9091355599214146,0.7571601330199094,0.0378378378378378,0.0059459459459459,
suno_v4_5_1994_02,suno_v4_5,1994,02,success,44.257233560090704,0.8600715137067938,0.8646379853095488,0.6159498854580681,0.0388585306618093,0.0060716454159077,
suno_v4_5_1982_03,suno_v4_5,1982,03,skipped,25.309750566893424,0.4799627213420316,,,,,too_short
suno_v4_5_1996_02,suno_v4_5,1996,02,success,51.68761904761905,0.8475569165224338,0.8755615453728661,0.8266685594724996,0.0338809034907597,0.0046201232032854,
suno_v4_5_2001_01,suno_v4_5,2001,01,success,59.187664399092974,0.7351524879614767,0.8874068262063555,0.615949885458068,0.0459973463069438,0.0070765148164528,
suno_v4_5_1991_05,suno_v4_5,1991,05,skipped,21.22303854875284,0.8005914659907055,,,,,too_short
suno_v4_5_1995_02,suno_v4_5,1995,02,success,47.22938775510204,0.8200968795764335,0.9070796460176992,0.4849868077159112,0.0536876355748373,0.0027114967462039,
suno_v4_5_1993_03,suno_v4_5,1993,03,success,61.486439909297054,0.7975966410887505,0.879154078549849,0.6860828109301792,0.0421143102707348,0.0017189514396218,
suno_v4_5_1981_03,suno_v4_5,1981,03,success,40.24018140589569,0.8070279928528886,0.896133871898442,0.8266685594724995,0.0425257731958762,0.0012886597938144,
suno_v4_5_1988_02,suno_v4_5,1988,02,skipped,17.554285714285715,0.6529345372460497,,,,,too_short
suno_v4_5_1985_01,suno_v4_5,1985,01,success,45.627210884353744,0.674947097249057,0.8748091603053435,0.5485250542599845,0.0587892898719441,0.0023282887077997,
suno_v4_5_1994_01,suno_v4_5,1994,01,success,32.833015873015874,0.7082480257385201,0.7842998585572843,0.4260623290432814,0.0649819494584837,0.0009025270758122,
suno_v4_5_1989_05,suno_v4_5,1989,05,skipped,22.105396825396827,0.5231191222570533,,,,,too_short
suno_v4_5_1999_03,suno_v4_5,1999,03,success,31.579138321995465,0.839343414760243,0.861764705882353,0.6860828109301793,0.0691716481639624,0.0008539709649871,
suno_v4_5_2005_02,suno_v4_5,2005,02,success,43.32843537414966,0.7105547828774532,0.7877813504823151,0.2407543944755742,0.0864533696392103,0.0027229407760381,
suno_v4_5_2001_02,suno_v4_5,2001,02,success,62.13659863945578,0.7062409754532328,0.8213751868460388,0.8266685594724995,0.0614474283113336,0.0013654984069185,
suno_v4_5_1989_02,suno_v4_5,1989,02,success,52.96471655328799,0.5250774866159481,0.4831214379658045,0.1765306086328975,0.0817438692098092,0.0063578564940962,
suno_v4_5_1985_05,suno_v4_5,1985,05,success,37.77886621315193,0.4571428571428571,0.4665027658266749,0.1765306086328976,0.1029023746701846,0.0092348284960422,
suno_v4_5_1982_04,suno_v4_5,1982,04,success,50.61950113378685,0.7355007740859831,0.8981651376146789,0.7571601330199093,0.0444557996934082,0.00204394481349,
suno_v4_5_1986_04,suno_v4_5,1986,04,success,109.11056689342404,0.8214332162830017,0.881464141306661,0.7571601330199094,0.0439507365370683,0.0045882637044192,
suno_v4_5_1995_04,suno_v4_5,1995,04,success,36.617868480725626,0.7546960210058574,0.7381103360811667,0.6860828109301793,0.0438521066208082,0.0008598452278589,
suno_v4_5_1996_04,suno_v4_5,1996,04,success,75.27909297052155,0.8760480398821663,0.905613818630475,0.8266685594724995,0.0323679727427597,0.0013628620102214,
suno_v4_5_1989_04,suno_v4_5,1989,04,success,72.14439909297052,0.8124912477244084,0.8326359832635983,0.3721358982975087,0.0641918020108275,0.0058004640371229,
suno_v4_5_1982_02,suno_v4_5,1982,02,skipped,10.193560090702949,0.3036499821662109,,,,,too_short
suno_v4_5_1999_01,suno_v4_5,1999,01,success,54.68299319727891,0.7411722315637761,0.8042462845010616,0.4849868077159113,0.0612783940834654,0.0042260961436872,
suno_v4_5_1988_01,suno_v4_5,1988,01,success,52.77895691609977,0.6221580203492023,0.8543774747030356,0.5485250542599845,0.0659453889747552,0.0025759917568263,
suno_v4_5_1981_04,suno_v4_5,1981,04,skipped,29.280362811791385,0.6893180734382451,,,,,too_short
suno_v4_5_1993_05,suno_v4_5,1993,05,success,66.45551020408163,0.8342049196203758,0.9074074074074074,0.6159498854580681,0.0381355932203389,0.0057781201848998,
suno_v4_5_1981_01,suno_v4_5,1981,01,success,44.90739229024943,0.6785793317105554,0.93846949327818,0.5485250542599847,0.0325248070562293,0.0027563395810363,
suno_v4_5_1994_04,suno_v4_5,1994,04,success,32.8562358276644,0.8062226543509966,0.8996466431095407,0.6860828109301794,0.040880503144654,0.0039308176100628,
suno_v4_5_1994_03,suno_v4_5,1994,03,success,41.33151927437642,0.8526565277503456,0.8915730337078651,0.6860828109301793,0.0573770491803278,0.0025220680958385,
suno_v4_5_1979_05,suno_v4_5,1979,05,success,31.393378684807256,0.7843691148775894,0.7396449704142012,0.6860828109301795,0.06006006006006,0.01001001001001,
suno_v4_5_1996_03,suno_v4_5,1996,03,success,78.29768707482994,0.8859413596820964,0.9403914590747332,0.8911444948731202,0.0362776025236593,0.0,
suno_v4_5_2003_01,suno_v4_5,2003,01,success,61.90439909297052,0.8639852188743604,0.8987246811702926,0.3721358982975086,0.0613778705636743,0.0037578288100208,
suno_v4_5_2000_01,suno_v4_5,2000,01,success,39.10240362811791,0.7458484691229891,0.7998812351543944,0.8266685594724995,0.0453194650817236,0.00074294205052,
suno_v4_5_2008_01,suno_v4_5,2008,01,success,110.9449433106576,0.8764373823959858,0.8773545416492257,0.4260623168803886,0.0615604867573371,0.0026246719160104,
suno_v4_5_2006_03,suno_v4_5,2006,03,success,81.8271201814059,0.723879380603097,0.7846197502837684,0.3721358982975086,0.0578871201157742,0.0108538350217076,
suno_v4_5_1986_01,suno_v4_5,1986,01,success,135.41877551020409,0.8532658693652254,0.9218106995884774,0.7571601330199094,0.0327441860465116,0.0005581395348837,
suno_v4_5_1997_01b,suno_v4_5,1997,01b,success,46.37024943310658,0.8303201696798304,0.927891837756635,0.7571600648054788,0.0394168466522678,0.0005399568034557,
suno_v4_5_2000_02,suno_v4_5,2000,02,success,33.90113378684807,0.7385534173855341,0.6773972602739726,0.615949885458068,0.0546558704453441,0.0101214574898785,
suno_v4_5_1987_05,suno_v4_5,1987,05,success,54.12571428571429,0.6651031894934334,0.5937365937365937,0.4260623290432814,0.0462762111352133,0.0093998553868402,
suno_v4_5_1987_01,suno_v4_5,1987,01,success,36.66430839002268,0.5952552986512524,0.7530082330588981,0.8911444948731203,0.0269360269360269,0.0008417508417508,
suno_v4_5_2003_04,suno_v4_5,2003,04,skipped,23.26639455782313,0.6875549416049228,,,,,too_short
suno_v4_5_2002_01,suno_v4_5,2002,01,skipped,14.419591836734694,0.5287817938420348,,,,,too_short
suno_v4_5_2003_02,suno_v4_5,2003,02,success,130.68190476190478,0.7948645598194131,0.894633972992182,0.5485250542599844,0.0528406833531982,0.00119189511323,
suno_v4_5_2006_02,suno_v4_5,2006,02,success,45.00027210884354,0.76010955372966,0.826625386996904,0.2407543944755742,0.0612117426608369,0.0087445346658338,
suno_v4_5_1989_03,suno_v4_5,1989,03,success,67.3146485260771,0.7733849834795489,0.8930665746809244,0.4260623290432814,0.0637557959814528,0.008500772797527,
suno_v4_5_1999_05,suno_v4_5,1999,05,success,41.88879818594104,0.8764740917212627,0.9157427937915744,0.6860828109301793,0.0629921259842519,0.0024227740763173,
suno_v4_5_2000_04,suno_v4_5,2000,04,success,77.43854875283446,0.8491228070175438,0.8860569715142429,0.7571601330199093,0.0460392687880839,0.0023696682464454,
suno_v4_5_2002_05,suno_v4_5,2002,05,success,36.19990929705215,0.7639703008987886,0.8203976908274535,0.4849868077159112,0.0774647887323943,0.0046948356807511,
suno_v4_5_1990_01,suno_v4_5,1990,01,success,58.39818594104309,0.7329350591879633,0.8548707753479126,0.2407543944755742,0.0456026058631921,0.0055839925546765,
suno_v4_5_1987_03,suno_v4_5,1987,03,success,46.32380952380952,0.6897163120567376,0.9012531328320802,0.7571601330199093,0.0367278797996661,0.0,
suno_v4_5_2004_04,suno_v4_5,2004,04,skipped,23.243174603174605,0.6351864883884588,,,,,too_short
suno_v4_5_2002_02,suno_v4_5,2002,02,success,81.3859410430839,0.7864972014925373,0.8673323823109843,0.8266685594724995,0.0417900625205659,0.0029615004935834,
suno_v4_5_2007_05,suno_v4_5,2007,05,success,52.82539682539683,0.6289592760180995,0.8465934065934065,0.1279370863012903,0.0909090909090909,0.002077922077922,
suno_v4_5_2001_04,suno_v4_5,2001,04,skipped,23.962993197278912,0.7841837338700131,,,,,too_short
suno_v4_5_1997_02a,suno_v4_5,1997,02a,success,30.76643990929705,0.7485729112610275,0.8060377358490566,0.8266685594724995,0.0562324273664479,0.0046860356138706,
suno_v4_5_2002_03,suno_v4_5,2002,03,success,59.41986394557824,0.7279521674140508,0.7561547479484173,0.3233360583906408,0.0785935884177869,0.0108583247156153,
suno_v4_5_1988_04,suno_v4_5,1988,04,success,63.92453514739229,0.7042917961109193,0.8452597166727207,0.2796051653363589,0.0743766122098022,0.0077386070507308,
suno_v4_5_1986_03,suno_v4_5,1986,03,skipped,26.40108843537415,0.8540332906530089,,,,,too_short
suno_v4_5_2005_03,suno_v4_5,2005,03,skipped,28.560544217687077,0.8344979771974991,,,,,too_short
suno_v4_5_1996_05,suno_v4_5,1996,05,success,78.5298866213152,0.826515524889108,0.8849793021880544,0.5458172889439871,0.0598262032085561,0.0010026737967914,
suno_v4_5_1997_03,suno_v4_5,1997,03,success,59.37342403628118,0.6375951490130306,0.779037935080172,0.2407543944755743,0.0959316926167754,0.0025113008538422,
suno_v4_5_2012_02,suno_v4_5,2012,02,success,41.07609977324263,0.786693847294292,0.8224985867721877,0.5485250542599844,0.0756533700137551,0.0041265474552957,
suno_v4_5_1986_02,suno_v4_5,1986,02,success,52.54675736961451,0.7941519228731857,0.9155987627043748,0.6860828109301792,0.0405601158860453,0.0024142926122646,
suno_v4_5_1986_05,suno_v4_5,1986,05,success,40.7742403628118,0.6562400255346313,0.8849658314350797,0.2407543944755742,0.09079201545396,0.0006439150032195,
suno_v4_5_2004_05,suno_v4_5,2004,05,success,49.5978231292517,0.58296488946684,0.825374531835206,0.4260623290432814,0.079455164585698,0.0022701475595913,
suno_v4_5_1989_01,suno_v4_5,1989,01,skipped,26.12244897959184,0.7535969185453721,,,,,too_short
suno_v4_5_2008_04,suno_v4_5,2008,04,success,140.27174603174603,0.8560583054965077,0.9029961926833304,0.7571601330199091,0.0465713237990465,0.0011001100110011,
suno_v4_5_1998_03,suno_v4_5,1998,03,success,35.619410430839004,0.7380922458212894,0.515645371577575,0.3721358982975086,0.0683544303797468,0.020253164556962,
suno_v4_5_1990_02,suno_v4_5,1990,02,success,125.94503401360544,0.8291918755401901,0.8696533923303835,0.6860828109301792,0.0351993214588634,0.0014843087362171,
suno_v4_5_2001_05,suno_v4_5,2001,05,success,34.22621315192744,0.4521210230817217,0.7123473541383989,0.066081512709207,0.1477597712106768,0.0009532888465204,
suno_v4_5_1992_04,suno_v4_5,1992,04,success,72.02829931972789,0.8465413028878442,0.8684719535783365,0.8911444948731202,0.0274786483475677,0.0033419977720014,
suno_v4_5_1985_04,suno_v4_5,1985,04,success,45.72009070294785,0.7002077767883645,0.8770949720670391,0.3721358982975087,0.0648899188876013,0.0069524913093858,
suno_v4_5_2013_05,suno_v4_5,2013,05,success,56.099410430839,0.8516445066480056,0.8936258278145696,0.5485250542599847,0.06209453197405,0.000463392029657,
suno_v4_5_2005_04,suno_v4_5,2005,04,success,34.94603174603175,0.6608435238332917,0.7754152823920266,0.3721358982975087,0.0763293310463121,0.0077186963979416,
suno_v4_5_1987_02,suno_v4_5,1987,02,success,67.03600907029478,0.6945792462570987,0.8479390370626948,0.3721358982975087,0.0523089497343686,0.008173273395995,
suno_v4_5_2010_04,suno_v4_5,2010,04,success,38.42902494331066,0.7478528601523254,0.748036253776435,0.3233360583906409,0.0703314470493128,0.0080840743734842,
suno_v4_5_1992_05,suno_v4_5,1992,05,success,35.20145124716554,0.6939853850477796,0.8232189973614775,0.1765306086328976,0.0713712910986367,0.0056134723336006,
suno_v4_5_1990_03,suno_v4_5,1990,03,success,64.27283446712018,0.7336463223787167,0.7738439306358381,0.8911444948731203,0.0350303596450256,0.0046707146193367,
suno_v4_5_2007_03,suno_v4_5,2007,03,success,102.6554195011338,0.8143602764846946,0.8468672246098168,0.8266685594724996,0.0422121293080416,0.000801496126102,
suno_v4_5_2003_03,suno_v4_5,2003,03,success,79.43546485260771,0.7122469299701294,0.847413037123648,0.4260623290432814,0.0679779158040027,0.0055210489993098,
suno_v4_5_1997_02b,suno_v4_5,1997,02b,skipped,23.777233560090703,0.7926129572077456,,,,,too_short
suno_v4_5_2012_05,suno_v4_5,2012,05,success,52.87183673469388,0.6575942437040513,0.8981115502854633,0.6860828109301793,0.0406066536203522,0.0009784735812133,
suno_v4_5_2010_05,suno_v4_5,2010,05,success,46.37024943310658,0.8395769061260467,0.8362543815723585,0.1504646013433388,0.1018573996405032,0.0,
suno_v4_5_2004_03,suno_v4_5,2004,03,success,74.74503401360545,0.8733026719229084,0.9304131717924822,0.8911444948731202,0.0357381429525718,0.001002004008016,
suno_v4_5_1993_04,suno_v4_5,1993,04,success,55.10095238095239,0.867078496112472,0.8845343447113359,0.8266685594724995,0.0319351763584366,0.0004766444232602,
suno_v4_5_2010_01,suno_v4_5,2010,01,success,45.743310657596375,0.7469327221248483,0.8979695431472081,0.6860828109301793,0.046945701357466,0.0039592760180995,
suno_v4_5_1998_01,suno_v4_5,1998,01,success,50.80526077097506,0.8257191201353637,0.8743144424131627,0.6860828109301793,0.0596234309623431,0.0010460251046025,
suno_v4_5_2013_04,suno_v4_5,2013,04,success,31.53269841269841,0.6506798970966556,0.7378497790868925,0.0348974280196252,0.1078921078921078,0.0109890109890109,
suno_v4_5_2012_03,suno_v4_5,2012,03,success,91.74204081632654,0.8669601022291638,0.8926853961022526,0.6159498854580683,0.0536018150879183,0.0093590470788428,
suno_v4_5_2014_04,suno_v4_5,2014,04,success,31.7881179138322,0.7686260496694658,0.7589481373265157,0.2407543944755743,0.105009633911368,0.0028901734104046,
suno_v4_5_2016_01,suno_v4_5,2016,01,success,82.63981859410431,0.7953655352480418,0.7968530486091598,0.6860828109301793,0.0627865961199294,0.0021164021164021,
suno_v4_5_1998_04,suno_v4_5,1998,04,success,157.0829931972789,0.8043777217510887,0.8878048780487805,0.5485250542599847,0.0402997502081598,0.0029975020815986,
suno_v4_5_2007_04,suno_v4_5,2007,04,skipped,24.19519274376417,0.7577866514546492,,,,,too_short
suno_v4_5_2017_02,suno_v4_5,2017,02,success,32.13641723356009,0.8147130153597413,0.8598265895953757,0.6159498854580681,0.0462573591253153,0.0050462573591253,
suno_v4_5_2016_05,suno_v4_5,2016,05,success,76.579410430839,0.7498884094628776,0.7216494845360825,0.6860828109301794,0.0390920554854981,0.0008406893652795,
suno_v4_5_2000_03,suno_v4_5,2000,03,success,54.28825396825397,0.7079610073111292,0.8845166809238666,0.615949885458068,0.0628930817610062,0.0024189646831156,
suno_v4_5_2020_05,suno_v4_5,2020,05,skipped,15.557369614512472,0.2972402882756196,,,,,too_short
suno_v4_5_2001_03,suno_v4_5,2001,03,success,53.91673469387755,0.8545261481284842,0.8682170542635659,0.4849868077159113,0.0397022332506203,0.0034739454094292,
yue_1950_04,yue,1950,04,success,32.15963718820862,0.4225059382422803,0.7162454873646209,0.3233360583906408,0.1009081735620585,0.0,
suno_v4_5_2008_03,suno_v4_5,2008,03,success,54.33469387755102,0.8246826835902086,0.8641025641025641,0.6860828109301793,0.0524492825333993,0.0,
suno_v4_5_2011_03,suno_v4_5,2011,03,success,60.74340136054422,0.6328538054838313,0.9208715596330276,0.7571601330199094,0.0415282392026578,0.0020764119601328,
suno_v4_5_1997_01a,suno_v4_5,1997,01a,success,46.300589569161,0.7523919671958784,0.9107321965897692,0.8911444948731203,0.0314049586776859,0.0,
suno_v4_5_2022_03,suno_v4_5,2022,03,success,49.27274376417234,0.8053498564304066,0.8096135721017907,0.5485250542599844,0.0629004076878276,0.0029120559114735,
suno_v4_5_2004_01,suno_v4_5,2004,01,success,93.62285714285714,0.6894766302826756,0.8077876984126984,0.2407543944755742,0.097051597051597,0.0024570024570024,
suno_v4_5_2021_05,suno_v4_5,2021,05,success,43.83927437641724,0.6892417873267943,0.8554025423728814,0.3721358982975086,0.0557620817843866,0.0024783147459727,
suno_v4_5_2020_02,suno_v4_5,2020,02,skipped,22.68589569160998,0.767356100689434,,,,,too_short
suno_v4_5_2021_04,suno_v4_5,2021,04,success,36.94294784580499,0.6162390488110138,0.8384663733500943,0.4260623290432815,0.0885221305326331,0.0015003750937734,
suno_v4_5_2017_01,suno_v4_5,2017,01,success,30.48780045351474,0.575672251161481,0.8057882711348058,0.7571601330199094,0.0662251655629139,0.010406811731315,
suno_v4_5_2015_01,suno_v4_5,2015,01,skipped,20.805079365079365,0.5022550225502255,,,,,too_short
suno_v4_5_2005_05,suno_v4_5,2005,05,success,64.1102947845805,0.8081614214726698,0.8529518290474466,0.3233360583906408,0.0875106202209006,0.0016992353440951,
yue_1956_03,yue,1956,03,skipped,17.34530612244898,0.7696717040125065,,,,,too_short
suno_v4_5_2016_04,suno_v4_5,2016,04,success,79.9695238095238,0.7625538020086083,0.8173635307781649,0.4849868077159113,0.0607675906183368,0.0010660980810234,
suno_v4_5_2014_05,suno_v4_5,2014,05,success,32.298956916099776,0.7237791342952276,0.8612508986340762,0.1504646013433388,0.0543024227234753,0.0008354218880534,
suno_v4_5_2016_02,suno_v4_5,2016,02,success,82.91845804988662,0.8534834623504575,0.8933071968636236,0.6159498854580681,0.0545625587958607,0.0018814675446848,
suno_v4_5_2014_02,suno_v4_5,2014,02,success,32.229297052154195,0.7824671258609893,0.8357348703170029,0.8266685594724996,0.0371009490940465,0.0034512510785159,
suno_v4_5_2021_03,suno_v4_5,2021,03,success,41.633378684807255,0.6154767250411615,0.77356385945343,0.3233360583906409,0.0707070707070707,0.0021645021645021,
suno_v4_5_1997_04,suno_v4_5,1997,04,success,61.045260770975055,0.8460579619819258,0.9094712818562192,0.7571601330199094,0.0451882845188284,0.003347280334728,
suno_v4_5_2021_02,suno_v4_5,2021,02,success,47.763446712018144,0.6027314112291351,0.6650461837627613,0.8266685594724995,0.0343818580833942,0.0007315288953913,
suno_v4_5_2020_04,suno_v4_5,2020,04,success,36.96616780045352,0.726048130770395,0.7682160804020101,0.8266685594724996,0.0310965630114566,0.0008183306055646,
suno_v4_5_2015_04,suno_v4_5,2015,04,success,79.55156462585035,0.8790090687900907,0.8785755983654407,0.615949885458068,0.0774343635759388,0.001329345297441,
suno_v4_5_1998_02,suno_v4_5,1998,02,skipped,24.89179138321996,0.7884083619068687,,,,,too_short
yue_1952_02,yue,1952,02,success,43.560634920634925,0.9584647739221872,0.9717484008528784,0.6860828109301793,0.0515916575192096,0.0016465422612513,
yue_1957_03,yue,1957,03,success,33.18131519274377,0.8331880267364138,0.9160251924422672,0.615949885458068,0.036697247706422,0.0007645259938837,
suno_v4_5_2002_04,suno_v4_5,2002,04,success,35.944489795918365,0.8018006090295247,0.8708010335917312,0.6860828109301793,0.0527097253155159,0.0007423904974016,
suno_v4_5_2017_03,suno_v4_5,2017,03,success,121.13850340136057,0.8790935289494367,0.9058846080122676,0.6159498854580681,0.0448677248677248,0.0044444444444444,
yue_1958_02a,yue,1958,02a,skipped,23.12707482993197,0.6597175521183591,,,,,too_short
yue_1960_02,yue,1960,02,skipped,19.38866213151928,0.8568443051201672,,,,,too_short
suno_v4_5_2022_05,suno_v4_5,2022,05,success,50.24798185941043,0.7508644821340359,0.839648798521257,0.3721358982975087,0.0682819383259911,0.0044052863436123,
yue_1956_02,yue,1956,02,skipped,16.857687074829933,0.7148997134670487,,,,,too_short
yue_1957_02,yue,1957,02,success,37.19836734693877,0.8357400722021661,0.8433208489388264,0.1085797707287449,0.0562962962962962,0.0022222222222222,
suno_v4_5_2009_04,suno_v4_5,2009,04,success,34.969251700680275,0.4852213053263315,0.8127490039840638,0.2796051653363588,0.0719542109566639,0.0065412919051512,
suno_v4_5_2024_02,suno_v4_5,2024,02,success,68.61496598639457,0.6778462654097172,0.8033840947546531,0.3721358982975087,0.0838600927096502,0.0071639275179098,
yue_1958_04,yue,1958,04,skipped,15.766349206349206,0.5178190679256778,,,,,too_short
yue_1960_03,yue,1960,03,skipped,28.212244897959184,0.821501014198783,,,,,too_short
suno_v4_5_2014_03,suno_v4_5,2014,03,success,49.55138321995465,0.8571747627024009,0.8847235238987816,0.7571601330199094,0.0418653948065712,0.0015898251192368,
suno_v4_5_2016_03,suno_v4_5,2016,03,success,55.49569160997733,0.8491923122273317,0.9037656903765692,0.6860828109301793,0.0389069013432144,0.001389532190829,
yue_1958_01,yue,1958,01,skipped,24.47383219954649,0.8105130626377085,,,,,too_short
yue_1958_02b,yue,1958,02b,skipped,10.54185941043084,0.7260950030845157,,,,,too_short
yue_1952_01,yue,1952,01,success,45.3253514739229,0.2852720035382574,0.3027663934426229,0.1085797707287449,0.047457627118644,0.0135593220338983,
yue_1960_04,yue,1960,04,success,39.450702947845805,0.929350947731189,0.949970570924073,0.2407543944755742,0.0626162430254184,0.0024798512089274,
yue_1950_03,yue,1950,03,skipped,16.602267573696146,0.3427991886409736,,,,,too_short
yue_1956_05,yue,1956,05,skipped,28.026485260770976,0.8651897242517087,,,,,too_short
suno_v4_5_2018_02,suno_v4_5,2018,02,skipped,19.92272108843537,0.685968284478616,,,,,too_short
suno_v4_5_2022_01,suno_v4_5,2022,01,success,60.58086167800454,0.8354107648725212,0.9241088539670372,0.7571601330199093,0.0327800829875518,0.0016597510373443,
suno_v4_5_2020_03,suno_v4_5,2020,03,success,89.11818594104308,0.7723790763843291,0.8387180823345493,0.3721358982975087,0.0490988191423244,0.0034182722187694,
suno_v4_5_2007_02,suno_v4_5,2007,02,success,41.86557823129252,0.7861866274797943,0.8369384359400999,0.4849868077159112,0.0663129973474801,0.0059681697612732,
yue_1960_01,yue,1960,01,skipped,17.368526077097506,0.2528931245745405,,,,,too_short
yue_1950_02,yue,1950,02,skipped,16.532607709750568,0.8039426523297492,,,,,too_short
suno_v4_5_2023_01,suno_v4_5,2023,01,skipped,26.4475283446712,0.6366054801808991,,,,,too_short
suno_v4_5_2006_04,suno_v4_5,2006,04,skipped,28.72308390022676,0.7776286353467562,,,,,too_short
suno_v4_5_2023_04,suno_v4_5,2023,04,skipped,23.1502947845805,0.7382912290661369,,,,,too_short
suno_v4_5_2000_05,suno_v4_5,2000,05,skipped,23.359274376417236,0.6928634948866162,,,,,too_short
suno_v4_5_2015_02,suno_v4_5,2015,02,success,34.22621315192744,0.8030009186485659,0.8704206241519674,0.7571601330199093,0.0538221528861154,0.0046801872074883,
suno_v4_5_2023_03,suno_v4_5,2023,03,success,174.93913832199547,0.93429784974781,0.93429784974781,0.7571601330199094,0.0333901676612674,0.0025575447570332,
suno_v4_5_2020_01,suno_v4_5,2020,01,success,53.3362358276644,0.7828970331588133,0.8794079233783195,0.3721358982975087,0.0856859831599801,0.0,
yue_1960_05,yue,1960,05,skipped,19.8530612244898,0.7693493678692569,,,,,too_short
suno_v4_5_2003_05,suno_v4_5,2003,05,success,50.178321995464856,0.7227938506234112,0.8732068486811662,0.6159498854580678,0.0471898197242841,0.0047720042417815,
yue_1962_03,yue,1962,03,skipped,24.47383219954649,0.5833872010342599,,,,,too_short
yue_1957_05,yue,1957,05,success,32.25251700680272,0.618607516943931,0.7667386609071274,0.4260623290432814,0.0648496240601503,0.0028195488721804,
suno_v4_5_2007_01,suno_v4_5,2007,01,success,70.03138321995465,0.838923337091319,0.8730106100795756,0.5485250542599845,0.0680091185410334,0.0018996960486322,
yue_1963_01,yue,1963,01,success,65.82857142857144,0.9035583638177586,0.9375661375661376,0.2065067991177523,0.0489273616861121,0.0060218291305984,
yue_1950_01,yue,1950,01,success,42.00489795918367,0.7455414012738854,0.9071310116086236,0.4849868077159113,0.0426829268292682,0.0036585365853658,
suno_v4_5_2021_01,suno_v4_5,2021,01,success,35.71229024943311,0.7027315407597098,0.8010403120936281,0.3721358982975086,0.0593013809910641,0.0097481722177091,
yue_1961_03,yue,1961,03,skipped,23.52181405895692,0.7931288343558283,,,,,too_short
suno_v4_5_1981_05,suno_v4_5,1981,05,success,46.37024943310658,0.6291638341264446,0.8447671507260891,0.2796051653363589,0.0521945432977461,0.0088967971530249,
yue_1965_02,yue,1965,02,skipped,27.00480725623583,0.6813040585495675,,,,,too_short
suno_v4_5_2013_01,suno_v4_5,2013,01,skipped,21.780317460317463,0.4470373746581586,,,,,too_short
yue_1965_03,yue,1965,03,success,48.32072562358277,0.5121527777777778,0.8130706391158097,0.2065067991177522,0.0762862211709047,0.0023654642223536,
yue_1968_02,yue,1968,02,skipped,23.1502947845805,0.1094863142107236,,,,,too_short
yue_1953_03,yue,1953,03,skipped,17.04344671201814,0.7768542199488491,,,,,too_short
yue_1951_04,yue,1951,04,success,39.96154195011338,0.7618729096989967,0.9128413712957584,0.6860828109301792,0.062420382165605,0.0,
yue_1952_05,yue,1952,05,success,63.43691609977324,0.9418434528163864,0.9425329428989752,0.615949885458068,0.0404040404040404,0.0015540015540015,
yue_1955_01,yue,1955,01,skipped,38.47546485260771,0.1136761105281567,,,,,low_region_voiced_coverage
suno_v4_5_2015_03,suno_v4_5,2015,03,success,34.27265306122449,0.5845246604717655,0.8130081300813008,0.3721358982975087,0.0875729774812343,0.0050041701417848,
suno_v4_5_2024_03,suno_v4_5,2024,03,success,44.30367346938775,0.846403110823072,0.90041928721174,0.8266685594724996,0.0372743156668608,0.0023296447291788,
suno_v4_5_2012_04,suno_v4_5,2012,04,success,42.120997732426304,0.8036036036036036,0.9007717750826902,0.6860828109301793,0.0545009185548071,0.0042865890998162,
yue_1970_01,yue,1970,01,success,77.78684807256236,0.9242871189773844,0.9232835820895522,0.8911444948731203,0.0223156532988357,0.0022639068564036,
yue_1970_05,yue,1970,05,skipped,9.566621315192744,0.4030595277685401,,,,,too_short
suno_v4_5_2017_04,suno_v4_5,2017,04,skipped,21.269478458049885,0.4849776695087291,,,,,too_short
yue_1954_05,yue,1954,05,skipped,22.75555555555556,0.8010909090909091,,,,,too_short
yue_1956_04,yue,1956,04,success,83.12743764172336,0.9580088987764184,0.962290502793296,0.2065067991177523,0.040650406504065,0.0026132404181184,
yue_1971_02a,yue,1971,02a,skipped,19.13324263038549,0.6971210340775558,,,,,too_short
yue_1957_01,yue,1957,01,success,41.70303854875284,0.8984983314794216,0.8958797327394209,0.3233360583906408,0.1063432835820895,0.003731343283582,
yue_1968_04,yue,1968,04,skipped,19.38866213151928,0.7189542483660131,,,,,too_short
yue_1955_04,yue,1955,04,skipped,15.39482993197279,0.2480992396958783,,,,,too_short
yue_1971_05,yue,1971,05,skipped,20.96761904761905,0.6098550724637681,,,,,too_short
yue_1953_02,yue,1953,02,success,60.116462585034014,0.4581988853036081,0.3244495944380069,0.8266685594724996,0.0262216924910607,0.0,
yue_1972_05,yue,1972,05,success,45.139591836734695,0.7558933002481389,0.9279835390946504,0.2407543944755742,0.0665557404326123,0.0033277870216306,
suno_v4_5_2009_03,suno_v4_5,2009,03,success,30.812879818594105,0.6351906989933361,0.4340617935192162,0.2065067991177522,0.0852173913043478,0.0052173913043478,
suno_v4_5_2005_01,suno_v4_5,2005,01,success,34.15655328798186,0.8097132826214161,0.8653976886471788,0.7571601330199094,0.0345911949685534,0.0047169811320754,
suno_v4_5_2009_05,suno_v4_5,2009,05,success,45.302131519274376,0.7669232811255641,0.8154792414146591,0.8266685594724995,0.050314465408805,0.0062893081761006,
suno_v4_5_2018_05,suno_v4_5,2018,05,success,99.49750566893424,0.8232595252343906,0.8882147024504085,0.5485250542599844,0.0649145860709592,0.0034165571616294,
suno_v4_5_2006_01,suno_v4_5,2006,01,skipped,23.12707482993197,0.7730117340286832,,,,,too_short
suno_v4_5_2006_05,suno_v4_5,2006,05,skipped,29.559002267573696,0.6399303695768612,,,,,too_short
suno_v4_5_2010_03,suno_v4_5,2010,03,success,52.63963718820862,0.8383910678499857,0.8614909572121747,0.3233360583906409,0.0727459016393442,0.0051229508196721,
suno_v4_5_2008_02,suno_v4_5,2008,02,success,34.87637188208617,0.863982449348303,0.9454061251664448,0.7919143462462044,0.0274841437632135,0.0028188865398167,
yue_1958_05,yue,1958,05,skipped,19.365442176870747,0.1688724192694547,,,,,too_short
suno_v4_5_2018_01,suno_v4_5,2018,01,success,79.43546485260771,0.834288521368921,0.87284419760304,0.2065067991177523,0.0720268006700167,0.0006700167504187,
yue_1953_05,yue,1953,05,success,44.58231292517007,0.8177083333333334,0.8869791666666667,0.2065067991177522,0.0381903642773207,0.0052878965922444,
yue_1959_01,yue,1959,01,success,63.76199546485261,0.8293302540415705,0.8889293517844137,0.092037570812181,0.075,0.0004098360655737,
yue_1958_03b,yue,1958,03b,skipped,25.472290249433108,0.636094674556213,,,,,too_short
yue_1959_04,yue,1959,04,skipped,19.736961451247165,0.7396525293817067,,,,,too_short
yue_1956_01,yue,1956,01,success,31.13795918367347,0.9160997732426304,0.9284116331096196,0.2407543944755743,0.062700964630225,0.0024115755627009,
suno_v4_5_2015_05,suno_v4_5,2015,05,skipped,25.42585034013605,0.6888567293777135,,,,,too_short
yue_1959_03,yue,1959,03,success,105.27927437641723,0.9389630277838548,0.9466254962505514,0.6860828109301792,0.0375203915171288,0.0058261477511069,
suno_v4_5_2019_01,suno_v4_5,2019,01,success,45.46467120181406,0.7671232876712328,0.8207354443309499,0.1085797707287449,0.1070983810709838,0.0024906600249066,
yue_1959_05,yue,1959,05,skipped,23.87011337868481,0.6469565217391304,,,,,too_short
suno_v4_5_2009_02,suno_v4_5,2009,02,success,48.25106575963719,0.8632978723404255,0.8378248315688162,0.6860828109301793,0.0413793103448275,0.0011494252873563,
suno_v4_5_2011_02,suno_v4_5,2011,02,success,33.34385487528345,0.5988126649076517,0.6246518105849582,0.6159498854580682,0.0680803571428571,0.0033482142857142,
yue_1963_05,yue,1963,05,success,82.91845804988662,0.9701739850869926,0.9784374124894988,0.615949885458068,0.0146006298310907,0.0002862868594331,
yue_1963_02,yue,1963,02,success,34.481632653061226,0.9486910994764398,0.9474747474747476,0.6159498854580681,0.0298719772403982,0.0,
yue_1959_02,yue,1959,02,skipped,22.38403628117914,0.5730168911695531,,,,,too_short
yue_1966_05,yue,1966,05,skipped,23.73079365079365,0.6972245584524811,,,,,too_short
yue_1964_02,yue,1964,02,success,36.13024943310658,0.634009009009009,0.8650385604113111,0.4849868077159113,0.0446096654275092,0.00817843866171,
yue_1965_04,yue,1965,04,success,71.5871201814059,0.8533007334963325,0.918585793058709,0.092037570812181,0.0434475450370893,0.005298481102084,
yue_1961_04,yue,1961,04,success,54.10249433106576,0.865495608531995,0.9133047210300428,0.3721358982975086,0.0357310766337564,0.002350728725905,
yue_1967_01,yue,1967,01,success,54.63655328798186,0.8927968486212718,0.8946026349341266,0.7571601330199093,0.0570342205323193,0.0071292775665399,
yue_1969_05,yue,1969,05,skipped,24.58993197278912,0.62445295404814,,,,,too_short
yue_1961_01,yue,1961,01,skipped,7.778684807256236,0.5052187430601821,,,,,too_short
suno_v4_5_2010_02,suno_v4_5,2010,02,skipped,19.82984126984127,0.6670422535211268,,,,,too_short
yue_1961_05,yue,1961,05,skipped,25.05433106575964,0.8997109183900378,,,,,too_short
suno_v4_5_2011_05,suno_v4_5,2011,05,success,56.95854875283447,0.7920190589636689,0.814512841418671,0.5485250542599844,0.0480721081622433,0.0080120180270405,
yue_1971_02b,yue,1971,02b,skipped,17.87936507936508,0.5035683699685983,,,,,too_short
yue_1966_04,yue,1966,04,skipped,15.836009070294786,0.6927332159919537,,,,,too_short
yue_1968_05,yue,1968,05,skipped,24.543492063492064,0.6925985953538628,,,,,too_short
yue_1966_01,yue,1966,01,skipped,27.840725623582767,0.5284288698073799,,,,,too_short
yue_1971_03a,yue,1971,03a,success,30.511020408163265,0.6588170865279299,0.8462709284627092,0.6510163481846467,0.0972097209720972,0.0018001800180018,
suno_v4_5_2023_05,suno_v4_5,2023,05,success,128.94040816326532,0.8538896276595744,0.9077975868899694,0.615949885458068,0.0351190476190476,0.0011904761904761,
yue_1971_01,yue,1971,01,skipped,8.70748299319728,0.4604564755838641,,,,,too_short
yue_1967_04,yue,1967,04,skipped,22.84843537414966,0.4540292640314479,,,,,too_short
yue_1971_03b,yue,1971,03b,skipped,19.736961451247165,0.7476510067114094,,,,,too_short
yue_1954_01,yue,1954,01,success,53.98639455782313,0.8951400526693799,0.9006451612903226,0.6860828109301793,0.0272336359292881,0.0023889154323936,
yue_1963_03,yue,1963,03,success,30.116281179138323,0.7349587101848211,0.89745566692367,0.3990991136703951,0.0352536543422184,0.0042992261392949,
yue_1968_01,yue,1968,01,skipped,18.901043083900227,0.7044267877412032,,,,,too_short
yue_1970_02,yue,1970,02,success,32.833015873015874,0.7774294670846394,0.8486562942008486,0.9459302094659092,0.0266889074228523,0.0025020850708924,
suno_v4_5_2004_02,suno_v4_5,2004,02,success,109.20344671201816,0.8842264914054601,0.8985753774186689,0.8911444948731202,0.0272189349112426,0.0016568047337278,
suno_v4_5_2011_01,suno_v4_5,2011,01,success,39.31138321995465,0.7403171302313492,0.8422917897223863,0.4849868077159113,0.0701754385964912,0.0049122807017543,
yue_1969_03,yue,1969,03,skipped,13.25859410430839,0.5420334507042254,,,,,too_short
suno_v4_5_2019_04,suno_v4_5,2019,04,skipped,24.3112925170068,0.6282962261171641,,,,,too_short
yue_1962_05,yue,1962,05,skipped,13.9784126984127,0.1819176084578928,,,,,too_short
suno_v4_5_2019_05,suno_v4_5,2019,05,success,50.99102040816327,0.7473540973692168,0.8142076502732241,0.2796051653363589,0.0665920537213206,0.0039171796306659,
yue_1983_01,yue,1983,01,skipped,22.639455782312925,0.7282763532763533,,,,,too_short
yue_1971_04,yue,1971,04,success,31.486258503401363,0.65716109810598,0.778023598820059,0.2407543944755743,0.0569259962049335,0.0123339658444022,
yue_1967_02,yue,1967,02,skipped,14.02485260770975,0.747504159733777,,,,,too_short
suno_v4_5_2008_05,suno_v4_5,2008,05,success,65.41061224489796,0.7615194425713644,0.8764643237486688,0.8266685594724995,0.036061588330632,0.0020259319286871,
suno_v4_5_2013_03,suno_v4_5,2013,03,skipped,25.26331065759637,0.6743198407431984,,,,,too_short
yue_1961_02,yue,1961,02,success,43.83927437641724,0.8441127694859039,0.8977754237288136,0.7571601330199093,0.0525383707201889,0.0005903187721369,
suno_v4_5_2014_01,suno_v4_5,2014,01,success,40.91356009070295,0.7853138246957473,0.837116912599319,0.4260623290432815,0.0746268656716417,0.0,
yue_1962_04,yue,1962,04,success,31.579138321995465,0.8779327837666455,0.9169117647058824,0.5485250542599844,0.0393258426966292,0.0032102728731942,
yue_1962_01,yue,1962,01,skipped,21.84997732426304,0.2463682182033797,,,,,too_short
yue_1988_01,yue,1988,01,success,46.76498866213152,0.7514923028589381,0.8356504468718967,0.2796051653363589,0.1361474435196195,0.0023781212841854,
yue_1987_05,yue,1987,05,success,40.216961451247165,0.6257631257631258,0.8250577367205543,0.1765306086328976,0.0525210084033613,0.0042016806722689,
yue_1952_03,yue,1952,03,success,63.80843537414966,0.9079778830963664,0.9559679767103348,0.4260623290432814,0.0251332825590251,0.0007616146230007,
yue_1964_05,yue,1964,05,skipped,20.29424036281179,0.7299524564183835,,,,,too_short
yue_1988_03,yue,1988,03,skipped,15.39482993197279,0.5854037267080745,,,,,too_short
yue_1964_04,yue,1964,04,success,39.05596371882086,0.7763699714919227,0.8935790725326992,0.615949885458068,0.047936085219707,0.0039946737683089,
yue_1987_02,yue,1987,02,skipped,19.59764172335601,0.6033075151768893,,,,,too_short
yue_1962_02,yue,1962,02,skipped,23.475374149659864,0.847877358490566,,,,,too_short
yue_1988_02,yue,1988,02,skipped,13.235374149659863,0.3292633292633292,,,,,too_short
yue_1969_04,yue,1969,04,skipped,12.051156462585034,0.6764418377321603,,,,,too_short
yue_1987_03,yue,1987,03,skipped,21.45523809523809,0.7856461611826419,,,,,too_short
suno_v4_5_2011_04,suno_v4_5,2011,04,success,32.949115646258505,0.5797508549096239,0.8329809725158562,0.4849868077159113,0.0677392040643522,0.0093141405588484,
suno_v4_5_2009_01,suno_v4_5,2009,01,success,53.17369614512472,0.6240203346748571,0.8244541484716157,0.2065067991177522,0.0837307896131425,0.0047694753577106,
yue_1973_01,yue,1973,01,skipped,21.68743764172336,0.7624353362514923,,,,,too_short
suno_v4_5_2018_03,suno_v4_5,2018,03,success,31.41659863945578,0.6518174364580487,0.639320029563932,0.2407543944755743,0.068287037037037,0.0196759259259259,
yue_1967_03,yue,1967,03,success,31.950657596371883,0.7543655413271245,0.6402616279069767,0.5485250542599844,0.0863636363636363,0.0045454545454545,
suno_v4_5_2018_04,suno_v4_5,2018,04,success,33.97079365079365,0.6216250636780438,0.6555023923444976,0.4849868077159113,0.0584551148225469,0.0041753653444676,
yue_1954_03,yue,1954,03,success,33.73859410430839,0.888955223880597,0.930488644184446,0.6159498854580682,0.0555144337527757,0.002220577350111,
yue_1989_01,yue,1989,01,skipped,28.37478458049887,0.6646921937804104,,,,,too_short
yue_1970_04,yue,1970,04,success,36.08380952380953,0.7265243902439025,0.8462033462033463,0.3233360583906408,0.0692541856925418,0.0053272450532724,
yue_1985_05,yue,1985,05,skipped,14.86077097505669,0.4489130434782609,,,,,too_short
yue_1986_03,yue,1986,03,success,48.27428571428572,0.618232044198895,0.897065897065897,0.7571601330199094,0.0466738197424892,0.0010729613733905,
yue_1985_03,yue,1985,03,skipped,22.244716553287983,0.4236848924591863,,,,,too_short
suno_v4_5_2019_02,suno_v4_5,2019,02,success,75.99891156462586,0.8303273213092852,0.8545676749159792,0.7571601330199091,0.0511444921316165,0.0050071530758226,
yue_1966_03,yue,1966,03,success,66.75736961451247,0.8985727300334042,0.9210434782608696,0.3233360583906409,0.0868908197959954,0.0,
yue_1983_04,yue,1983,04,skipped,18.18122448979592,0.543661971830986,,,,,too_short
yue_1969_02,yue,1969,02,skipped,23.10385487528345,0.6204729123017061,,,,,too_short
yue_1969_01,yue,1969,01,skipped,18.15800453514739,0.5084142394822007,,,,,too_short
yue_1974_02,yue,1974,02,skipped,23.6843537414966,0.5874840357598978,,,,,too_short
yue_1986_01,yue,1986,01,skipped,24.35773242630385,0.5940004579803069,,,,,too_short
yue_1986_05,yue,1986,05,success,44.95383219954648,0.729995320542817,0.8083677685950413,0.2407543944755742,0.0498721227621483,0.0051150895140664,
yue_1987_01,yue,1987,01,success,38.846984126984125,0.6923249551166966,0.775851763299462,0.2407543944755742,0.0878951426368542,0.0023130300693909,
yue_1988_05,yue,1988,05,success,51.2,0.6875653082549634,0.8653061224489796,0.1504646013433388,0.0597797587834294,0.0020975353959098,
suno_v4_5_2024_04,suno_v4_5,2024,04,success,47.20616780045352,0.7439763718327375,0.8317757009345794,0.4849868077159112,0.0544378698224852,0.0023668639053254,
suno_v4_5_2013_02,suno_v4_5,2013,02,success,168.87873015873015,0.7809857453491181,0.8585178055822906,0.4849868077159113,0.0877783117091142,0.0016017940092904,
yue_1988_04,yue,1988,04,skipped,24.28807256235828,0.7671971944968977,,,,,too_short
yue_1987_04,yue,1987,04,success,60.882721088435375,0.7602324406265791,0.9225781845919144,0.4260623290432814,0.0661703887510339,0.0037220843672456,
yue_1972_02,yue,1972,02,skipped,29.53578231292517,0.5895522388059702,,,,,too_short
yue_1951_05,yue,1951,05,success,56.70312925170068,0.7667228780213603,0.8910728910728911,0.3233360583906408,0.0349425287356321,0.0036781609195402,
yue_1975_05,yue,1975,05,skipped,24.009433106575965,0.6765676567656765,,,,,too_short
yue_1991_03,yue,1991,03,skipped,13.165714285714284,0.2078351564487408,,,,,too_short
yue_1967_05,yue,1967,05,success,31.62557823129252,0.559739319333816,0.7848751835535976,0.6860828109301792,0.0440074906367041,0.0,
yue_1976_05,yue,1976,05,skipped,12.956734693877552,0.3863970588235294,,,,,too_short
yue_1981_05,yue,1981,05,skipped,23.26639455782313,0.7436115843270868,,,,,too_short
yue_1953_01,yue,1953,01,skipped,38.24326530612245,0.1727247111862496,,,,,low_region_voiced_coverage
suno_v4_5_2019_03,suno_v4_5,2019,03,success,149.6758276643991,0.8865914786967418,0.9478746509463232,0.7571601330199094,0.0337207398919626,0.0021280078572597,
yue_1951_03,yue,1951,03,skipped,15.185850340136057,0.0591925804691762,,,,,too_short
suno_v4_5_2024_05,suno_v4_5,2024,05,success,49.24952380952381,0.6292702924296256,0.7265440829797265,0.6860828109301793,0.0512987012987013,0.0051948051948051,
suno_v4_5_2022_02,suno_v4_5,2022,02,success,36.85006802721089,0.6129866929521932,0.7158160050409578,0.6159498854580681,0.0572687224669603,0.0,
yue_1979_04,yue,1979,04,skipped,18.64562358276644,0.1864919354838709,,,,,too_short
yue_1975_01,yue,1975,01,success,54.63655328798186,0.7485645210033243,0.8992775180620485,0.7571601330199093,0.0378250591016548,0.0009456264775413,
yue_1974_05,yue,1974,05,skipped,30.627120181405896,0.2721280602636535,,,,,low_region_voiced_coverage
yue_1974_04,yue,1974,04,skipped,13.67655328798186,0.5510940129838904,,,,,too_short
yue_1982_05,yue,1982,05,skipped,21.31591836734694,0.6383219954648526,,,,,too_short
suno_v4_5_2012_01,suno_v4_5,2012,01,success,69.52054421768707,0.839438403884725,0.9021376085504342,0.8911444948731203,0.0214814814814814,0.0025925925925925,
yue_1979_01,yue,1979,01,skipped,25.031111111111112,0.6030897207367796,,,,,too_short
suno_v4_5_2024_01,suno_v4_5,2024,01,success,35.20145124716554,0.8482142857142857,0.8733509234828496,0.4849868077159112,0.0574452003023431,0.0030234315948601,
yue_1978_04,yue,1978,04,success,46.46312925170068,0.8616796047988708,0.9045477261369316,0.2796051653363589,0.0608070757324488,0.0049751243781094,
yue_1954_04,yue,1954,04,success,53.49877551020408,0.7036535859269283,0.8763020833333334,0.4849868077159113,0.0639246778989098,0.0044598612487611,
yue_1980_04,yue,1980,04,skipped,14.883990929705217,0.6482125909522303,,,,,too_short
yue_1951_01,yue,1951,01,skipped,15.232290249433106,0.8021155830753354,,,,,too_short
yue_1951_02,yue,1951,02,success,45.743310657596375,0.9409184726522188,0.9715736040609138,0.8266685453003628,0.0261369576581285,0.0,
suno_v4_5_2023_02,suno_v4_5,2023,02,skipped,27.445986394557824,0.5439575033200531,,,,,too_short
suno_v4_5_2017_05,suno_v4_5,2017,05,success,51.06068027210885,0.5765860497721697,0.8185538881309686,0.5485250542599844,0.0633685380767092,0.0077821011673151,
yue_1974_01,yue,1974,01,success,56.610249433106574,0.6614739364889155,0.9122231337161608,0.8266685594724996,0.0242914979757085,0.0013495276653171,
yue_2001_05,yue,2001,05,success,75.78993197278912,0.8444564047362756,0.8924632352941176,0.5485250542599844,0.0511675824175824,0.0017170329670329,
yue_1950_05,yue,1950,05,skipped,,0.0,,,,,no_valid_region
suno_v4_5_1988_05,suno_v4_5,1988,05,success,42.79437641723356,0.582860092927207,0.5854584915897992,0.8266685594724995,0.0333951762523191,0.0120593692022263,
yue_1992_02,yue,1992,02,skipped,8.846802721088435,0.4246717346233586,,,,,too_short
yue_1993_05,yue,1993,05,skipped,8.080544217687075,0.6205420827389444,,,,,too_short
yue_1980_05,yue,1980,05,skipped,21.037278911564627,0.6336196319018405,,,,,too_short
yue_1990_04,yue,1990,04,skipped,15.952108843537417,0.4269972451790633,,,,,too_short
yue_1984_01,yue,1984,01,skipped,11.400997732426305,0.391743119266055,,,,,too_short
yue_1989_05,yue,1989,05,skipped,12.515555555555556,0.4638388770216661,,,,,too_short
yue_1995_01,yue,1995,01,skipped,29.0249433106576,0.729701230228471,,,,,too_short
yue_1989_04,yue,1989,04,skipped,20.387120181405898,0.501583645263461,,,,,too_short
yue_1980_03,yue,1980,03,skipped,20.038820861678005,0.6725446975263287,,,,,too_short
yue_1972_04,yue,1972,04,success,49.83002267573696,0.8027252389668497,0.9375582479030756,0.8266685594724995,0.0338140228741919,0.0014917951268025,
yue_1994_04,yue,1994,04,success,43.44453514739229,0.9162844036697247,0.9641902725815072,0.8911444948731202,0.0244037714919578,0.0005546311702717,
yue_1993_02,yue,1993,02,success,44.535873015873015,0.8226462308414139,0.8779979144942649,0.066081512709207,0.0819964349376114,0.0053475935828877,
yue_1973_05,yue,1973,05,success,38.12716553287982,0.5923869944488501,0.4853836784409257,0.8266685594724994,0.0565326633165829,0.0,
yue_1985_02,yue,1985,02,success,38.35936507936508,0.8562740076824584,0.9164648910411622,0.4849868077159113,0.0561797752808988,0.0013218770654329,
yue_1997_05,yue,1997,05,skipped,10.216780045351474,0.5906670842467898,,,,,too_short
yue_1982_04,yue,1982,04,success,47.83310657596372,0.757466281310212,0.8325242718446602,0.6159498854580681,0.0414235705950991,0.0011668611435239,
yue_1992_05,yue,1992,05,skipped,25.51873015873016,0.3188925081433225,,,,,too_short
yue_1955_03,yue,1955,03,skipped,24.05587301587301,0.7271759382486026,,,,,too_short
yue_1997_01b,yue,1997,01b,skipped,23.336054421768708,0.5243039169419538,,,,,too_short
yue_1977_05,yue,1977,05,success,30.65034013605442,0.5567361668003208,0.831060606060606,0.3721358982975087,0.0711678832116788,0.0091240875912408,
yue_2008_02,yue,2008,02,success,30.72,0.769614693551607,0.8201058201058201,0.8266685594724995,0.0544280442804428,0.0046125461254612,
yue_1968_03,yue,1968,03,success,30.278820861678007,0.5588312027132795,0.5552147239263804,0.2796051653363588,0.0733056708160442,0.0041493775933609,
yue_2000_01,yue,2000,01,skipped,18.715283446712014,0.6207313387730432,,,,,too_short
yue_2003_05,yue,2003,05,success,45.58077097505669,0.771551724137931,0.8553234844625573,0.5485250542599845,0.066746126340882,0.00238379022646,
yue_1982_02,yue,1982,02,skipped,17.60072562358277,0.477088948787062,,,,,too_short
yue_1994_02,yue,1994,02,success,35.99092970521542,0.7469854894747598,0.8980645161290323,0.7571601330199093,0.0503235082674335,0.00431344356578,
yue_2000_02,yue,2000,02,skipped,18.390204081632653,0.7039379131934463,,,,,too_short
yue_1997_04,yue,1997,04,success,35.062131519274374,0.7769028871391076,0.876158940397351,0.5485250542599845,0.0552193645990922,0.002269288956127,
yue_1998_01,yue,1998,01,success,34.969251700680275,0.6879961510704835,0.8359893758300133,0.5485250542599844,0.0604133545310015,0.0023847376788553,
yue_2003_02,yue,2003,02,success,43.37487528344671,0.689514483884129,0.8940042826552462,0.5485250542599845,0.0707010185739964,0.0011983223487118,
yue_1998_03,yue,1998,03,skipped,16.880907029478458,0.6536955457660304,,,,,too_short
yue_1998_02,yue,1998,02,skipped,11.00625850340136,0.4124099028517706,,,,,too_short
yue_1999_04,yue,1999,04,success,57.14430839002268,0.7136842105263158,0.7330353514831369,0.615949885458068,0.057681641708264,0.0061009428729894,
yue_1998_04,yue,1998,04,skipped,21.640997732426303,0.790242752769267,,,,,too_short
yue_2001_02,yue,2001,02,success,46.18448979591837,0.627239263803681,0.8536953242835595,0.615949885458068,0.0589275191514437,0.0053034767236299,
yue_1996_04,yue,1996,04,skipped,28.83918367346939,0.7469993682880607,,,,,too_short
yue_1995_04,yue,1995,04,success,40.49560090702948,0.7861922141119222,0.922591743119266,0.7571601330199094,0.0410447761194029,0.001865671641791,
yue_1982_01,yue,1982,01,skipped,17.438185941043084,0.6722481471314851,,,,,too_short
yue_2006_03,yue,2006,03,skipped,19.4118820861678,0.6719413353917406,,,,,too_short
yue_1955_02,yue,1955,02,success,36.26956916099773,0.3998979852078551,0.9270166453265044,0.3721358982975087,0.0663441603317208,0.0013821700069108,
yue_1996_05,yue,1996,05,success,53.70775510204082,0.7637701804368471,0.8945092952875054,0.7571601330199093,0.0454545454545454,0.0024177949709864,
yue_2004_01,yue,2004,01,skipped,20.78185941043084,0.5512075817792724,,,,,too_short
yue_2007_01,yue,2007,01,success,38.2897052154195,0.6934993924665857,0.8253486961795027,0.3233360583906408,0.1080882352941176,0.0073529411764705,
yue_1997_03,yue,1997,03,success,66.780589569161,0.7919621749408984,0.8932545201668984,0.6159498854580681,0.0467289719626168,0.0007788161993769,
yue_1999_03,yue,1999,03,skipped,26.02956916099773,0.6678770273541516,,,,,too_short
yue_2005_02,yue,2005,02,success,35.71229024943311,0.5720204728247623,0.8270481144343304,0.2065067991177522,0.050354051927616,0.002360346184107,
yue_2001_01,yue,2001,01,success,41.47083900226757,0.5700539779394508,0.6909294512877939,0.5485250542599844,0.0616382806163828,0.0,
yue_2003_03,yue,2003,03,success,40.17052154195012,0.8035028790786948,0.8676300578034682,0.1279370863012904,0.0653333333333333,0.0086666666666666,
yue_2002_04,yue,2002,04,skipped,12.26013605442177,0.3482058545797922,,,,,too_short
yue_1953_04,yue,1953,04,skipped,77.67074829931973,0.1993464052287581,,,,,low_region_voiced_coverage
yue_2014_05,yue,2014,05,skipped,24.61315192743764,0.7762747138397502,,,,,too_short
yue_2009_02,yue,2009,02,success,30.48780045351474,0.7252553716097218,0.821020563594821,0.0560713954458926,0.096564531104921,0.000928505106778,
yue_2000_05,yue,2000,05,skipped,7.778684807256236,0.4256756756756756,,,,,too_short
yue_2004_02,yue,2004,02,skipped,28.746303854875283,0.7402126631222813,,,,,too_short
yue_2006_01,yue,2006,01,skipped,22.82521541950113,0.6178085461924087,,,,,too_short
yue_2011_03,yue,2011,03,success,61.78829931972789,0.8439816448994,0.8865088312664412,0.5485250542599844,0.0877862595419847,0.006785411365564,
yue_1994_03,yue,1994,03,success,36.66430839002268,0.7651288196524865,0.928435718809373,0.2407543944755742,0.0484641638225255,0.0006825938566552,
yue_2005_03,yue,2005,03,success,66.80380952380952,0.8336071344754752,0.9450816823079596,0.8266685594724995,0.050036791758646,0.0003679175864606,
yue_2011_01,yue,2011,01,success,46.04517006802721,0.8581770319183942,0.8724155320221886,0.4849868077159112,0.0792365529207634,0.0028918449971081,
yue_2005_01,yue,2005,01,success,68.80072562358276,0.8181538461538461,0.897401282483969,0.615949885458068,0.054928517682468,0.0018811136192626,
yue_2012_04,yue,2012,04,skipped,28.908843537414967,0.7932752179327521,,,,,too_short
yue_2009_04,yue,2009,04,success,50.31764172335601,0.7753658536585366,0.8624826949700046,0.6159498854580678,0.069593147751606,0.0080299785867237,
yue_2009_01,yue,2009,01,skipped,22.244716553287983,0.7041291524371314,,,,,too_short
yue_2002_05,yue,2002,05,success,55.35637188208617,0.7625025308766957,0.9056208053691276,0.5485250542599844,0.0667284522706209,0.0013901760889712,
yue_2014_03,yue,2014,03,skipped,23.82367346938776,0.8656660412757974,,,,,too_short
yue_2011_04,yue,2011,04,skipped,22.941315192743765,0.487302676733013,,,,,too_short
yue_2005_04,yue,2005,04,success,31.695238095238096,0.6496694995278565,0.6197802197802198,0.9459302094659092,0.0355029585798816,0.008284023668639,
yue_2012_05,yue,2012,05,success,48.32072562358277,0.7408400357462019,0.8769822200864968,0.7571601330199094,0.063048245614035,0.000548245614035,
yue_2007_04,yue,2007,04,skipped,18.7849433106576,0.8211362542128069,,,,,too_short
yue_2013_02,yue,2013,02,skipped,18.436643990929703,0.7476993865030674,,,,,too_short
yue_2009_03,yue,2009,03,success,55.28671201814059,0.7195970256656272,0.8954220915581689,0.4555245671257887,0.0891600187705302,0.003284842796809,
yue_2010_03,yue,2010,03,skipped,21.524897959183672,0.4055243216817404,,,,,too_short
yue_1965_05,yue,1965,05,success,68.87038548752835,0.9340931615460852,0.9571813890761968,0.4849868077159112,0.0415785764622973,0.003875968992248,
yue_2006_04,yue,2006,04,skipped,26.30820861678005,0.6357794361525705,,,,,too_short
yue_2008_05,yue,2008,05,skipped,24.93823129251701,0.6246161115048429,,,,,too_short
yue_2007_02,yue,2007,02,skipped,22.96453514739229,0.6254604993860008,,,,,too_short
yue_1965_01,yue,1965,01,skipped,8.614603174603175,0.4567156348373557,,,,,too_short
yue_2011_05,yue,2011,05,success,36.1534693877551,0.7479964381121995,0.7007064868336544,0.4849868077159113,0.0587155963302752,0.0018348623853211,
yue_2008_04,yue,2008,04,skipped,89.46648526077098,0.0257536434418047,,,,,low_region_voiced_coverage
yue_2015_04,yue,2015,04,skipped,29.14104308390023,0.7606440071556351,,,,,too_short
yue_2010_02,yue,2010,02,skipped,29.14104308390023,0.6621754042136208,,,,,too_short
yue_2003_04,yue,2003,04,success,37.384126984126986,0.6215403128760529,0.7801242236024845,0.066081512709207,0.1083665338645418,0.0047808764940239,
yue_2008_03,yue,2008,03,success,47.85632653061224,0.8426160337552743,0.9645803008248424,0.6860828109301793,0.054353296426774,0.0030196275792652,
yue_2020_05,yue,2020,05,success,46.88108843537415,0.8114350624763347,0.8588410104011887,0.3233360583906408,0.0490478938257357,0.0051933064050779,
yue_2017_03,yue,2017,03,skipped,17.647165532879818,0.6529621236646164,,,,,too_short
yue_2021_01,yue,2021,01,skipped,25.820589569161,0.7387247278382582,,,,,too_short
yue_2016_03,yue,2016,03,skipped,27.23700680272109,0.7377151799687011,,,,,too_short
yue_2016_04,yue,2016,04,success,39.14884353741497,0.7522962112514351,0.8896797153024911,0.3233360583906408,0.1114076050700467,0.0040026684456304,
yue_2015_05,yue,2015,05,success,36.6875283446712,0.762962962962963,0.8848101265822785,0.2796051653363588,0.0687186828919112,0.007158196134574,
yue_2017_04,yue,2017,04,skipped,9.729160997732428,0.4874835309617918,,,,,too_short
yue_2019_02,yue,2019,02,success,46.95074829931973,0.7780678851174935,0.863996043521266,0.5485250542599844,0.0538373424971363,0.0040091638029782,
yue_2019_05,yue,2019,05,success,31.463038548752834,0.7411658109332528,0.8509225092250923,0.2796051653363588,0.0789930555555555,0.0069444444444444,
yue_2018_02,yue,2018,02,success,73.09641723356009,0.761259842519685,0.7677890724269377,0.4260623290432814,0.0612582781456953,0.0028973509933774,
yue_2018_01,yue,2018,01,skipped,23.91655328798186,0.5276208411801632,,,,,too_short
yue_2020_02,yue,2020,02,success,66.31619047619047,0.7675302245250432,0.7734593837535014,0.4260623290432815,0.0466485507246376,0.0131340579710144,
yue_2016_01,yue,2016,01,skipped,67.45396825396826,0.2672889266016122,,,,,low_region_voiced_coverage
yue_2019_03,yue,2019,03,success,62.02049886621315,0.8806441427218188,0.9730438038187944,0.8266685594724996,0.0331023864511162,0.0026943802925327,
yue_2022_01,yue,2022,01,skipped,15.696689342403628,0.7613452188006483,,,,,too_short
yue_2020_01,yue,2020,01,success,79.62122448979592,0.8881219442047742,0.9005540974044911,0.4260623290432815,0.0586329770003239,0.0035633300939423,
yue_1972_03,yue,1972,03,success,55.05451247165533,0.7950629982000514,0.8641923239139604,0.8266685594724995,0.04248046875,0.001953125,
yue_2021_05,yue,2021,05,success,35.10857142857143,0.7690977226866532,0.7281746031746031,0.4849868077159112,0.0381818181818181,0.0009090909090909,
yue_2018_03,yue,2018,03,success,41.586938775510205,0.6364692218350755,0.8330541596873255,0.4849868077159112,0.0731052984574111,0.0026827632461435,
yue_2021_02,yue,2021,02,success,67.15210884353742,0.840227944280287,0.9450207468879668,0.8266685549166514,0.037701317715959,0.0076866764275256,
yue_1983_02,yue,1983,02,skipped,20.921179138322,0.7402524544179523,,,,,too_short
yue_1975_02,yue,1975,02,skipped,28.65342403628118,0.6909628832705755,,,,,too_short
yue_2020_04,yue,2020,04,skipped,14.605351473922903,0.6323529411764706,,,,,too_short
yue_2019_04,yue,2019,04,success,32.020317460317465,0.649154051647373,0.7142857142857143,0.3721358982975087,0.0853658536585365,0.0,
yue_2024_04,yue,2024,04,skipped,28.026485260770976,0.8006624510689552,,,,,too_short
yue_2024_05,yue,2024,05,skipped,21.36235827664399,0.7961899002116722,,,,,too_short
yue_1974_03,yue,1974,03,skipped,10.750839002267574,0.0420536635706914,,,,,too_short
yue_1973_02,yue,1973,02,skipped,14.14095238095238,0.5045608548345061,,,,,too_short
yue_1975_04,yue,1975,04,skipped,18.274104308390022,0.7089214380825566,,,,,too_short
yue_1976_02,yue,1976,02,success,37.01260770975057,0.6599350046425255,0.7697616060225847,0.5485250542599845,0.0823817292006525,0.0065252854812398,
yue_2024_02,yue,2024,02,skipped,25.86702947845805,0.580473372781065,,,,,too_short
yue_1964_01,yue,1964,01,success,73.49115646258504,0.5460750853242321,0.4338072669826224,0.2796051653363589,0.0532069970845481,0.0131195335276967,
yue_1976_03,yue,1976,03,skipped,20.874739229024943,0.5838323353293413,,,,,too_short
yue_1976_01,yue,1976,01,skipped,22.941315192743765,0.4450140989489874,,,,,too_short
yue_1984_02,yue,1984,02,skipped,24.35773242630385,0.6724137931034483,,,,,too_short
yue_1978_01,yue,1978,01,skipped,7.848344671201814,0.3847540561421581,,,,,too_short
yue_1975_03,yue,1975,03,success,30.348480725623585,0.5575757575757576,0.8607498087222647,0.1279370863012903,0.0640569395017793,0.0017793594306049,
yue_1985_01,yue,1985,01,skipped,28.398004535147397,0.7817896389324961,,,,,too_short
yue_1990_03,yue,1990,03,skipped,17.066666666666666,0.5875453783859257,,,,,too_short
yue_1981_04,yue,1981,04,skipped,23.1502947845805,0.6661494698732868,,,,,too_short
yue_1979_02,yue,1979,02,skipped,18.901043083900227,0.4150480017861129,,,,,too_short
yue_1999_02,yue,1999,02,success,41.37795918367347,0.7806451612903226,0.8423120089786756,0.2065067991177522,0.0766666666666666,0.0046666666666666,
yue_1979_03,yue,1979,03,skipped,12.283356009070294,0.5195865070729053,,,,,too_short
yue_1973_03,yue,1973,03,skipped,22.15183673469388,0.7303370786516854,,,,,too_short
yue_1977_03,yue,1977,03,success,52.91827664399093,0.6674288617886179,0.7318999561211057,0.4849868077159112,0.0623875224955009,0.0023995200959808,
yue_1984_05,yue,1984,05,skipped,28.5837641723356,0.8026525198938992,,,,,too_short
yue_1996_01,yue,1996,01,skipped,28.11936507936508,0.4908575843420036,,,,,too_short
yue_1977_01,yue,1977,01,skipped,17.925804988662133,0.5020232675771371,,,,,too_short
yue_1990_01,yue,1990,01,success,42.63183673469388,0.7790931989924433,0.9444444444444444,0.8266685594724996,0.0380842469705712,0.0034622042700519,
yue_2001_03,yue,2001,03,success,49.01732426303855,0.6890737410071942,0.8408337280909521,0.1504646013433388,0.1155580608793686,0.0022547914317925,
yue_1978_03,yue,1978,03,success,76.20789115646258,0.7238754325259515,0.8348567946374162,0.8266685594724996,0.0376049653158086,0.0025556772544724,
yue_1992_04,yue,1992,04,skipped,28.096145124716557,0.6547373250745584,,,,,too_short
yue_1981_01,yue,1981,01,skipped,24.102312925170068,0.6004962779156328,,,,,too_short
yue_1984_04,yue,1984,04,skipped,27.56208616780045,0.4781846086384564,,,,,too_short
yue_1995_03,yue,1995,03,success,32.833015873015874,0.5460444222610432,0.7920792079207921,0.1279370863012903,0.0723860589812332,0.000893655049151,
yue_1981_02,yue,1981,02,success,78.34412698412699,0.9250283125707814,0.9368701837581506,0.7571601330199093,0.0354430379746835,0.0009493670886075,
yue_1993_03,yue,1993,03,skipped,26.4475283446712,0.7337619153181113,,,,,too_short
yue_1977_02,yue,1977,02,skipped,19.4118820861678,0.6764705882352942,,,,,too_short
yue_1994_05,yue,1994,05,success,49.99256235827664,0.8574257425742574,0.939619136089178,0.4849868077159113,0.0410484668644906,0.0019782393669634,
yue_1977_04,yue,1977,04,success,43.14267573696145,0.7460669177930424,0.9155005382131324,0.8266685594724995,0.0529411764705882,0.0017647058823529,
yue_1981_03,yue,1981,03,skipped,16.021768707482995,0.5243778567800914,,,,,too_short
yue_1990_02,yue,1990,02,success,43.81605442176871,0.7761417519341153,0.8192898781134075,0.3014706118634991,0.0362459546925566,0.002588996763754,
yue_2003_01,yue,2003,01,skipped,29.6518820861678,0.5750677506775068,,,,,too_short
yue_1978_05,yue,1978,05,skipped,10.286439909297052,0.4586104104563173,,,,,too_short
yue_1990_05,yue,1990,05,skipped,12.72453514739229,0.4340544312630844,,,,,too_short
yue_1989_03,yue,1989,03,success,41.145759637188206,0.8053488372093023,0.835214446952596,0.1765306086328976,0.0885733603786342,0.0081135902636916,
yue_1978_02,yue,1978,02,skipped,25.007891156462584,0.4341389070324407,,,,,too_short
yue_1992_01,yue,1992,01,skipped,23.98621315192744,0.7549371633752244,,,,,too_short
yue_1982_03,yue,1982,03,skipped,14.837551020408164,0.5190520446096655,,,,,too_short
yue_1999_01,yue,1999,01,success,32.15963718820862,0.7194119112883129,0.9335740072202168,0.6860828108884953,0.0441176470588235,0.0023219814241486,
yue_2002_01,yue,2002,01,skipped,28.606984126984127,0.7233621755253399,,,,,too_short
yue_1980_01,yue,1980,01,skipped,9.822040816326531,0.5128842676311031,,,,,too_short
yue_1980_02,yue,1980,02,skipped,19.574421768707484,0.4393151278716948,,,,,too_short
yue_1993_01,yue,1993,01,success,34.50485260770975,0.709242916860195,0.6816958277254375,0.615949885458068,0.033596837944664,0.0019762845849802,
yue_1994_01,yue,1994,01,skipped,18.94748299319728,0.7571686902609145,,,,,too_short
yue_1983_05,yue,1983,05,skipped,18.48308390022676,0.5635806522214927,,,,,too_short
yue_2001_04,yue,2001,04,skipped,28.42122448979592,0.5992952428895042,,,,,too_short
yue_2002_03,yue,2002,03,success,51.57151927437642,0.5889633831872099,0.8167492120666366,0.1504646013433388,0.1097628240485383,0.0005515719801434,
yue_2002_02,yue,2002,02,success,44.51265306122449,0.7894978216005504,0.7882107459572248,0.2065067991177523,0.0781456953642384,0.0052980132450331,
yue_2004_03,yue,2004,03,success,36.52498866213152,0.7756482525366404,0.82453909726637,0.7571601330199091,0.0594135802469135,0.0023148148148148,
yue_1999_05,yue,1999,05,success,36.36244897959184,0.7875703767864877,0.8901660280970626,0.3233360583906408,0.0445082555635319,0.0014357501794687,
yue_1991_02,yue,1991,02,success,41.37795918367347,0.7593452775934528,0.888327721661055,0.3233360583906409,0.0663716814159292,0.0056890012642225,
yue_2010_04,yue,2010,04,success,42.0281179138322,0.662784090909091,0.8453038674033149,0.2796051653363589,0.0784826684107259,0.0039241334205362,
yue_1991_04,yue,1991,04,skipped,29.23392290249433,0.7932373771989948,,,,,too_short
yue_2005_05,yue,2005,05,skipped,16.62548752834467,0.3785415699024617,,,,,too_short
yue_1997_01a,yue,1997,01a,skipped,27.56208616780045,0.7946974847042828,,,,,too_short
yue_1996_03,yue,1996,03,success,38.80054421768708,0.8149942329873126,0.8605625374027528,0.3233360583906408,0.0730688935281837,0.0048712595685455,
yue_2000_04,yue,2000,04,skipped,9.380861678004536,0.4519362186788155,,,,,too_short
yue_2016_05,yue,2016,05,success,73.1892970521542,0.7679153094462541,0.8699238578680203,0.6860828109301792,0.0572783655600145,0.0025538124771981,
yue_2014_04,yue,2014,04,skipped,19.945941043083906,0.4016544117647059,,,,,too_short
yue_2013_04,yue,2013,04,success,59.86104308390023,0.6431888544891641,0.7230411171450737,0.0101019745937449,0.168545356951154,0.0005367686527106,
yue_2016_02,yue,2016,02,success,65.89823129251701,0.7986977753662506,0.9150810429880196,0.6159498854580682,0.0554699537750385,0.0061633281972265,
yue_2006_02,yue,2006,02,success,76.62585034013605,0.7298590130916415,0.8484848484848485,0.6860828109301793,0.0735977134690961,0.0121471954269381,
yue_2008_01,yue,2008,01,success,46.11482993197279,0.6276427061310782,0.6822759315206445,0.1765306086328975,0.0989660265878877,0.0022156573116691,
yue_2023_05,yue,2023,05,success,53.96317460317461,0.7129120879120879,0.9849397590361446,0.7571601330199093,0.0310314685314685,0.0,
yue_2014_01,yue,2014,01,success,30.139501133786847,0.4721407624633431,0.7203389830508474,0.8266685594724996,0.0139186295503211,0.0010706638115631,
yue_2007_05,yue,2007,05,success,70.37968253968253,0.7598814229249012,0.8891454965357968,0.4849868077159113,0.0694135115070527,0.0044543429844097,
yue_2004_05,yue,2004,05,skipped,21.640997732426303,0.0844619551834523,,,,,too_short
yue_2006_05,yue,2006,05,skipped,8.010884353741497,0.5344387755102041,,,,,too_short
yue_2010_01,yue,2010,01,skipped,17.322086167800453,0.6190112130479103,,,,,too_short
yue_2010_05,yue,2010,05,skipped,16.973786848072564,0.6087628865979381,,,,,too_short
yue_2012_02,yue,2012,02,skipped,26.79582766439909,0.2741786210087922,,,,,too_short
yue_2013_03,yue,2013,03,success,34.66739229024943,0.7396704689480355,0.8914936369725385,0.4260623290432814,0.0368421052631578,0.0015037593984962,
yue_2015_01,yue,2015,01,skipped,25.40263038548753,0.2744186046511628,,,,,too_short
yue_2012_03,yue,2012,03,success,36.31600907029478,0.7393162393162394,0.9226342710997444,0.6159498854580682,0.0360610263522884,0.0041608876560332,
yue_2004_04,yue,2004,04,skipped,13.514013605442177,0.4488672453948761,,,,,too_short
yue_2019_01,yue,2019,01,success,51.45541950113379,0.6009104704097117,0.9043321299638988,0.2796051653363588,0.054917623564653,0.00099850224663,
yue_2023_01,yue,2023,01,skipped,28.11936507936508,0.7438220757825371,,,,,too_short
yue_2013_05,yue,2013,05,success,30.998639455782317,0.3195903361344537,0.8359550561797753,0.2065067991177522,0.085201793721973,0.000896860986547,
yue_2007_03,yue,2007,03,skipped,26.23854875283447,0.6231408573928259,,,,,too_short
yue_2017_01,yue,2017,01,skipped,29.23392290249433,0.6915964101169432,,,,,too_short
yue_2021_04,yue,2021,04,success,55.51891156462585,0.7971096627939926,0.87745713090757,0.7571601330199093,0.044349070100143,0.0009537434430138,
yue_2009_05,yue,2009,05,skipped,21.199818594104308,0.5376226826608506,,,,,too_short
yue_2020_03,yue,2020,03,success,74.16453514739229,0.8829516539440203,0.9204758922980588,0.3233360583906408,0.0826811840762164,0.0003402517863218,
yue_2021_03,yue,2021,03,success,79.18004535147392,0.8925946862634256,0.926099706744868,0.6860828109301794,0.0468799493189737,0.005701615457713,
yue_2015_03,yue,2015,03,skipped,22.244716553287983,0.6587419514611194,,,,,too_short
yue_2022_03,yue,2022,03,skipped,28.81596371882086,0.8317808219178082,,,,,too_short
yue_2013_01,yue,2013,01,skipped,34.0172335600907,0.3178670360110803,,,,,low_region_voiced_coverage
yue_2023_02,yue,2023,02,skipped,26.16888888888889,0.7404289980993755,,,,,too_short
yue_2018_05,yue,2018,05,skipped,27.46920634920635,0.5154798761609907,,,,,too_short
yue_2017_05,yue,2017,05,skipped,23.91655328798186,0.5604275741710296,,,,,too_short
yue_2022_05,yue,2022,05,skipped,41.02965986394558,0.0092470277410832,,,,,low_region_voiced_coverage
yue_2022_02,yue,2022,02,success,50.01578231292517,0.8669963560645497,0.8802228412256268,0.3233360583906408,0.0406332453825857,0.0047493403693931,
yue_2024_03,yue,2024,03,skipped,24.89179138321996,0.786271870794078,,,,,too_short
yue_2023_03,yue,2023,03,success,42.353197278911566,0.7962962962962963,0.9106359649122808,0.7571601330199093,0.0403614457831325,0.0096385542168674,
yue_2024_01,yue,2024,01,success,37.47700680272109,0.7484954864593781,0.8469640644361834,0.1279370863012904,0.0541727672035139,0.0043923865300146,
yue_2017_02,yue,2017,02,success,43.25877551020408,0.8646034816247582,0.8964036500268384,0.6159498854580681,0.0599161174355901,0.0023966446974236,
yue_2018_04,yue,2018,04,success,102.14458049886622,0.9063620071684588,0.91975448965674,0.8266685594724995,0.0444993819530284,0.0024721878862793,
yue_2022_04,yue,2022,04,success,33.715374149659866,0.558041958041958,0.5750688705234159,0.5485250542599844,0.0419664268585131,0.001199040767386,
yue_2023_04,yue,2023,04,success,48.55292517006803,0.7701499531396439,0.8861788617886179,0.4260623290432815,0.0550755939524838,0.0070194384449244,
suno_v4_5_2022_04,suno_v4_5,2022,04,success,34.481632653061226,0.7973235065942591,0.8909090909090909,0.8911444948731201,0.0287443267776096,0.0030257186081694,
