track_id,source,year,position,audio_path,filename,artist,title,status,cache_path,selected_duration_sec,raw_voiced_coverage,selected_voiced_coverage,skip_reason,median_voiced_prob,jump_rate,octave_jump_rate
billboard_1960_04,billboard,1960,04,/home/data/kevinzhang/research/fractal_analysis/audio_data/billboard/vocals/full_duration/1960_4_Johnny Preston_Running Bear_vocals.mp3,1960_4_Johnny Preston_Running Bear_vocals.mp3,Johnny Preston,Running Bear,success,/home/data/kevinzhang/research/fractal_analysis/results/audio_melody_f0/cache/clean_contours/billboard_1960_04.npz,122.60136054421768,0.8609532138172278,0.9001893939393939,,0.12793708630129036,0.08122895622895623,0.0021043771043771043
billboard_1955_02,billboard,1955,02,/home/data/kevinzhang/research/fractal_analysis/audio_data/billboard/vocals/full_duration/1955_2_Bill Haley & His Comets_Rock Around the Clock_vocals.mp3,1955_2_Bill Haley & His Comets_Rock Around the Clock_vocals.mp3,Bill Haley & His Comets,Rock Around the Clock,success,/home/data/kevinzhang/research/fractal_analysis/results/audio_melody_f0/cache/clean_contours/billboard_1955_02.npz,52.8021768707483,0.5310227448553303,0.609938434476693,,0.24075439447557426,0.12481962481962482,0.001443001443001443
billboard_1957_03,billboard,1957,03,/home/data/kevinzhang/research/fractal_analysis/audio_data/billboard/vocals/full_duration/1957_3_The Diamonds_Little Darlin_vocals.mp3,1957_3_The Diamonds_Little Darlin_vocals.mp3,The Diamonds,Little Darlin,skipped,/home/data/kevinzhang/research/fractal_analysis/results/audio_melody_f0/cache/clean_contours/billboard_1957_03.npz,23.475374149659864,0.6580007323324789,,too_short,,,
billboard_1963_02,billboard,1963,02,/home/data/kevinzhang/research/fractal_analysis/audio_data/billboard/vocals/full_duration/1963_2_Skeeter Davis_The End of the World_vocals.mp3,1963_2_Skeeter Davis_The End of the World_vocals.mp3,Skeeter Davis,The End of the World,success,/home/data/kevinzhang/research/fractal_analysis/results/audio_melody_f0/cache/clean_contours/billboard_1963_02.npz,55.58857142857143,0.8329248954879631,0.9348370927318296,,0.6860828109301793,0.02637460885113992,0.0
billboard_1955_04,billboard,1955,04,/home/data/kevinzhang/research/fractal_analysis/audio_data/billboard/vocals/full_duration/1955_4_Roger Williams_Autumn Leaves_vocals.mp3,1955_4_Roger Williams_Autumn Leaves_vocals.mp3,Roger Williams,Autumn Leaves,skipped,/home/data/kevinzhang/research/fractal_analysis/results/audio_melody_f0/cache/clean_contours/billboard_1955_04.npz,17.87936507936508,0.3339174979778916,,too_short,,,
billboard_1959_01,billboard,1959,01,/home/data/kevinzhang/research/fractal_analysis/audio_data/billboard/vocals/full_duration/1959_1_Johnny Horton_The Battle of New Orleans_vocals.mp3,1959_1_Johnny Horton_The Battle of New Orleans_vocals.mp3,Johnny Horton,The Battle of New Orleans,skipped,/home/data/kevinzhang/research/fractal_analysis/results/audio_melody_f0/cache/clean_contours/billboard_1959_01.npz,22.01251700680272,0.7094293185663744,,too_short,,,
billboard_1951_03,billboard,1951,03,/home/data/kevinzhang/research/fractal_analysis/audio_data/billboard/vocals/full_duration/1951_3_Les Paul & Mary Ford_How High the Moon_vocals.mp3,1951_3_Les Paul & Mary Ford_How High the Moon_vocals.mp3,Les Paul & Mary Ford,How High the Moon,success,/home/data/kevinzhang/research/fractal_analysis/results/audio_melody_f0/cache/clean_contours/billboard_1951_03.npz,55.00807256235828,0.4676416819012797,0.5470662726888983,,0.01646758759311301,0.08571428571428572,0.006177606177606178
billboard_1961_02,billboard,1961,02,/home/data/kevinzhang/research/fractal_analysis/audio_data/billboard/vocals/full_duration/1961_2_Patsy Cline and The Jordanaires_I Fall to Pieces_vocals.mp3,1961_2_Patsy Cline and The Jordanaires_I Fall to Pieces_vocals.mp3,Patsy Cline and The Jordanaires,I Fall to Pieces,success,/home/data/kevinzhang/research/fractal_analysis/results/audio_melody_f0/cache/clean_contours/billboard_1961_02.npz,69.75274376417234,0.8400442784004428,0.9107856191744341,,0.4849868077159113,0.04314442413162706,0.004753199268738574
billboard_1951_04,billboard,1951,04,/home/data/kevinzhang/research/fractal_analysis/audio_data/billboard/vocals/full_duration/1951_4_Rosemary Clooney_Come on-a My House_vocals.mp3,1951_4_Rosemary Clooney_Come on-a My House_vocals.mp3,Rosemary Clooney,Come on-a My House,success,/home/data/kevinzhang/research/fractal_analysis/results/audio_melody_f0/cache/clean_contours/billboard_1951_04.npz,49.13342403628118,0.7762441679626749,0.8856332703213611,,0.42606232904328145,0.08595835557928456,0.0005339028296849973
billboard_1959_05,billboard,1959,05,/home/data/kevinzhang/research/fractal_analysis/audio_data/billboard/vocals/full_duration/1959_5_Paul Anka_Lonely Boy_vocals.mp3,1959_5_Paul Anka_Lonely Boy_vocals.mp3,Paul Anka,Lonely Boy,skipped,/home/data/kevinzhang/research/fractal_analysis/results/audio_melody_f0/cache/clean_contours/billboard_1959_05.npz,18.64562358276644,0.5136271383009569,,too_short,,,
billboard_1964_02,billboard,1964,02,/home/data/kevinzhang/research/fractal_analysis/audio_data/billboard/vocals/full_duration/1964_2_The Beatles_She Loves You_vocals.mp3,1964_2_The Beatles_She Loves You_vocals.mp3,The Beatles,She Loves You,success,/home/data/kevinzhang/research/fractal_analysis/results/audio_melody_f0/cache/clean_contours/billboard_1964_02.npz,38.754104308390026,0.7343173431734318,0.8106650689035351,,0.047686993082524984,0.0673076923076923,0.005917159763313609
billboard_1957_01,billboard,1957,01,/home/data/kevinzhang/research/fractal_analysis/audio_data/billboard/vocals/full_duration/1957_1_Elvis Presley_All Shook Up_vocals.mp3,1957_1_Elvis Presley_All Shook Up_vocals.mp3,Elvis Presley,All Shook Up,skipped,/home/data/kevinzhang/research/fractal_analysis/results/audio_melody_f0/cache/clean_contours/billboard_1957_01.npz,21.73387755102041,0.7159890539483972,,too_short,,,
billboard_1953_03,billboard,1953,03,/home/data/kevinzhang/research/fractal_analysis/audio_data/billboard/vocals/full_duration/1953_3_Patti Page_(How Much Is) That Doggie in the Window_vocals.mp3,1953_3_Patti Page_(How Much Is) That Doggie in the Window_vocals.mp3,Patti Page,(How Much Is) That Doggie in the Window,success,/home/data/kevinzhang/research/fractal_analysis/results/audio_melody_f0/cache/clean_contours/billboard_1953_03.npz,33.57605442176871,0.8224690458849235,0.8298755186721992,,0.48498680771591124,0.10925771476230192,0.004170141784820684
billboard_1967_02,billboard,1967,02,/home/data/kevinzhang/research/fractal_analysis/audio_data/billboard/vocals/full_duration/1967_2_The Box Tops_The Letter_vocals.mp3,1967_2_The Box Tops_The Letter_vocals.mp3,The Box Tops,The Letter,skipped,/home/data/kevinzhang/research/fractal_analysis/results/audio_melody_f0/cache/clean_contours/billboard_1967_02.npz,17.972244897959182,0.7795487476712896,,too_short,,,
billboard_1959_04,billboard,1959,04,/home/data/kevinzhang/research/fractal_analysis/audio_data/billboard/vocals/full_duration/1959_4_Frankie Avalon_Venus_vocals.mp3,1959_4_Frankie Avalon_Venus_vocals.mp3,Frankie Avalon,Venus,success,/home/data/kevinzhang/research/fractal_analysis/results/audio_melody_f0/cache/clean_contours/billboard_1959_04.npz,49.64426303854875,0.8711974110032362,0.8835360149672591,,0.24075439447557428,0.0413135593220339,0.006355932203389831
billboard_1950_03,billboard,1950,03,/home/data/kevinzhang/research/fractal_analysis/audio_data/billboard/vocals/full_duration/1950_3_Anton Karas_Third Man Theme_vocals.mp3,1950_3_Anton Karas_Third Man Theme_vocals.mp3,Anton Karas,Third Man Theme,skipped,/home/data/kevinzhang/research/fractal_analysis/results/audio_melody_f0/cache/clean_contours/billboard_1950_03.npz,25.959909297052153,0.5367660024687004,,too_short,,,
billboard_1951_01,billboard,1951,01,/home/data/kevinzhang/research/fractal_analysis/audio_data/billboard/vocals/full_duration/1951_1_Nat King Cole_Too Young_vocals.mp3,1951_1_Nat King Cole_Too Young_vocals.mp3,Nat King Cole,Too Young,success,/home/data/kevinzhang/research/fractal_analysis/results/audio_melody_f0/cache/clean_contours/billboard_1951_01.npz,34.411972789115644,0.7779941577409932,0.9385964912280702,,0.4849868077159114,0.05539568345323741,0.0007194244604316547
billboard_1955_03,billboard,1955,03,/home/data/kevinzhang/research/fractal_analysis/audio_data/billboard/vocals/full_duration/1955_3_Mitch Miller_The Yellow Rose of Texas_vocals.mp3,1955_3_Mitch Miller_The Yellow Rose of Texas_vocals.mp3,Mitch Miller,The Yellow Rose of Texas,success,/home/data/kevinzhang/research/fractal_analysis/results/audio_melody_f0/cache/clean_contours/billboard_1955_03.npz,37.987845804988666,0.5909273384183059,0.7047677261613692,,0.020317628556360583,0.0642361111111111,0.003472222222222222
billboard_1950_05,billboard,1950,05,/home/data/kevinzhang/research/fractal_analysis/audio_data/billboard/vocals/full_duration/1950_5_Gary & Bing Crosby_Simple Melody_vocals.mp3,1950_5_Gary & Bing Crosby_Simple Melody_vocals.mp3,Gary & Bing Crosby,Simple Melody,success,/home/data/kevinzhang/research/fractal_analysis/results/audio_melody_f0/cache/clean_contours/billboard_1950_05.npz,34.22621315192744,0.724881995954147,0.8534599728629579,,0.32333605839064083,0.10739856801909307,0.0015910898965791568
billboard_1952_01,billboard,1952,01,/home/data/kevinzhang/research/fractal_analysis/audio_data/billboard/vocals/full_duration/1952_1_Leroy Anderson_Blue Tango_vocals.mp3,1952_1_Leroy Anderson_Blue Tango_vocals.mp3,Leroy Anderson,Blue Tango,skipped,/home/data/kevinzhang/research/fractal_analysis/results/audio_melody_f0/cache/clean_contours/billboard_1952_01.npz,22.105396825396827,0.4533529647972159,,too_short,,,
billboard_1972_02,billboard,1972,02,/home/data/kevinzhang/research/fractal_analysis/audio_data/billboard/vocals/full_duration/1972_2_Gilbert O'Sullivan_Alone Again (Naturally)_vocals.mp3,1972_2_Gilbert O'Sullivan_Alone Again (Naturally)_vocals.mp3,Gilbert O'Sullivan,Alone Again (Naturally),success,/home/data/kevinzhang/research/fractal_analysis/results/audio_melody_f0/cache/clean_contours/billboard_1972_02.npz,41.00643990929705,0.7206638115631692,0.8754246885617214,,0.30147061177227663,0.05760517799352751,0.001941747572815534
billboard_1952_03,billboard,1952,03,/home/data/kevinzhang/research/fractal_analysis/audio_data/billboard/vocals/full_duration/1952_3_Johnnie Ray & The Four Lads_Cry_vocals.mp3,1952_3_Johnnie Ray & The Four Lads_Cry_vocals.mp3,Johnnie Ray & The Four Lads,Cry,success,/home/data/kevinzhang/research/fractal_analysis/results/audio_melody_f0/cache/clean_contours/billboard_1952_03.npz,71.68,0.8286470810742655,0.92095885973437,,0.15046460134333883,0.05102040816326531,0.0017593244194229415
billboard_1952_02,billboard,1952,02,/home/data/kevinzhang/research/fractal_analysis/audio_data/billboard/vocals/full_duration/1952_2_Kay Starr_Wheel of Fortune_vocals.mp3,1952_2_Kay Starr_Wheel of Fortune_vocals.mp3,Kay Starr,Wheel of Fortune,success,/home/data/kevinzhang/research/fractal_analysis/results/audio_melody_f0/cache/clean_contours/billboard_1952_02.npz,40.28662131519275,0.8215547703180212,0.9210374639769452,,0.2065067991177523,0.048841577958672514,0.0012523481527864746
billboard_1951_02,billboard,1951,02,/home/data/kevinzhang/research/fractal_analysis/audio_data/billboard/vocals/full_duration/1951_2_Tony Bennett_Because of You_vocals.mp3,1951_2_Tony Bennett_Because of You_vocals.mp3,Tony Bennett,Because of You,success,/home/data/kevinzhang/research/fractal_analysis/results/audio_melody_f0/cache/clean_contours/billboard_1951_02.npz,38.24326530612245,0.8431603773584906,0.9234972677595629,,0.4260623290432814,0.026973684210526316,0.002631578947368421
billboard_1952_04,billboard,1952,04,/home/data/kevinzhang/research/fractal_analysis/audio_data/billboard/vocals/full_duration/1952_4_Jo Stafford_You Belong to Me_vocals.mp3,1952_4_Jo Stafford_You Belong to Me_vocals.mp3,Jo Stafford,You Belong to Me,success,/home/data/kevinzhang/research/fractal_analysis/results/audio_melody_f0/cache/clean_contours/billboard_1952_04.npz,67.63972789115647,0.8473559194899363,0.9062821833161689,,0.27960516533635893,0.038272072754831375,0.006820765441455097
billboard_1950_02,billboard,1950,02,/home/data/kevinzhang/research/fractal_analysis/audio_data/billboard/vocals/full_duration/1950_2_Nat King Cole_Mona Lisa_vocals.mp3,1950_2_Nat King Cole_Mona Lisa_vocals.mp3,Nat King Cole,Mona Lisa,success,/home/data/kevinzhang/research/fractal_analysis/results/audio_melody_f0/cache/clean_contours/billboard_1950_02.npz,42.32997732426304,0.8105250792904969,0.9199122325836533,,0.5485250542599844,0.03281622911694511,0.0005966587112171838
billboard_1959_02,billboard,1959,02,/home/data/kevinzhang/research/fractal_analysis/audio_data/billboard/vocals/full_duration/1959_2_Bobby Darin_Mack the Knife_vocals.mp3,1959_2_Bobby Darin_Mack the Knife_vocals.mp3,Bobby Darin,Mack the Knife,skipped,/home/data/kevinzhang/research/fractal_analysis/results/audio_melody_f0/cache/clean_contours/billboard_1959_02.npz,17.99546485260771,0.6886271623113729,,too_short,,,
billboard_1958_01,billboard,1958,01,/home/data/kevinzhang/research/fractal_analysis/audio_data/billboard/vocals/full_duration/1958_1_Domenico Modugno_Volare (Nel blu dipinto di blu)_vocals.mp3,1958_1_Domenico Modugno_Volare (Nel blu dipinto di blu)_vocals.mp3,Domenico Modugno,Volare (Nel blu dipinto di blu),success,/home/data/kevinzhang/research/fractal_analysis/results/audio_melody_f0/cache/clean_contours/billboard_1958_01.npz,46.32380952380952,0.8074684239428885,0.8701754385964913,,0.17653060863289757,0.0685878962536023,0.005187319884726225
billboard_1954_02,billboard,1954,02,/home/data/kevinzhang/research/fractal_analysis/audio_data/billboard/vocals/full_duration/1954_2_Perry Como_Wanted_vocals.mp3,1954_2_Perry Como_Wanted_vocals.mp3,Perry Como,Wanted,success,/home/data/kevinzhang/research/fractal_analysis/results/audio_melody_f0/cache/clean_contours/billboard_1954_02.npz,43.049795918367344,0.683609437751004,0.9007551240560949,,0.24075439447557426,0.06111443978430198,0.005392450569203115
billboard_1953_04,billboard,1953,04,/home/data/kevinzhang/research/fractal_analysis/audio_data/billboard/vocals/full_duration/1953_4_Eddie Fisher_I'm Walking Behind You_vocals.mp3,1953_4_Eddie Fisher_I'm Walking Behind You_vocals.mp3,Eddie Fisher,I'm Walking Behind You,success,/home/data/kevinzhang/research/fractal_analysis/results/audio_melody_f0/cache/clean_contours/billboard_1953_04.npz,47.67056689342404,0.8337971161143435,0.9191427179736971,,0.12793708630129033,0.031813361611876985,0.0010604453870625664
billboard_1951_05,billboard,1951,05,/home/data/kevinzhang/research/fractal_analysis/audio_data/billboard/vocals/full_duration/1951_5_Mario Lanza_Be My Love_vocals.mp3,1951_5_Mario Lanza_Be My Love_vocals.mp3,Mario Lanza,Be My Love,success,/home/data/kevinzhang/research/fractal_analysis/results/audio_melody_f0/cache/clean_contours/billboard_1951_05.npz,89.2110657596372,0.7385198395006688,0.8755856324830817,,0.022944219124638603,0.09931608682723758,0.0029735355337496285
billboard_1968_05,billboard,1968,05,/home/data/kevinzhang/research/fractal_analysis/audio_data/billboard/vocals/full_duration/1968_5_The Rascals_People Got to Be Free_vocals.mp3,1968_5_The Rascals_People Got to Be Free_vocals.mp3,The Rascals,People Got to Be Free,skipped,/home/data/kevinzhang/research/fractal_analysis/results/audio_melody_f0/cache/clean_contours/billboard_1968_05.npz,14.349931972789117,0.4940988443570199,,too_short,,,
billboard_1965_03,billboard,1965,03,/home/data/kevinzhang/research/fractal_analysis/audio_data/billboard/vocals/full_duration/1965_3_The Rolling Stones_(I Can't Get No) Satisfaction_vocals.mp3,1965_3_The Rolling Stones_(I Can't Get No) Satisfaction_vocals.mp3,The Rolling Stones,(I Can't Get No) Satisfaction,skipped,/home/data/kevinzhang/research/fractal_analysis/results/audio_melody_f0/cache/clean_contours/billboard_1965_03.npz,24.752471655328797,0.6273511378987842,,too_short,,,
billboard_1974_05,billboard,1974,05,/home/data/kevinzhang/research/fractal_analysis/audio_data/billboard/vocals/full_duration/1974_5_The Jackson 5_Dancing Machine_vocals.mp3,1974_5_The Jackson 5_Dancing Machine_vocals.mp3,The Jackson 5,Dancing Machine,skipped,/home/data/kevinzhang/research/fractal_analysis/results/audio_melody_f0/cache/clean_contours/billboard_1974_05.npz,22.569795918367348,0.5075555555555555,,too_short,,,
billboard_1970_04,billboard,1970,04,/home/data/kevinzhang/research/fractal_analysis/audio_data/billboard/vocals/full_duration/1970_4_B.J. Thomas_Raindrops Keep Fallin' on My Head_vocals.mp3,1970_4_B.J. Thomas_Raindrops Keep Fallin' on My Head_vocals.mp3,B.J. Thomas,Raindrops Keep Fallin' on My Head,skipped,/home/data/kevinzhang/research/fractal_analysis/results/audio_melody_f0/cache/clean_contours/billboard_1970_04.npz,29.094603174603176,0.6413974950560316,,too_short,,,
billboard_1972_04,billboard,1972,04,/home/data/kevinzhang/research/fractal_analysis/audio_data/billboard/vocals/full_duration/1972_4_Harry Nilsson_Without You_vocals.mp3,1972_4_Harry Nilsson_Without You_vocals.mp3,Harry Nilsson,Without You,success,/home/data/kevinzhang/research/fractal_analysis/results/audio_melody_f0/cache/clean_contours/billboard_1972_04.npz,57.23718820861678,0.8200751109593718,0.9399594320486815,,0.2407543944755743,0.03238341968911917,0.002158894645941278
billboard_1973_01,billboard,1973,01,/home/data/kevinzhang/research/fractal_analysis/audio_data/billboard/vocals/full_duration/1973_1_Tony Orlando and Dawn_Tie a Yellow Ribbon Round the Ole Oak Tree_vocals.mp3,1973_1_Tony Orlando and Dawn_Tie a Yellow Ribbon Round the Ole Oak Tree_vocals.mp3,Tony Orlando and Dawn,Tie a Yellow Ribbon Round the Ole Oak Tree,success,/home/data/kevinzhang/research/fractal_analysis/results/audio_melody_f0/cache/clean_contours/billboard_1973_01.npz,50.15510204081633,0.6950837988826816,0.8009259259259259,,0.24075439447557426,0.08559861191440139,0.006940427993059572
billboard_1965_05,billboard,1965,05,/home/data/kevinzhang/research/fractal_analysis/audio_data/billboard/vocals/full_duration/1965_5_The Righteous Brothers_You've Lost That Lovin' Feelin'_vocals.mp3,1965_5_The Righteous Brothers_You've Lost That Lovin' Feelin'_vocals.mp3,The Righteous Brothers,You've Lost That Lovin' Feelin',skipped,/home/data/kevinzhang/research/fractal_analysis/results/audio_melody_f0/cache/clean_contours/billboard_1965_05.npz,27.422766439909296,0.6612557427258805,,too_short,,,
billboard_1975_04,billboard,1975,04,/home/data/kevinzhang/research/fractal_analysis/audio_data/billboard/vocals/full_duration/1975_4_Freddy Fender_Before the Next Teardrop Falls_vocals.mp3,1975_4_Freddy Fender_Before the Next Teardrop Falls_vocals.mp3,Freddy Fender,Before the Next Teardrop Falls,skipped,/home/data/kevinzhang/research/fractal_analysis/results/audio_melody_f0/cache/clean_contours/billboard_1975_04.npz,13.514013605442177,0.6044451118786605,,too_short,,,
billboard_1969_02,billboard,1969,02,/home/data/kevinzhang/research/fractal_analysis/audio_data/billboard/vocals/full_duration/1969_2_The 5th Dimension_Aquarius_Let the Sunshine In (The Flesh Failures)_vocals.mp3,1969_2_The 5th Dimension_Aquarius_Let the Sunshine In (The Flesh Failures)_vocals.mp3,The 5th Dimension,Aquarius/Let the Sunshine In (The Flesh Failures),skipped,/home/data/kevinzhang/research/fractal_analysis/results/audio_melody_f0/cache/clean_contours/billboard_1969_02.npz,26.33142857142857,0.43071519795657726,,too_short,,,
billboard_1975_01,billboard,1975,01,/home/data/kevinzhang/research/fractal_analysis/audio_data/billboard/vocals/full_duration/1975_1_Captain & Tennille_Love Will Keep Us Together_vocals.mp3,1975_1_Captain & Tennille_Love Will Keep Us Together_vocals.mp3,Captain & Tennille,Love Will Keep Us Together,success,/home/data/kevinzhang/research/fractal_analysis/results/audio_melody_f0/cache/clean_contours/billboard_1975_01.npz,82.31473922902495,0.765346201324206,0.842031029619182,,0.1504646013433388,0.06166219839142091,0.006702412868632708
billboard_1963_04,billboard,1963,04,/home/data/kevinzhang/research/fractal_analysis/audio_data/billboard/vocals/full_duration/1963_4_The Chiffons_He's So Fine_vocals.mp3,1963_4_The Chiffons_He's So Fine_vocals.mp3,The Chiffons,He's So Fine,success,/home/data/kevinzhang/research/fractal_analysis/results/audio_melody_f0/cache/clean_contours/billboard_1963_04.npz,44.535873015873015,0.6376392901361948,0.8399374348279458,,0.030106861794195007,0.08944099378881988,0.0037267080745341614
billboard_1977_04,billboard,1977,04,/home/data/kevinzhang/research/fractal_analysis/audio_data/billboard/vocals/full_duration/1977_4_Barbara Streisand_Evergreen (Love Theme from A Star Is Born)_vocals.mp3,1977_4_Barbara Streisand_Evergreen (Love Theme from A Star Is Born)_vocals.mp3,Barbara Streisand,Evergreen (Love Theme from A Star Is Born),success,/home/data/kevinzhang/research/fractal_analysis/results/audio_melody_f0/cache/clean_contours/billboard_1977_04.npz,82.70947845804989,0.8880727091633466,0.9267265581134194,,0.48498680771591124,0.03909090909090909,0.0033333333333333335
billboard_1975_02,billboard,1975,02,/home/data/kevinzhang/research/fractal_analysis/audio_data/billboard/vocals/full_duration/1975_2_Glen Campbell_Rhinestone Cowboy_vocals.mp3,1975_2_Glen Campbell_Rhinestone Cowboy_vocals.mp3,Glen Campbell,Rhinestone Cowboy,skipped,/home/data/kevinzhang/research/fractal_analysis/results/audio_melody_f0/cache/clean_contours/billboard_1975_02.npz,28.23546485260771,0.7067347665993586,,too_short,,,
billboard_1977_05,billboard,1977,05,/home/data/kevinzhang/research/fractal_analysis/audio_data/billboard/vocals/full_duration/1977_5_Hot_Angel in Your Arms_vocals.mp3,1977_5_Hot_Angel in Your Arms_vocals.mp3,Hot,Angel in Your Arms,skipped,/home/data/kevinzhang/research/fractal_analysis/results/audio_melody_f0/cache/clean_contours/billboard_1977_05.npz,21.037278911564627,0.5714655283921873,,too_short,,,
billboard_1977_03,billboard,1977,03,/home/data/kevinzhang/research/fractal_analysis/audio_data/billboard/vocals/full_duration/1977_3_The Emotions_Best of My Love_vocals.mp3,1977_3_The Emotions_Best of My Love_vocals.mp3,The Emotions,Best of My Love,success,/home/data/kevinzhang/research/fractal_analysis/results/audio_melody_f0/cache/clean_contours/billboard_1977_03.npz,51.2,0.6693843420089892,0.8058956916099773,,0.24075439447557426,0.09684684684684684,0.003941441441441441
billboard_1978_05,billboard,1978,05,/home/data/kevinzhang/research/fractal_analysis/audio_data/billboard/vocals/full_duration/1978_5_Exile_Kiss You All Over_vocals.mp3,1978_5_Exile_Kiss You All Over_vocals.mp3,Exile,Kiss You All Over,skipped,/home/data/kevinzhang/research/fractal_analysis/results/audio_melody_f0/cache/clean_contours/billboard_1978_05.npz,11.075918367346938,0.49361056963396144,,too_short,,,
billboard_1962_05,billboard,1962,05,/home/data/kevinzhang/research/fractal_analysis/audio_data/billboard/vocals/full_duration/1962_5_David Rose_The Stripper_vocals.mp3,1962_5_David Rose_The Stripper_vocals.mp3,David Rose,The Stripper,skipped,/home/data/kevinzhang/research/fractal_analysis/results/audio_melody_f0/cache/clean_contours/billboard_1962_05.npz,31.161179138321994,0.30388764502340726,,low_region_voiced_coverage,,,
billboard_1977_02,billboard,1977,02,/home/data/kevinzhang/research/fractal_analysis/audio_data/billboard/vocals/full_duration/1977_2_Andy Gibb_I Just Want To Be Your Everything_vocals.mp3,1977_2_Andy Gibb_I Just Want To Be Your Everything_vocals.mp3,Andy Gibb,I Just Want To Be Your Everything,skipped,/home/data/kevinzhang/research/fractal_analysis/results/audio_melody_f0/cache/clean_contours/billboard_1977_02.npz,25.704489795918366,0.6449223171108138,,too_short,,,
billboard_1958_03b,billboard,1958,03b,/home/data/kevinzhang/research/fractal_analysis/audio_data/billboard/vocals/full_duration/1958_3b_Elvis Presley_I Beg of You_vocals.mp3,1958_3b_Elvis Presley_I Beg of You_vocals.mp3,Elvis Presley,I Beg of You,skipped,/home/data/kevinzhang/research/fractal_analysis/results/audio_melody_f0/cache/clean_contours/billboard_1958_03b.npz,18.854603174603174,0.7213438735177866,,too_short,,,
billboard_1976_04,billboard,1976,04,"/home/data/kevinzhang/research/fractal_analysis/audio_data/billboard/vocals/full_duration/1976_4_The Four Seasons_December, 1963 (Oh, What a Night)_vocals.mp3","1976_4_The Four Seasons_December, 1963 (Oh, What a Night)_vocals.mp3",The Four Seasons,"December, 1963 (Oh, What a Night)",skipped,/home/data/kevinzhang/research/fractal_analysis/results/audio_melody_f0/cache/clean_contours/billboard_1976_04.npz,19.667301587301587,0.6314572980469202,,too_short,,,
billboard_1978_02,billboard,1978,02,/home/data/kevinzhang/research/fractal_analysis/audio_data/billboard/vocals/full_duration/1978_2_Bee Gees_Night Fever_vocals.mp3,1978_2_Bee Gees_Night Fever_vocals.mp3,Bee Gees,Night Fever,skipped,/home/data/kevinzhang/research/fractal_analysis/results/audio_melody_f0/cache/clean_contours/billboard_1978_02.npz,23.54503401360544,0.7279207038645729,,too_short,,,
billboard_1975_05,billboard,1975,05,/home/data/kevinzhang/research/fractal_analysis/audio_data/billboard/vocals/full_duration/1975_5_Frankie Valli_My Eyes Adored You_vocals.mp3,1975_5_Frankie Valli_My Eyes Adored You_vocals.mp3,Frankie Valli,My Eyes Adored You,success,/home/data/kevinzhang/research/fractal_analysis/results/audio_melody_f0/cache/clean_contours/billboard_1975_05.npz,40.658140589569165,0.7559239069974413,0.8446601941747572,,0.4260623290432814,0.06901217861975643,0.0040595399188092015
billboard_1977_01,billboard,1977,01,/home/data/kevinzhang/research/fractal_analysis/audio_data/billboard/vocals/full_duration/1977_1_Rod Stewart_Tonight's the Night (Gonna Be Alright)_vocals.mp3,1977_1_Rod Stewart_Tonight's the Night (Gonna Be Alright)_vocals.mp3,Rod Stewart,Tonight's the Night (Gonna Be Alright),skipped,/home/data/kevinzhang/research/fractal_analysis/results/audio_melody_f0/cache/clean_contours/billboard_1977_01.npz,15.62702947845805,0.5676204199258954,,too_short,,,
billboard_1956_02,billboard,1956,02,/home/data/kevinzhang/research/fractal_analysis/audio_data/billboard/vocals/full_duration/1956_2_Elvis Presley_Don't Be Cruel_vocals.mp3,1956_2_Elvis Presley_Don't Be Cruel_vocals.mp3,Elvis Presley,Don't Be Cruel,skipped,/home/data/kevinzhang/research/fractal_analysis/results/audio_melody_f0/cache/clean_contours/billboard_1956_02.npz,26.192108843537415,0.6700526711813394,,too_short,,,
billboard_1958_02b,billboard,1958,02b,/home/data/kevinzhang/research/fractal_analysis/audio_data/billboard/vocals/full_duration/1958_2b_The Everly Brothers_Claudette_vocals.mp3,1958_2b_The Everly Brothers_Claudette_vocals.mp3,The Everly Brothers,Claudette,skipped,/home/data/kevinzhang/research/fractal_analysis/results/audio_melody_f0/cache/clean_contours/billboard_1958_02b.npz,11.00625850340136,0.47383616023096353,,too_short,,,
billboard_1981_05,billboard,1981,05,/home/data/kevinzhang/research/fractal_analysis/audio_data/billboard/vocals/full_duration/1981_5_Rick Springfield_Jessie's Girl_vocals.mp3,1981_5_Rick Springfield_Jessie's Girl_vocals.mp3,Rick Springfield,Jessie's Girl,skipped,/home/data/kevinzhang/research/fractal_analysis/results/audio_melody_f0/cache/clean_contours/billboard_1981_05.npz,15.928888888888888,0.3633297193109264,,too_short,,,
billboard_1978_03,billboard,1978,03,/home/data/kevinzhang/research/fractal_analysis/audio_data/billboard/vocals/full_duration/1978_3_Debby Boone_You Light Up My Life_vocals.mp3,1978_3_Debby Boone_You Light Up My Life_vocals.mp3,Debby Boone,You Light Up My Life,success,/home/data/kevinzhang/research/fractal_analysis/results/audio_melody_f0/cache/clean_contours/billboard_1978_03.npz,70.5190022675737,0.9035963499731615,0.9012183075403358,,0.7571601330199093,0.033625730994152045,0.0
billboard_1976_02,billboard,1976,02,/home/data/kevinzhang/research/fractal_analysis/audio_data/billboard/vocals/full_duration/1976_2_Elton John and Kiki Dee_Don't Go Breaking My Heart_vocals.mp3,1976_2_Elton John and Kiki Dee_Don't Go Breaking My Heart_vocals.mp3,Elton John and Kiki Dee,Don't Go Breaking My Heart,success,/home/data/kevinzhang/research/fractal_analysis/results/audio_melody_f0/cache/clean_contours/billboard_1976_02.npz,47.41514739229025,0.6786553406831737,0.8114593535749265,,0.10857977072874499,0.0966183574879227,0.0030193236714975845
billboard_1980_04,billboard,1980,04,/home/data/kevinzhang/research/fractal_analysis/audio_data/billboard/vocals/full_duration/1980_4_Michael Jackson_Rock with You_vocals.mp3,1980_4_Michael Jackson_Rock with You_vocals.mp3,Michael Jackson,Rock with You,skipped,/home/data/kevinzhang/research/fractal_analysis/results/audio_melody_f0/cache/clean_contours/billboard_1980_04.npz,18.48308390022676,0.5843621399176955,,too_short,,,
billboard_1957_02,billboard,1957,02,/home/data/kevinzhang/research/fractal_analysis/audio_data/billboard/vocals/full_duration/1957_2_Pat Boone_Love Letters in the Sand_vocals.mp3,1957_2_Pat Boone_Love Letters in the Sand_vocals.mp3,Pat Boone,Love Letters in the Sand,skipped,/home/data/kevinzhang/research/fractal_analysis/results/audio_melody_f0/cache/clean_contours/billboard_1957_02.npz,27.562086167800455,0.8244569589702333,,too_short,,,
billboard_1964_05,billboard,1964,05,/home/data/kevinzhang/research/fractal_analysis/audio_data/billboard/vocals/full_duration/1964_5_The Beach Boys_I Get Around_vocals.mp3,1964_5_The Beach Boys_I Get Around_vocals.mp3,The Beach Boys,I Get Around,skipped,/home/data/kevinzhang/research/fractal_analysis/results/audio_melody_f0/cache/clean_contours/billboard_1964_05.npz,18.22766439909297,0.7316821465428277,,too_short,,,
billboard_1956_01,billboard,1956,01,/home/data/kevinzhang/research/fractal_analysis/audio_data/billboard/vocals/full_duration/1956_1_Elvis Presley_Heartbreak Hotel_vocals.mp3,1956_1_Elvis Presley_Heartbreak Hotel_vocals.mp3,Elvis Presley,Heartbreak Hotel,skipped,/home/data/kevinzhang/research/fractal_analysis/results/audio_melody_f0/cache/clean_contours/billboard_1956_01.npz,22.755555555555556,0.7311091073038773,,too_short,,,
billboard_1980_02,billboard,1980,02,"/home/data/kevinzhang/research/fractal_analysis/audio_data/billboard/vocals/full_duration/1980_2_Pink Floyd_Another Brick in the Wall, Part II_vocals.mp3","1980_2_Pink Floyd_Another Brick in the Wall, Part II_vocals.mp3",Pink Floyd,"Another Brick in the Wall, Part II",skipped,/home/data/kevinzhang/research/fractal_analysis/results/audio_melody_f0/cache/clean_contours/billboard_1980_02.npz,14.489251700680272,0.4406390414378432,,too_short,,,
billboard_1981_01,billboard,1981,01,/home/data/kevinzhang/research/fractal_analysis/audio_data/billboard/vocals/full_duration/1981_1_Kim Carnes_Bette Davis Eyes_vocals.mp3,1981_1_Kim Carnes_Bette Davis Eyes_vocals.mp3,Kim Carnes,Bette Davis Eyes,skipped,/home/data/kevinzhang/research/fractal_analysis/results/audio_melody_f0/cache/clean_contours/billboard_1981_01.npz,18.506303854875284,0.530107973421927,,too_short,,,
billboard_1961_05,billboard,1961,05,/home/data/kevinzhang/research/fractal_analysis/audio_data/billboard/vocals/full_duration/1961_5_Del Shannon_Runaway_vocals.mp3,1961_5_Del Shannon_Runaway_vocals.mp3,Del Shannon,Runaway,success,/home/data/kevinzhang/research/fractal_analysis/results/audio_melody_f0/cache/clean_contours/billboard_1961_05.npz,40.14730158730159,0.6773917508129386,0.8131868131868132,,0.2796051653363589,0.042704626334519574,0.0056939501779359435
billboard_1958_05,billboard,1958,05,/home/data/kevinzhang/research/fractal_analysis/audio_data/billboard/vocals/full_duration/1958_5_Perez Prado_Patricia_vocals.mp3,1958_5_Perez Prado_Patricia_vocals.mp3,Perez Prado,Patricia,skipped,/home/data/kevinzhang/research/fractal_analysis/results/audio_melody_f0/cache/clean_contours/billboard_1958_05.npz,21.478458049886623,0.4771831910702561,,too_short,,,
billboard_1964_03,billboard,1964,03,"/home/data/kevinzhang/research/fractal_analysis/audio_data/billboard/vocals/full_duration/1964_3_Louis Armstrong_Hello, Dolly!_vocals.mp3","1964_3_Louis Armstrong_Hello, Dolly!_vocals.mp3",Louis Armstrong,"Hello, Dolly!",skipped,/home/data/kevinzhang/research/fractal_analysis/results/audio_melody_f0/cache/clean_contours/billboard_1964_03.npz,24.659591836734695,0.564415209369485,,too_short,,,
billboard_1958_04,billboard,1958,04,/home/data/kevinzhang/research/fractal_analysis/audio_data/billboard/vocals/full_duration/1958_4_David Seville_Witch Doctor_vocals.mp3,1958_4_David Seville_Witch Doctor_vocals.mp3,David Seville,Witch Doctor,success,/home/data/kevinzhang/research/fractal_analysis/results/audio_melody_f0/cache/clean_contours/billboard_1958_04.npz,41.4940589569161,0.840713706407137,0.8612199216564074,,0.034897428019625254,0.09817945383615084,0.002600780234070221
billboard_1978_04,billboard,1978,04,/home/data/kevinzhang/research/fractal_analysis/audio_data/billboard/vocals/full_duration/1978_4_Bee Gees_Stayin Alive_vocals.mp3,1978_4_Bee Gees_Stayin Alive_vocals.mp3,Bee Gees,Stayin Alive,success,/home/data/kevinzhang/research/fractal_analysis/results/audio_melody_f0/cache/clean_contours/billboard_1978_04.npz,30.859319727891158,0.5358272845710031,0.7990970654627539,,0.0779752376229482,0.09236569274269557,0.006597549481621112
billboard_1958_02a,billboard,1958,02a,/home/data/kevinzhang/research/fractal_analysis/audio_data/billboard/vocals/full_duration/1958_2a_The Everly Brothers_All I Have to Do Is Dream_vocals.mp3,1958_2a_The Everly Brothers_All I Have to Do Is Dream_vocals.mp3,The Everly Brothers,All I Have to Do Is Dream,skipped,/home/data/kevinzhang/research/fractal_analysis/results/audio_melody_f0/cache/clean_contours/billboard_1958_02a.npz,25.890249433106575,0.7391867811436903,,too_short,,,
billboard_1976_03,billboard,1976,03,/home/data/kevinzhang/research/fractal_analysis/audio_data/billboard/vocals/full_duration/1976_3_Johnnie Taylor_Disco Lady_vocals.mp3,1976_3_Johnnie Taylor_Disco Lady_vocals.mp3,Johnnie Taylor,Disco Lady,skipped,/home/data/kevinzhang/research/fractal_analysis/results/audio_melody_f0/cache/clean_contours/billboard_1976_03.npz,21.89641723356009,0.6084159276647539,,too_short,,,
billboard_1961_01,billboard,1961,01,/home/data/kevinzhang/research/fractal_analysis/audio_data/billboard/vocals/full_duration/1961_1_Bobby Lewis_Tossin' and Turnin'_vocals.mp3,1961_1_Bobby Lewis_Tossin' and Turnin'_vocals.mp3,Bobby Lewis,Tossin' and Turnin',success,/home/data/kevinzhang/research/fractal_analysis/results/audio_melody_f0/cache/clean_contours/billboard_1961_01.npz,41.84235827664399,0.7481746386529579,0.7180910099889012,,0.15046460134333878,0.0765661252900232,0.007733952049497293
billboard_1960_01,billboard,1960,01,"/home/data/kevinzhang/research/fractal_analysis/audio_data/billboard/vocals/full_duration/1960_1_Percy Faith_The Theme from ""A Summer Place""_vocals.mp3","1960_1_Percy Faith_The Theme from ""A Summer Place""_vocals.mp3",Percy Faith,The Theme from 'A Summer Place',skipped,/home/data/kevinzhang/research/fractal_analysis/results/audio_melody_f0/cache/clean_contours/billboard_1960_01.npz,21.13015873015873,0.34899006091696055,,too_short,,,
billboard_1982_03,billboard,1982,03,/home/data/kevinzhang/research/fractal_analysis/audio_data/billboard/vocals/full_duration/1982_3_Joan Jett & The Blackhearts_I Love Rock 'N Roll_vocals.mp3,1982_3_Joan Jett & The Blackhearts_I Love Rock 'N Roll_vocals.mp3,Joan Jett & The Blackhearts,I Love Rock 'N Roll,success,/home/data/kevinzhang/research/fractal_analysis/results/audio_melody_f0/cache/clean_contours/billboard_1982_03.npz,66.80380952380952,0.7672413793103449,0.9259645464025026,,0.10857977072874497,0.05745399924896733,0.007134810364250845
billboard_1981_03,billboard,1981,03,/home/data/kevinzhang/research/fractal_analysis/audio_data/billboard/vocals/full_duration/1981_3_Kenny Rogers_Lady_vocals.mp3,1981_3_Kenny Rogers_Lady_vocals.mp3,Kenny Rogers,Lady,skipped,/home/data/kevinzhang/research/fractal_analysis/results/audio_melody_f0/cache/clean_contours/billboard_1981_03.npz,25.44907029478458,0.7864521255462853,,too_short,,,
billboard_1975_03,billboard,1975,03,/home/data/kevinzhang/research/fractal_analysis/audio_data/billboard/vocals/full_duration/1975_3_Elton John_Philadelphia Freedom_vocals.mp3,1975_3_Elton John_Philadelphia Freedom_vocals.mp3,Elton John,Philadelphia Freedom,success,/home/data/kevinzhang/research/fractal_analysis/results/audio_melody_f0/cache/clean_contours/billboard_1975_03.npz,69.4508843537415,0.7134927705064071,0.8445336008024072,,0.1765306086328976,0.09861386138613862,0.009108910891089108
billboard_1978_01,billboard,1978,01,/home/data/kevinzhang/research/fractal_analysis/audio_data/billboard/vocals/full_duration/1978_1_Andy Gibb_Shadow Dancing_vocals.mp3,1978_1_Andy Gibb_Shadow Dancing_vocals.mp3,Andy Gibb,Shadow Dancing,skipped,/home/data/kevinzhang/research/fractal_analysis/results/audio_melody_f0/cache/clean_contours/billboard_1978_01.npz,23.173514739229024,0.6103142076502732,,too_short,,,
billboard_1955_05,billboard,1955,05,/home/data/kevinzhang/research/fractal_analysis/audio_data/billboard/vocals/full_duration/1955_5_Les Baxter_Unchained Melody_vocals.mp3,1955_5_Les Baxter_Unchained Melody_vocals.mp3,Les Baxter,Unchained Melody,success,/home/data/kevinzhang/research/fractal_analysis/results/audio_melody_f0/cache/clean_contours/billboard_1955_05.npz,37.384126984126986,0.7512705991067303,0.9062111801242236,,0.48498680771591124,0.030864197530864196,0.0013717421124828531
billboard_1960_02,billboard,1960,02,/home/data/kevinzhang/research/fractal_analysis/audio_data/billboard/vocals/full_duration/1960_2_Jim Reeves_He'll Have to Go_vocals.mp3,1960_2_Jim Reeves_He'll Have to Go_vocals.mp3,Jim Reeves,He'll Have to Go,success,/home/data/kevinzhang/research/fractal_analysis/results/audio_melody_f0/cache/clean_contours/billboard_1960_02.npz,79.66766439909297,0.8531960111165604,0.9113960944331099,,0.42606232904328145,0.037747920665387076,0.005118362124120281
billboard_1980_05,billboard,1980,05,/home/data/kevinzhang/research/fractal_analysis/audio_data/billboard/vocals/full_duration/1980_5_Captain & Tennille_Do That To Me One More Time_vocals.mp3,1980_5_Captain & Tennille_Do That To Me One More Time_vocals.mp3,Captain & Tennille,Do That To Me One More Time,skipped,/home/data/kevinzhang/research/fractal_analysis/results/audio_melody_f0/cache/clean_contours/billboard_1980_05.npz,17.11310657596372,0.6844298898481691,,too_short,,,
billboard_1976_05,billboard,1976,05,/home/data/kevinzhang/research/fractal_analysis/audio_data/billboard/vocals/full_duration/1976_5_Wild Cherry_Play That Funky Music_vocals.mp3,1976_5_Wild Cherry_Play That Funky Music_vocals.mp3,Wild Cherry,Play That Funky Music,skipped,/home/data/kevinzhang/research/fractal_analysis/results/audio_melody_f0/cache/clean_contours/billboard_1976_05.npz,18.274104308390022,0.5630471509752726,,too_short,,,
billboard_1969_05,billboard,1969,05,/home/data/kevinzhang/research/fractal_analysis/audio_data/billboard/vocals/full_duration/1969_5_Sly and the Family Stone_Everyday People_vocals.mp3,1969_5_Sly and the Family Stone_Everyday People_vocals.mp3,Sly and the Family Stone,Everyday People,skipped,/home/data/kevinzhang/research/fractal_analysis/results/audio_melody_f0/cache/clean_contours/billboard_1969_05.npz,29.559002267573696,0.6839183673469388,,too_short,,,
billboard_1966_01,billboard,1966,01,/home/data/kevinzhang/research/fractal_analysis/audio_data/billboard/vocals/full_duration/1966_1_The Mamas & The Papas_California Dreamin'_vocals.mp3,1966_1_The Mamas & The Papas_California Dreamin'_vocals.mp3,The Mamas & The Papas,California Dreamin',skipped,/home/data/kevinzhang/research/fractal_analysis/results/audio_melody_f0/cache/clean_contours/billboard_1966_01.npz,20.108480725623583,0.6619676945668135,,too_short,,,
billboard_1960_03,billboard,1960,03,/home/data/kevinzhang/research/fractal_analysis/audio_data/billboard/vocals/full_duration/1960_3_The Everly Brothers_Cathy's Clown_vocals.mp3,1960_3_The Everly Brothers_Cathy's Clown_vocals.mp3,The Everly Brothers,Cathy's Clown,success,/home/data/kevinzhang/research/fractal_analysis/results/audio_melody_f0/cache/clean_contours/billboard_1960_03.npz,34.969251700680275,0.7393334406697795,0.8745019920318725,,0.2065067991177523,0.04179331306990881,0.005319148936170213
billboard_1960_05,billboard,1960,05,/home/data/kevinzhang/research/fractal_analysis/audio_data/billboard/vocals/full_duration/1960_5_Mark Dinning_Teen Angel_vocals.mp3,1960_5_Mark Dinning_Teen Angel_vocals.mp3,Mark Dinning,Teen Angel,success,/home/data/kevinzhang/research/fractal_analysis/results/audio_melody_f0/cache/clean_contours/billboard_1960_05.npz,35.50331065759637,0.7472161966738973,0.841726618705036,,0.07797523762294817,0.06842923794712286,0.006220839813374806
billboard_1979_01,billboard,1979,01,/home/data/kevinzhang/research/fractal_analysis/audio_data/billboard/vocals/full_duration/1979_1_The Knack_My Sharona_vocals.mp3,1979_1_The Knack_My Sharona_vocals.mp3,The Knack,My Sharona,skipped,/home/data/kevinzhang/research/fractal_analysis/results/audio_melody_f0/cache/clean_contours/billboard_1979_01.npz,27.631746031746033,0.3650905669254293,,too_short,,,
billboard_1957_04,billboard,1957,04,/home/data/kevinzhang/research/fractal_analysis/audio_data/billboard/vocals/full_duration/1957_4_Tab Hunter_Young Love_vocals.mp3,1957_4_Tab Hunter_Young Love_vocals.mp3,Tab Hunter,Young Love,skipped,/home/data/kevinzhang/research/fractal_analysis/results/audio_melody_f0/cache/clean_contours/billboard_1957_04.npz,29.512562358276643,0.7582013122099536,,too_short,,,
billboard_1959_03,billboard,1959,03,/home/data/kevinzhang/research/fractal_analysis/audio_data/billboard/vocals/full_duration/1959_3_Lloyd Price_Personality_vocals.mp3,1959_3_Lloyd Price_Personality_vocals.mp3,Lloyd Price,Personality,skipped,/home/data/kevinzhang/research/fractal_analysis/results/audio_melody_f0/cache/clean_contours/billboard_1959_03.npz,25.611609977324264,0.7652685798381162,,too_short,,,
billboard_1956_03,billboard,1956,03,/home/data/kevinzhang/research/fractal_analysis/audio_data/billboard/vocals/full_duration/1956_3_Nelson Riddle_Lisbon Antigua_vocals.mp3,1956_3_Nelson Riddle_Lisbon Antigua_vocals.mp3,Nelson Riddle,Lisbon Antigua,success,/home/data/kevinzhang/research/fractal_analysis/results/audio_melody_f0/cache/clean_contours/billboard_1956_03.npz,33.85469387755102,0.6602515532656463,0.9094650205761317,,0.1765306086328976,0.03320754716981132,0.0022641509433962265
billboard_1982_01,billboard,1982,01,/home/data/kevinzhang/research/fractal_analysis/audio_data/billboard/vocals/full_duration/1982_1_Olivia Newton-John_Physical_vocals.mp3,1982_1_Olivia Newton-John_Physical_vocals.mp3,Olivia Newton-John,Physical,skipped,/home/data/kevinzhang/research/fractal_analysis/results/audio_melody_f0/cache/clean_contours/billboard_1982_01.npz,24.91501133786848,0.6162150939478874,,too_short,,,
billboard_1963_01,billboard,1963,01,/home/data/kevinzhang/research/fractal_analysis/audio_data/billboard/vocals/full_duration/1963_1_The Beach Boys_Surfin' USA_vocals.mp3,1963_1_The Beach Boys_Surfin' USA_vocals.mp3,The Beach Boys,Surfin' USA,success,/home/data/kevinzhang/research/fractal_analysis/results/audio_melody_f0/cache/clean_contours/billboard_1963_01.npz,39.91510204081633,0.8088005010961479,0.8452588714368819,,0.10857977072874496,0.05371900826446281,0.015151515151515152
billboard_1968_02,billboard,1968,02,/home/data/kevinzhang/research/fractal_analysis/audio_data/billboard/vocals/full_duration/1968_2_Paul Mauriat_Love is Blue_vocals.mp3,1968_2_Paul Mauriat_Love is Blue_vocals.mp3,Paul Mauriat,Love is Blue,skipped,/home/data/kevinzhang/research/fractal_analysis/results/audio_melody_f0/cache/clean_contours/billboard_1968_02.npz,14.187392290249434,0.19189927184466019,,too_short,,,
billboard_1980_03,billboard,1980,03,/home/data/kevinzhang/research/fractal_analysis/audio_data/billboard/vocals/full_duration/1980_3_Olivia Newton-John_Magic_vocals.mp3,1980_3_Olivia Newton-John_Magic_vocals.mp3,Olivia Newton-John,Magic,skipped,/home/data/kevinzhang/research/fractal_analysis/results/audio_melody_f0/cache/clean_contours/billboard_1980_03.npz,18.83138321995465,0.7171621154510889,,too_short,,,
billboard_1976_01,billboard,1976,01,/home/data/kevinzhang/research/fractal_analysis/audio_data/billboard/vocals/full_duration/1976_1_Wings_Silly Love Songs_vocals.mp3,1976_1_Wings_Silly Love Songs_vocals.mp3,Wings,Silly Love Songs,success,/home/data/kevinzhang/research/fractal_analysis/results/audio_melody_f0/cache/clean_contours/billboard_1976_01.npz,33.52961451247165,0.7004241435562806,0.817174515235457,,0.5485250542599845,0.041560644614079725,0.005089058524173028
billboard_1965_01,billboard,1965,01,/home/data/kevinzhang/research/fractal_analysis/audio_data/billboard/vocals/full_duration/1965_1_Sam the Sham and the Pharaohs_Wooly Bully_vocals.mp3,1965_1_Sam the Sham and the Pharaohs_Wooly Bully_vocals.mp3,Sam the Sham and the Pharaohs,Wooly Bully,skipped,/home/data/kevinzhang/research/fractal_analysis/results/audio_melody_f0/cache/clean_contours/billboard_1965_01.npz,15.232290249433106,0.46419251957089014,,too_short,,,
billboard_1981_02,billboard,1981,02,/home/data/kevinzhang/research/fractal_analysis/audio_data/billboard/vocals/full_duration/1981_2_Diana Ross and Lionel Richie_Endless Love_vocals.mp3,1981_2_Diana Ross and Lionel Richie_Endless Love_vocals.mp3,Diana Ross and Lionel Richie,Endless Love,skipped,/home/data/kevinzhang/research/fractal_analysis/results/audio_melody_f0/cache/clean_contours/billboard_1981_02.npz,27.724625850340136,0.716889005144302,,too_short,,,
billboard_1957_05,billboard,1957,05,/home/data/kevinzhang/research/fractal_analysis/audio_data/billboard/vocals/full_duration/1957_5_Jimmy Dorsey_So Rare_vocals.mp3,1957_5_Jimmy Dorsey_So Rare_vocals.mp3,Jimmy Dorsey,So Rare,skipped,/home/data/kevinzhang/research/fractal_analysis/results/audio_melody_f0/cache/clean_contours/billboard_1957_05.npz,14.97687074829932,0.49392530373481325,,too_short,,,
billboard_1962_03,billboard,1962,03,/home/data/kevinzhang/research/fractal_analysis/audio_data/billboard/vocals/full_duration/1962_3_Dee Dee Sharp_Mashed Potato Time_vocals.mp3,1962_3_Dee Dee Sharp_Mashed Potato Time_vocals.mp3,Dee Dee Sharp,Mashed Potato Time,success,/home/data/kevinzhang/research/fractal_analysis/results/audio_melody_f0/cache/clean_contours/billboard_1962_03.npz,33.99401360544218,0.6940096327513546,0.7459016393442623,,0.06608151270920701,0.07791017415215398,0.02383134738771769
billboard_1958_03a,billboard,1958,03a,/home/data/kevinzhang/research/fractal_analysis/audio_data/billboard/vocals/full_duration/1958_3a_Elvis Presley_Don't_vocals.mp3,1958_3a_Elvis Presley_Don't_vocals.mp3,Elvis Presley,Don't,skipped,/home/data/kevinzhang/research/fractal_analysis/results/audio_melody_f0/cache/clean_contours/billboard_1958_03a.npz,23.196734693877552,0.8119928483014716,,too_short,,,
billboard_1965_02,billboard,1965,02,/home/data/kevinzhang/research/fractal_analysis/audio_data/billboard/vocals/full_duration/1965_2_Four Tops_I Can't Help Myself (Sugar Pie Honey Bunch)_vocals.mp3,1965_2_Four Tops_I Can't Help Myself (Sugar Pie Honey Bunch)_vocals.mp3,Four Tops,I Can't Help Myself (Sugar Pie Honey Bunch),skipped,/home/data/kevinzhang/research/fractal_analysis/results/audio_melody_f0/cache/clean_contours/billboard_1965_02.npz,25.123990929705215,0.7209773022986844,,too_short,,,
billboard_1964_01,billboard,1964,01,/home/data/kevinzhang/research/fractal_analysis/audio_data/billboard/vocals/full_duration/1964_1_The Beatles_I Want to Hold Your Hand_vocals.mp3,1964_1_The Beatles_I Want to Hold Your Hand_vocals.mp3,The Beatles,I Want to Hold Your Hand,skipped,/home/data/kevinzhang/research/fractal_analysis/results/audio_melody_f0/cache/clean_contours/billboard_1964_01.npz,29.675102040816327,0.7390272835112692,,too_short,,,
billboard_1954_04,billboard,1954,04,/home/data/kevinzhang/research/fractal_analysis/audio_data/billboard/vocals/full_duration/1954_4_The Crew-Cuts_Sh-Boom_vocals.mp3,1954_4_The Crew-Cuts_Sh-Boom_vocals.mp3,The Crew-Cuts,Sh-Boom,skipped,/home/data/kevinzhang/research/fractal_analysis/results/audio_melody_f0/cache/clean_contours/billboard_1954_04.npz,22.66267573696145,0.582749929991599,,too_short,,,
billboard_1963_03,billboard,1963,03,/home/data/kevinzhang/research/fractal_analysis/audio_data/billboard/vocals/full_duration/1963_3_The Cascades_Rhythm of the Rain_vocals.mp3,1963_3_The Cascades_Rhythm of the Rain_vocals.mp3,The Cascades,Rhythm of the Rain,skipped,/home/data/kevinzhang/research/fractal_analysis/results/audio_melody_f0/cache/clean_contours/billboard_1963_03.npz,18.11156462585034,0.6039215686274509,,too_short,,,
billboard_1965_04,billboard,1965,04,/home/data/kevinzhang/research/fractal_analysis/audio_data/billboard/vocals/full_duration/1965_4_We Five_You Were On My Mind_vocals.mp3,1965_4_We Five_You Were On My Mind_vocals.mp3,We Five,You Were On My Mind,success,/home/data/kevinzhang/research/fractal_analysis/results/audio_melody_f0/cache/clean_contours/billboard_1965_04.npz,60.348662131519276,0.7657800143781452,0.8895729126587149,,0.24075439447557426,0.040242319342276074,0.0017308524448290783
billboard_1962_04,billboard,1962,04,/home/data/kevinzhang/research/fractal_analysis/audio_data/billboard/vocals/full_duration/1962_4_Bobby Vinton_Roses Are Red (My Love)_vocals.mp3,1962_4_Bobby Vinton_Roses Are Red (My Love)_vocals.mp3,Bobby Vinton,Roses Are Red (My Love),success,/home/data/kevinzhang/research/fractal_analysis/results/audio_melody_f0/cache/clean_contours/billboard_1962_04.npz,33.08843537414966,0.8540103016924209,0.8989473684210526,,0.20650679911775227,0.021875,0.00234375
billboard_1971_04,billboard,1971,04,/home/data/kevinzhang/research/fractal_analysis/audio_data/billboard/vocals/full_duration/1971_4_The Osmonds_One Bad Apple_vocals.mp3,1971_4_The Osmonds_One Bad Apple_vocals.mp3,The Osmonds,One Bad Apple,success,/home/data/kevinzhang/research/fractal_analysis/results/audio_melody_f0/cache/clean_contours/billboard_1971_04.npz,49.27274376417234,0.8308927062799212,0.8473138548539114,,0.1504646013433388,0.09015025041736227,0.00667779632721202
billboard_1952_05,billboard,1952,05,/home/data/kevinzhang/research/fractal_analysis/audio_data/billboard/vocals/full_duration/1952_5_Vera Lynn_Auf Wiederseh’n Sweetheart_vocals.mp3,1952_5_Vera Lynn_Auf Wiederseh’n Sweetheart_vocals.mp3,Vera Lynn,Auf Wiederseh’n Sweetheart,success,/home/data/kevinzhang/research/fractal_analysis/results/audio_melody_f0/cache/clean_contours/billboard_1952_05.npz,49.52816326530613,0.7324216051940876,0.9062353492733239,,0.17653060863289766,0.03674948240165631,0.002070393374741201
billboard_1956_04,billboard,1956,04,/home/data/kevinzhang/research/fractal_analysis/audio_data/billboard/vocals/full_duration/1956_4_The Platters_My Prayer_vocals.mp3,1956_4_The Platters_My Prayer_vocals.mp3,The Platters,My Prayer,success,/home/data/kevinzhang/research/fractal_analysis/results/audio_melody_f0/cache/clean_contours/billboard_1956_04.npz,33.57605442176871,0.8226920950801547,0.9156293222683264,,0.09203757081218102,0.03552532123960695,0.0022675736961451248
billboard_1969_01,billboard,1969,01,"/home/data/kevinzhang/research/fractal_analysis/audio_data/billboard/vocals/full_duration/1969_1_The Archies_Sugar, Sugar_vocals.mp3","1969_1_The Archies_Sugar, Sugar_vocals.mp3",The Archies,"Sugar, Sugar",skipped,/home/data/kevinzhang/research/fractal_analysis/results/audio_melody_f0/cache/clean_contours/billboard_1969_01.npz,22.128616780045352,0.6514756348661633,,too_short,,,
billboard_1953_05,billboard,1953,05,"/home/data/kevinzhang/research/fractal_analysis/audio_data/billboard/vocals/full_duration/1953_5_Ames Brothers_You, You, You_vocals.mp3","1953_5_Ames Brothers_You, You, You_vocals.mp3",Ames Brothers,"You, You, You",skipped,/home/data/kevinzhang/research/fractal_analysis/results/audio_melody_f0/cache/clean_contours/billboard_1953_05.npz,29.559002267573696,0.5478373143963847,,too_short,,,
billboard_1968_01,billboard,1968,01,/home/data/kevinzhang/research/fractal_analysis/audio_data/billboard/vocals/full_duration/1968_1_The Beatles_Hey Jude_vocals.mp3,1968_1_The Beatles_Hey Jude_vocals.mp3,The Beatles,Hey Jude,success,/home/data/kevinzhang/research/fractal_analysis/results/audio_melody_f0/cache/clean_contours/billboard_1968_01.npz,90.79002267573696,0.7743308019604674,0.8061381074168797,,0.06608151270920698,0.04855601396382101,0.0050777530942557915
billboard_1963_05,billboard,1963,05,/home/data/kevinzhang/research/fractal_analysis/audio_data/billboard/vocals/full_duration/1963_5_Bobby Vinton_Blue Velvet_vocals.mp3,1963_5_Bobby Vinton_Blue Velvet_vocals.mp3,Bobby Vinton,Blue Velvet,success,/home/data/kevinzhang/research/fractal_analysis/results/audio_melody_f0/cache/clean_contours/billboard_1963_05.npz,47.25260770975057,0.8466003316749585,0.9385749385749386,,0.4849868077159114,0.02357255107386066,0.001571503404924044
billboard_1961_03,billboard,1961,03,/home/data/kevinzhang/research/fractal_analysis/audio_data/billboard/vocals/full_duration/1961_3_The Highwaymen_Michael (Row the Boat Ashore)_vocals.mp3,1961_3_The Highwaymen_Michael (Row the Boat Ashore)_vocals.mp3,The Highwaymen,Michael (Row the Boat Ashore),success,/home/data/kevinzhang/research/fractal_analysis/results/audio_melody_f0/cache/clean_contours/billboard_1961_03.npz,38.17360544217687,0.6864490603363007,0.9245742092457421,,0.42606232904328145,0.028308097432521395,0.0
billboard_1967_04,billboard,1967,04,/home/data/kevinzhang/research/fractal_analysis/audio_data/billboard/vocals/full_duration/1967_4_The Association_Windy_vocals.mp3,1967_4_The Association_Windy_vocals.mp3,The Association,Windy,skipped,/home/data/kevinzhang/research/fractal_analysis/results/audio_melody_f0/cache/clean_contours/billboard_1967_04.npz,15.580589569160997,0.49171122994652405,,too_short,,,
billboard_1966_05,billboard,1966,05,/home/data/kevinzhang/research/fractal_analysis/audio_data/billboard/vocals/full_duration/1966_5_Four Tops_Reach Out I'll Be There_vocals.mp3,1966_5_Four Tops_Reach Out I'll Be There_vocals.mp3,Four Tops,Reach Out I'll Be There,success,/home/data/kevinzhang/research/fractal_analysis/results/audio_melody_f0/cache/clean_contours/billboard_1966_05.npz,36.1534693877551,0.697359864741839,0.8240205523442518,,0.04069733156888106,0.0655226209048362,0.0124804992199688
billboard_1967_05,billboard,1967,05,/home/data/kevinzhang/research/fractal_analysis/audio_data/billboard/vocals/full_duration/1967_5_The Monkees_I'm a Believer_vocals.mp3,1967_5_The Monkees_I'm a Believer_vocals.mp3,The Monkees,I'm a Believer,skipped,/home/data/kevinzhang/research/fractal_analysis/results/audio_melody_f0/cache/clean_contours/billboard_1967_05.npz,15.650249433106577,0.6719472872564138,,too_short,,,
billboard_1954_01,billboard,1954,01,/home/data/kevinzhang/research/fractal_analysis/audio_data/billboard/vocals/full_duration/1954_1_Kitty Kallen_Little Things Mean a Lot_vocals.mp3,1954_1_Kitty Kallen_Little Things Mean a Lot_vocals.mp3,Kitty Kallen,Little Things Mean a Lot,success,/home/data/kevinzhang/research/fractal_analysis/results/audio_melody_f0/cache/clean_contours/billboard_1954_01.npz,36.94294784580499,0.8746420203072116,0.8680075424261471,,0.2065067991177523,0.04782608695652174,0.010144927536231883
billboard_1953_02,billboard,1953,02,/home/data/kevinzhang/research/fractal_analysis/audio_data/billboard/vocals/full_duration/1953_2_Les Paul & Mary Ford_Vaya con Dios_vocals.mp3,1953_2_Les Paul & Mary Ford_Vaya con Dios_vocals.mp3,Les Paul & Mary Ford,Vaya con Dios,success,/home/data/kevinzhang/research/fractal_analysis/results/audio_melody_f0/cache/clean_contours/billboard_1953_02.npz,44.6055328798186,0.8198383340183587,0.9297241020301926,,0.6860828109301793,0.03137254901960784,0.0011204481792717086
billboard_1964_04,billboard,1964,04,"/home/data/kevinzhang/research/fractal_analysis/audio_data/billboard/vocals/full_duration/1964_4_Roy Orbison_Oh, Pretty Woman_vocals.mp3","1964_4_Roy Orbison_Oh, Pretty Woman_vocals.mp3",Roy Orbison,"Oh, Pretty Woman",success,/home/data/kevinzhang/research/fractal_analysis/results/audio_melody_f0/cache/clean_contours/billboard_1964_04.npz,72.77133786848073,0.7293963254593175,0.8305679642629228,,0.09203757081218102,0.09454265949269793,0.002690238278247502
billboard_1961_04,billboard,1961,04,/home/data/kevinzhang/research/fractal_analysis/audio_data/billboard/vocals/full_duration/1961_4_Roy Orbison_Crying_vocals.mp3,1961_4_Roy Orbison_Crying_vocals.mp3,Roy Orbison,Crying,success,/home/data/kevinzhang/research/fractal_analysis/results/audio_melody_f0/cache/clean_contours/billboard_1961_04.npz,66.82702947845804,0.8706752232142857,0.8832522585128562,,0.15046460134333883,0.03778040141676505,0.006690279417552145
billboard_1966_04,billboard,1966,04,/home/data/kevinzhang/research/fractal_analysis/audio_data/billboard/vocals/full_duration/1966_4_The Monkees_Last Train to Clarksville_vocals.mp3,1966_4_The Monkees_Last Train to Clarksville_vocals.mp3,The Monkees,Last Train to Clarksville,skipped,/home/data/kevinzhang/research/fractal_analysis/results/audio_melody_f0/cache/clean_contours/billboard_1966_04.npz,19.71374149659864,0.7693167528293978,,too_short,,,
billboard_1962_01,billboard,1962,01,/home/data/kevinzhang/research/fractal_analysis/audio_data/billboard/vocals/full_duration/1962_1_Acker Bilk_Stranger on the Shore_vocals.mp3,1962_1_Acker Bilk_Stranger on the Shore_vocals.mp3,Acker Bilk,Stranger on the Shore,skipped,/home/data/kevinzhang/research/fractal_analysis/results/audio_melody_f0/cache/clean_contours/billboard_1962_01.npz,25.193650793650793,0.7516533945201782,,too_short,,,
billboard_1954_05,billboard,1954,05,/home/data/kevinzhang/research/fractal_analysis/audio_data/billboard/vocals/full_duration/1954_5_Jo Stafford_Make Love to Me_vocals.mp3,1954_5_Jo Stafford_Make Love to Me_vocals.mp3,Jo Stafford,Make Love to Me,success,/home/data/kevinzhang/research/fractal_analysis/results/audio_melody_f0/cache/clean_contours/billboard_1954_05.npz,56.33160997732426,0.7726185450963838,0.8491343775762572,,0.3233360583906409,0.1010199125789218,0.007770762506070908
billboard_1968_04,billboard,1968,04,/home/data/kevinzhang/research/fractal_analysis/audio_data/billboard/vocals/full_duration/1968_4_Otis Redding_(Sittin' On) The Dock of the Bay_vocals.mp3,1968_4_Otis Redding_(Sittin' On) The Dock of the Bay_vocals.mp3,Otis Redding,(Sittin' On) The Dock of the Bay,success,/home/data/kevinzhang/research/fractal_analysis/results/audio_melody_f0/cache/clean_contours/billboard_1968_04.npz,37.05904761904762,0.7725309931745369,0.8884711779448622,,0.5485250542599845,0.056457304163726185,0.0035285815102328866
billboard_1955_01,billboard,1955,01,/home/data/kevinzhang/research/fractal_analysis/audio_data/billboard/vocals/full_duration/1955_1_Perez Prado_Cherry Pink and Apple Blossom White_vocals.mp3,1955_1_Perez Prado_Cherry Pink and Apple Blossom White_vocals.mp3,Perez Prado,Cherry Pink and Apple Blossom White,skipped,/home/data/kevinzhang/research/fractal_analysis/results/audio_melody_f0/cache/clean_contours/billboard_1955_01.npz,16.788027210884355,0.30390756847981304,,too_short,,,
billboard_1973_02,billboard,1973,02,"/home/data/kevinzhang/research/fractal_analysis/audio_data/billboard/vocals/full_duration/1973_2_Jim Croce_Bad, Bad Leroy Brown_vocals.mp3","1973_2_Jim Croce_Bad, Bad Leroy Brown_vocals.mp3",Jim Croce,"Bad, Bad Leroy Brown",skipped,/home/data/kevinzhang/research/fractal_analysis/results/audio_melody_f0/cache/clean_contours/billboard_1973_02.npz,19.17968253968254,0.609886609759205,,too_short,,,
billboard_1966_02,billboard,1966,02,/home/data/kevinzhang/research/fractal_analysis/audio_data/billboard/vocals/full_duration/1966_2_? and the Mysterians_96 Tears_vocals.mp3,1966_2_? and the Mysterians_96 Tears_vocals.mp3,? and the Mysterians,96 Tears,skipped,/home/data/kevinzhang/research/fractal_analysis/results/audio_melody_f0/cache/clean_contours/billboard_1966_02.npz,13.931972789115646,0.5200574937932837,,too_short,,,
billboard_1985_02,billboard,1985,02,/home/data/kevinzhang/research/fractal_analysis/audio_data/billboard/vocals/full_duration/1985_2_Madonna_Like a Virgin_vocals.mp3,1985_2_Madonna_Like a Virgin_vocals.mp3,Madonna,Like a Virgin,success,/home/data/kevinzhang/research/fractal_analysis/results/audio_melody_f0/cache/clean_contours/billboard_1985_02.npz,36.40888888888889,0.805401405845357,0.8756377551020408,,0.37213589829750865,0.06341107871720117,0.002186588921282799
billboard_1971_03a,billboard,1971,03a,/home/data/kevinzhang/research/fractal_analysis/audio_data/billboard/vocals/full_duration/1971_3a_Carole King_I Feel the Earth Move_vocals.mp3,1971_3a_Carole King_I Feel the Earth Move_vocals.mp3,Carole King,I Feel the Earth Move,success,/home/data/kevinzhang/research/fractal_analysis/results/audio_melody_f0/cache/clean_contours/billboard_1971_03a.npz,88.00362811791383,0.7397893655278706,0.9147757255936676,,0.5485250542599845,0.08857472590882862,0.001154068090017311
billboard_1983_04,billboard,1983,04,/home/data/kevinzhang/research/fractal_analysis/audio_data/billboard/vocals/full_duration/1983_4_Men at Work_Down Under_vocals.mp3,1983_4_Men at Work_Down Under_vocals.mp3,Men at Work,Down Under,skipped,/home/data/kevinzhang/research/fractal_analysis/results/audio_melody_f0/cache/clean_contours/billboard_1983_04.npz,15.719909297052155,0.49331930562861653,,too_short,,,
billboard_1982_05,billboard,1982,05,/home/data/kevinzhang/research/fractal_analysis/audio_data/billboard/vocals/full_duration/1982_5_The J. Geils Band_Centerfold_vocals.mp3,1982_5_The J. Geils Band_Centerfold_vocals.mp3,The J. Geils Band,Centerfold,success,/home/data/kevinzhang/research/fractal_analysis/results/audio_melody_f0/cache/clean_contours/billboard_1982_05.npz,31.71845804988662,0.6280824829931972,0.801610541727672,,0.092037570812181,0.11425959780621572,0.006398537477148081
billboard_1950_04,billboard,1950,04,/home/data/kevinzhang/research/fractal_analysis/audio_data/billboard/vocals/full_duration/1950_4_Gary & Bing Crosby_Sam's Song_vocals.mp3,1950_4_Gary & Bing Crosby_Sam's Song_vocals.mp3,Gary & Bing Crosby,Sam's Song,skipped,/home/data/kevinzhang/research/fractal_analysis/results/audio_melody_f0/cache/clean_contours/billboard_1950_04.npz,24.63637188208617,0.70237615787354,,too_short,,,
billboard_1969_03,billboard,1969,03,/home/data/kevinzhang/research/fractal_analysis/audio_data/billboard/vocals/full_duration/1969_3_The Temptations_I Can't Get Next to You_vocals.mp3,1969_3_The Temptations_I Can't Get Next to You_vocals.mp3,The Temptations,I Can't Get Next to You,success,/home/data/kevinzhang/research/fractal_analysis/results/audio_melody_f0/cache/clean_contours/billboard_1969_03.npz,41.9352380952381,0.6362414302997714,0.8438538205980066,,0.10857977072874497,0.09455022980958634,0.003282994090610637
billboard_1966_03,billboard,1966,03,/home/data/kevinzhang/research/fractal_analysis/audio_data/billboard/vocals/full_duration/1966_3_Jimmy Ruffin_What Becomes Of The Brokenhearted_vocals.mp3,1966_3_Jimmy Ruffin_What Becomes Of The Brokenhearted_vocals.mp3,Jimmy Ruffin,What Becomes Of The Brokenhearted,success,/home/data/kevinzhang/research/fractal_analysis/results/audio_melody_f0/cache/clean_contours/billboard_1966_03.npz,116.42485260770975,0.8070221407048342,0.8181092939768648,,0.0779752376229482,0.08315045110948549,0.010972933430870519
billboard_1956_05,billboard,1956,05,/home/data/kevinzhang/research/fractal_analysis/audio_data/billboard/vocals/full_duration/1956_5_Gogi Grant_The Wayward Wind_vocals.mp3,1956_5_Gogi Grant_The Wayward Wind_vocals.mp3,Gogi Grant,The Wayward Wind,success,/home/data/kevinzhang/research/fractal_analysis/results/audio_melody_f0/cache/clean_contours/billboard_1956_05.npz,32.43827664399093,0.8220858895705522,0.8647100930565498,,0.20650679911775227,0.07539353769676885,0.0
billboard_1984_04,billboard,1984,04,/home/data/kevinzhang/research/fractal_analysis/audio_data/billboard/vocals/full_duration/1984_4_Kenny Loggins_Footloose_vocals.mp3,1984_4_Kenny Loggins_Footloose_vocals.mp3,Kenny Loggins,Footloose,skipped,/home/data/kevinzhang/research/fractal_analysis/results/audio_melody_f0/cache/clean_contours/billboard_1984_04.npz,11.72607709750567,0.4618739262587551,,too_short,,,
billboard_1984_05,billboard,1984,05,/home/data/kevinzhang/research/fractal_analysis/audio_data/billboard/vocals/full_duration/1984_5_Phil Collins_Against All Odds (Take a Look at Me Now)_vocals.mp3,1984_5_Phil Collins_Against All Odds (Take a Look at Me Now)_vocals.mp3,Phil Collins,Against All Odds (Take a Look at Me Now),success,/home/data/kevinzhang/research/fractal_analysis/results/audio_melody_f0/cache/clean_contours/billboard_1984_05.npz,31.2540589569161,0.7935441225074363,0.8298662704309064,,0.12793708630129036,0.06541218637992832,0.004480286738351254
billboard_1983_01,billboard,1983,01,/home/data/kevinzhang/research/fractal_analysis/audio_data/billboard/vocals/full_duration/1983_1_The Police_Every Breath You Take_vocals.mp3,1983_1_The Police_Every Breath You Take_vocals.mp3,The Police,Every Breath You Take,success,/home/data/kevinzhang/research/fractal_analysis/results/audio_melody_f0/cache/clean_contours/billboard_1983_01.npz,31.509478458049887,0.672271223814774,0.8496683861459101,,0.3721358982975088,0.044270833333333336,0.004340277777777778
billboard_1967_01,billboard,1967,01,/home/data/kevinzhang/research/fractal_analysis/audio_data/billboard/vocals/full_duration/1967_1_Lulu_To Sir With Love_vocals.mp3,1967_1_Lulu_To Sir With Love_vocals.mp3,Lulu,To Sir With Love,success,/home/data/kevinzhang/research/fractal_analysis/results/audio_melody_f0/cache/clean_contours/billboard_1967_01.npz,40.379501133786846,0.779840130063677,0.8913168487636572,,0.6860828109301793,0.051646223369916075,0.004519044544867657
billboard_1984_02,billboard,1984,02,/home/data/kevinzhang/research/fractal_analysis/audio_data/billboard/vocals/full_duration/1984_2_Tina Turner_What's Love Got to Do with It_vocals.mp3,1984_2_Tina Turner_What's Love Got to Do with It_vocals.mp3,Tina Turner,What's Love Got to Do with It,success,/home/data/kevinzhang/research/fractal_analysis/results/audio_melody_f0/cache/clean_contours/billboard_1984_02.npz,43.769614512471655,0.7539330375151271,0.8206896551724138,,0.092037570812181,0.07697283311772316,0.01164294954721863
billboard_1972_05,billboard,1972,05,/home/data/kevinzhang/research/fractal_analysis/audio_data/billboard/vocals/full_duration/1972_5_Sammy Davis Jr._The Candy Man_vocals.mp3,1972_5_Sammy Davis Jr._The Candy Man_vocals.mp3,Sammy Davis Jr.,The Candy Man,success,/home/data/kevinzhang/research/fractal_analysis/results/audio_melody_f0/cache/clean_contours/billboard_1972_05.npz,44.651972789115646,0.8409615151147263,0.8554342173686947,,0.04069733156888105,0.07725060827250609,0.010340632603406326
billboard_1950_01,billboard,1950,01,/home/data/kevinzhang/research/fractal_analysis/audio_data/billboard/vocals/full_duration/1950_1_Gordon Jenkins & The Weavers_Goodnight Irene_vocals.mp3,1950_1_Gordon Jenkins & The Weavers_Goodnight Irene_vocals.mp3,Gordon Jenkins & The Weavers,Goodnight Irene,skipped,/home/data/kevinzhang/research/fractal_analysis/results/audio_melody_f0/cache/clean_contours/billboard_1950_01.npz,22.84843537414966,0.592274678111588,,too_short,,,
billboard_1972_01,billboard,1972,01,/home/data/kevinzhang/research/fractal_analysis/audio_data/billboard/vocals/full_duration/1972_1_Roberta Flack_The First Time Ever I Saw Your Face_vocals.mp3,1972_1_Roberta Flack_The First Time Ever I Saw Your Face_vocals.mp3,Roberta Flack,The First Time Ever I Saw Your Face,skipped,/home/data/kevinzhang/research/fractal_analysis/results/audio_melody_f0/cache/clean_contours/billboard_1972_01.npz,15.85922902494331,0.7351165818440052,,too_short,,,
billboard_1969_04,billboard,1969,04,/home/data/kevinzhang/research/fractal_analysis/audio_data/billboard/vocals/full_duration/1969_4_The Rolling Stones_Honky Tonk Women_vocals.mp3,1969_4_The Rolling Stones_Honky Tonk Women_vocals.mp3,The Rolling Stones,Honky Tonk Women,skipped,/home/data/kevinzhang/research/fractal_analysis/results/audio_melody_f0/cache/clean_contours/billboard_1969_04.npz,17.554285714285715,0.3166793796084414,,too_short,,,
billboard_1954_03,billboard,1954,03,/home/data/kevinzhang/research/fractal_analysis/audio_data/billboard/vocals/full_duration/1954_3_Rosemary Clooney_Hey There_vocals.mp3,1954_3_Rosemary Clooney_Hey There_vocals.mp3,Rosemary Clooney,Hey There,success,/home/data/kevinzhang/research/fractal_analysis/results/audio_melody_f0/cache/clean_contours/billboard_1954_03.npz,70.91374149659865,0.9093423865208098,0.9256712508185986,,0.3721358982975087,0.039631988676574664,0.0028308563340410475
billboard_1953_01,billboard,1953,01,/home/data/kevinzhang/research/fractal_analysis/audio_data/billboard/vocals/full_duration/1953_1_Percy Faith_The Song from Moulin Rouge_vocals.mp3,1953_1_Percy Faith_The Song from Moulin Rouge_vocals.mp3,Percy Faith,The Song from Moulin Rouge,skipped,/home/data/kevinzhang/research/fractal_analysis/results/audio_melody_f0/cache/clean_contours/billboard_1953_01.npz,27.980045351473922,0.6254796623177283,,too_short,,,
billboard_1984_03,billboard,1984,03,/home/data/kevinzhang/research/fractal_analysis/audio_data/billboard/vocals/full_duration/1984_3_Paul McCartney and Michael Jackson_Say Say Say_vocals.mp3,1984_3_Paul McCartney and Michael Jackson_Say Say Say_vocals.mp3,Paul McCartney and Michael Jackson,Say Say Say,skipped,/home/data/kevinzhang/research/fractal_analysis/results/audio_melody_f0/cache/clean_contours/billboard_1984_03.npz,22.84843537414966,0.6666336142786317,,too_short,,,
billboard_1983_02,billboard,1983,02,/home/data/kevinzhang/research/fractal_analysis/audio_data/billboard/vocals/full_duration/1983_2_Michael Jackson_Billie Jean_vocals.mp3,1983_2_Michael Jackson_Billie Jean_vocals.mp3,Michael Jackson,Billie Jean,skipped,/home/data/kevinzhang/research/fractal_analysis/results/audio_melody_f0/cache/clean_contours/billboard_1983_02.npz,29.675102040816327,0.5461222555678408,,too_short,,,
billboard_1979_03,billboard,1979,03,/home/data/kevinzhang/research/fractal_analysis/audio_data/billboard/vocals/full_duration/1979_3_Chic_Le Freak_vocals.mp3,1979_3_Chic_Le Freak_vocals.mp3,Chic,Le Freak,skipped,/home/data/kevinzhang/research/fractal_analysis/results/audio_melody_f0/cache/clean_contours/billboard_1979_03.npz,27.910385487528345,0.3894602905312268,,too_short,,,
billboard_1974_02,billboard,1974,02,/home/data/kevinzhang/research/fractal_analysis/audio_data/billboard/vocals/full_duration/1974_2_Terry Jacks_Seasons in the Sun_vocals.mp3,1974_2_Terry Jacks_Seasons in the Sun_vocals.mp3,Terry Jacks,Seasons in the Sun,success,/home/data/kevinzhang/research/fractal_analysis/results/audio_melody_f0/cache/clean_contours/billboard_1974_02.npz,68.4756462585034,0.8288703870387039,0.8942014242115972,,0.2407543944755743,0.05804248861911988,0.002276176024279211
billboard_1983_05,billboard,1983,05,/home/data/kevinzhang/research/fractal_analysis/audio_data/billboard/vocals/full_duration/1983_5_Michael Jackson_Beat It_vocals.mp3,1983_5_Michael Jackson_Beat It_vocals.mp3,Michael Jackson,Beat It,success,/home/data/kevinzhang/research/fractal_analysis/results/audio_melody_f0/cache/clean_contours/billboard_1983_05.npz,34.62095238095238,0.5328598399712308,0.8283031522468142,,0.07797523762294817,0.1012965964343598,0.0016207455429497568
billboard_1974_01,billboard,1974,01,/home/data/kevinzhang/research/fractal_analysis/audio_data/billboard/vocals/full_duration/1974_1_Barbara Streisand_The Way We Were_vocals.mp3,1974_1_Barbara Streisand_The Way We Were_vocals.mp3,Barbara Streisand,The Way We Were,success,/home/data/kevinzhang/research/fractal_analysis/results/audio_melody_f0/cache/clean_contours/billboard_1974_01.npz,61.69541950113379,0.9063011903461833,0.9299962363567934,,0.9459302094659091,0.02186234817813765,0.0024291497975708503
billboard_1980_01,billboard,1980,01,/home/data/kevinzhang/research/fractal_analysis/audio_data/billboard/vocals/full_duration/1980_1_Blondie_Call Me_vocals.mp3,1980_1_Blondie_Call Me_vocals.mp3,Blondie,Call Me,success,/home/data/kevinzhang/research/fractal_analysis/results/audio_melody_f0/cache/clean_contours/billboard_1980_01.npz,91.5330612244898,0.6652030735455543,0.9069000507356672,,0.32333605839064083,0.0416899832120873,0.003357582540570789
billboard_1970_05,billboard,1970,05,/home/data/kevinzhang/research/fractal_analysis/audio_data/billboard/vocals/full_duration/1970_5_Edwin Starr_War_vocals.mp3,1970_5_Edwin Starr_War_vocals.mp3,Edwin Starr,War,skipped,/home/data/kevinzhang/research/fractal_analysis/results/audio_melody_f0/cache/clean_contours/billboard_1970_05.npz,26.122448979591837,0.38506559031281534,,too_short,,,
billboard_1985_03,billboard,1985,03,/home/data/kevinzhang/research/fractal_analysis/audio_data/billboard/vocals/full_duration/1985_3_Wham!_Wake Me Up Before You Go-Go_vocals.mp3,1985_3_Wham!_Wake Me Up Before You Go-Go_vocals.mp3,Wham!,Wake Me Up Before You Go-Go,success,/home/data/kevinzhang/research/fractal_analysis/results/audio_melody_f0/cache/clean_contours/billboard_1985_03.npz,68.15056689342404,0.768041754491619,0.8657580919931857,,0.092037570812181,0.10275590551181102,0.004724409448818898
billboard_1979_05,billboard,1979,05,/home/data/kevinzhang/research/fractal_analysis/audio_data/billboard/vocals/full_duration/1979_5_Peaches & Herb_Reunited_vocals.mp3,1979_5_Peaches & Herb_Reunited_vocals.mp3,Peaches & Herb,Reunited,success,/home/data/kevinzhang/research/fractal_analysis/results/audio_melody_f0/cache/clean_contours/billboard_1979_05.npz,47.57768707482993,0.8210413206994237,0.9092240117130308,,0.3721358982975087,0.04672395273899033,0.001611170784103115
billboard_1974_04,billboard,1974,04,/home/data/kevinzhang/research/fractal_analysis/audio_data/billboard/vocals/full_duration/1974_4_Redbone_Come and Get Your Love_vocals.mp3,1974_4_Redbone_Come and Get Your Love_vocals.mp3,Redbone,Come and Get Your Love,success,/home/data/kevinzhang/research/fractal_analysis/results/audio_melody_f0/cache/clean_contours/billboard_1974_04.npz,41.72625850340136,0.6949741860710147,0.899276572064552,,0.24075439447557428,0.058823529411764705,0.009907120743034056
billboard_1986_02,billboard,1986,02,"/home/data/kevinzhang/research/fractal_analysis/audio_data/billboard/vocals/full_duration/1986_2_Lionel Richie_Say You, Say Me_vocals.mp3","1986_2_Lionel Richie_Say You, Say Me_vocals.mp3",Lionel Richie,"Say You, Say Me",success,/home/data/kevinzhang/research/fractal_analysis/results/audio_melody_f0/cache/clean_contours/billboard_1986_02.npz,39.63646258503402,0.7561683599419449,0.8459285295840656,,0.10857977072874495,0.0693000693000693,0.001386001386001386
billboard_1987_01,billboard,1987,01,/home/data/kevinzhang/research/fractal_analysis/audio_data/billboard/vocals/full_duration/1987_1_The Bangles_Walk Like an Egyptian_vocals.mp3,1987_1_The Bangles_Walk Like an Egyptian_vocals.mp3,The Bangles,Walk Like an Egyptian,success,/home/data/kevinzhang/research/fractal_analysis/results/audio_melody_f0/cache/clean_contours/billboard_1987_01.npz,31.973877551020408,0.5699208443271768,0.8656499636891793,,0.2796051653363589,0.07304785894206549,0.0008396305625524769
billboard_1971_02b,billboard,1971,02b,/home/data/kevinzhang/research/fractal_analysis/audio_data/billboard/vocals/full_duration/1971_2b_Rod Stewart_Reason to Believe_vocals.mp3,1971_2b_Rod Stewart_Reason to Believe_vocals.mp3,Rod Stewart,Reason to Believe,success,/home/data/kevinzhang/research/fractal_analysis/results/audio_melody_f0/cache/clean_contours/billboard_1971_02b.npz,38.89342403628118,0.6345050878815911,0.7647761194029851,,0.10857977072874497,0.12734375,0.0140625
billboard_1985_01,billboard,1985,01,/home/data/kevinzhang/research/fractal_analysis/audio_data/billboard/vocals/full_duration/1985_1_George Michael_Careless Whisper_vocals.mp3,1985_1_George Michael_Careless Whisper_vocals.mp3,George Michael,Careless Whisper,success,/home/data/kevinzhang/research/fractal_analysis/results/audio_melody_f0/cache/clean_contours/billboard_1985_01.npz,63.27437641723356,0.7849903288201161,0.8322935779816514,,0.07797523762285122,0.07366563740626378,0.0004411116012351125
billboard_1971_05,billboard,1971,05,/home/data/kevinzhang/research/fractal_analysis/audio_data/billboard/vocals/full_duration/1971_5_Bee Gees_How Can You Mend a Broken Heart_vocals.mp3,1971_5_Bee Gees_How Can You Mend a Broken Heart_vocals.mp3,Bee Gees,How Can You Mend a Broken Heart,skipped,/home/data/kevinzhang/research/fractal_analysis/results/audio_melody_f0/cache/clean_contours/billboard_1971_05.npz,25.68126984126984,0.6635751244752514,,too_short,,,
billboard_1986_01,billboard,1986,01,/home/data/kevinzhang/research/fractal_analysis/audio_data/billboard/vocals/full_duration/1986_1_Dionne and Friends_That's What Friends Are For_vocals.mp3,1986_1_Dionne and Friends_That's What Friends Are For_vocals.mp3,Dionne and Friends,That's What Friends Are For,success,/home/data/kevinzhang/research/fractal_analysis/results/audio_melody_f0/cache/clean_contours/billboard_1986_01.npz,47.94920634920635,0.8421007539410555,0.864406779661017,,0.2796051653363589,0.05941704035874439,0.005605381165919282
billboard_1988_04,billboard,1988,04,/home/data/kevinzhang/research/fractal_analysis/audio_data/billboard/vocals/full_duration/1988_4_Rick Astley_Never Gonna Give You Up_vocals.mp3,1988_4_Rick Astley_Never Gonna Give You Up_vocals.mp3,Rick Astley,Never Gonna Give You Up,success,/home/data/kevinzhang/research/fractal_analysis/results/audio_melody_f0/cache/clean_contours/billboard_1988_04.npz,103.51455782312925,0.8010511332530384,0.8997308209959624,,0.047686993082531035,0.08877805486284289,0.00199501246882793
billboard_1985_05,billboard,1985,05,/home/data/kevinzhang/research/fractal_analysis/audio_data/billboard/vocals/full_duration/1985_5_Chaka Khan_I Feel for You_vocals.mp3,1985_5_Chaka Khan_I Feel for You_vocals.mp3,Chaka Khan,I Feel for You,skipped,/home/data/kevinzhang/research/fractal_analysis/results/audio_melody_f0/cache/clean_contours/billboard_1985_05.npz,16.137868480725626,0.4947970375925752,,too_short,,,
billboard_1962_02,billboard,1962,02,/home/data/kevinzhang/research/fractal_analysis/audio_data/billboard/vocals/full_duration/1962_2_Ray Charles_I Can't Stop Loving You_vocals.mp3,1962_2_Ray Charles_I Can't Stop Loving You_vocals.mp3,Ray Charles,I Can't Stop Loving You,skipped,/home/data/kevinzhang/research/fractal_analysis/results/audio_melody_f0/cache/clean_contours/billboard_1962_02.npz,25.820589569160997,0.7330493110949964,,too_short,,,
billboard_1971_01,billboard,1971,01,/home/data/kevinzhang/research/fractal_analysis/audio_data/billboard/vocals/full_duration/1971_1_Three Dog Night_Joy To The World_vocals.mp3,1971_1_Three Dog Night_Joy To The World_vocals.mp3,Three Dog Night,Joy To The World,skipped,/home/data/kevinzhang/research/fractal_analysis/results/audio_melody_f0/cache/clean_contours/billboard_1971_01.npz,11.749297052154196,0.5251578947368422,,too_short,,,
billboard_1981_04,billboard,1981,04,/home/data/kevinzhang/research/fractal_analysis/audio_data/billboard/vocals/full_duration/1981_4_John Lennon_(Just Like) Starting Over_vocals.mp3,1981_4_John Lennon_(Just Like) Starting Over_vocals.mp3,John Lennon,(Just Like) Starting Over,success,/home/data/kevinzhang/research/fractal_analysis/results/audio_melody_f0/cache/clean_contours/billboard_1981_04.npz,40.63492063492063,0.7284206372694091,0.8417142857142857,,0.04069733156888106,0.07880434782608696,0.005434782608695652
billboard_1968_03,billboard,1968,03,/home/data/kevinzhang/research/fractal_analysis/audio_data/billboard/vocals/full_duration/1968_3_Bobby Goldsboro_Honey_vocals.mp3,1968_3_Bobby Goldsboro_Honey_vocals.mp3,Bobby Goldsboro,Honey,skipped,/home/data/kevinzhang/research/fractal_analysis/results/audio_melody_f0/cache/clean_contours/billboard_1968_03.npz,29.83764172335601,0.829924650161464,,too_short,,,
billboard_1971_03b,billboard,1971,03b,/home/data/kevinzhang/research/fractal_analysis/audio_data/billboard/vocals/full_duration/1971_3b_Carole King_It's Too Late_vocals.mp3,1971_3b_Carole King_It's Too Late_vocals.mp3,Carole King,It's Too Late,skipped,/home/data/kevinzhang/research/fractal_analysis/results/audio_melody_f0/cache/clean_contours/billboard_1971_03b.npz,26.33142857142857,0.7029878710186372,,too_short,,,
billboard_1982_02,billboard,1982,02,/home/data/kevinzhang/research/fractal_analysis/audio_data/billboard/vocals/full_duration/1982_2_Survivor_Eye of the Tiger_vocals.mp3,1982_2_Survivor_Eye of the Tiger_vocals.mp3,Survivor,Eye of the Tiger,success,/home/data/kevinzhang/research/fractal_analysis/results/audio_melody_f0/cache/clean_contours/billboard_1982_02.npz,44.93061224489796,0.6555043522785459,0.8397932816537468,,0.4260623290432814,0.06465517241379311,0.003694581280788177
billboard_1974_03,billboard,1974,03,/home/data/kevinzhang/research/fractal_analysis/audio_data/billboard/vocals/full_duration/1974_3_Love Unlimited Orchestra_Love's Theme_vocals.mp3,1974_3_Love Unlimited Orchestra_Love's Theme_vocals.mp3,Love Unlimited Orchestra,Love's Theme,skipped,/home/data/kevinzhang/research/fractal_analysis/results/audio_melody_f0/cache/clean_contours/billboard_1974_03.npz,25.077551020408166,0.2256717501815541,,too_short,,,
billboard_1987_05,billboard,1987,05,/home/data/kevinzhang/research/fractal_analysis/audio_data/billboard/vocals/full_duration/1987_5_Starship_Nothing's Gonna Stop Us Now_vocals.mp3,1987_5_Starship_Nothing's Gonna Stop Us Now_vocals.mp3,Starship,Nothing's Gonna Stop Us Now,success,/home/data/kevinzhang/research/fractal_analysis/results/audio_melody_f0/cache/clean_contours/billboard_1987_05.npz,63.4833560090703,0.7688904311616206,0.7980980248719824,,0.2796051653363589,0.03622191655204035,0.0022925263640531865
billboard_1986_03,billboard,1986,03,/home/data/kevinzhang/research/fractal_analysis/audio_data/billboard/vocals/full_duration/1986_3_Klymaxx_I Miss You_vocals.mp3,1986_3_Klymaxx_I Miss You_vocals.mp3,Klymaxx,I Miss You,success,/home/data/kevinzhang/research/fractal_analysis/results/audio_melody_f0/cache/clean_contours/billboard_1986_03.npz,54.14893424036281,0.7730765582013092,0.8863636363636364,,0.42606232904328145,0.055663117134559535,0.00484027105517909
billboard_1970_02,billboard,1970,02,/home/data/kevinzhang/research/fractal_analysis/audio_data/billboard/vocals/full_duration/1970_2_The Carpenters_(They Long To Be) Close To You_vocals.mp3,1970_2_The Carpenters_(They Long To Be) Close To You_vocals.mp3,The Carpenters,(They Long To Be) Close To You,skipped,/home/data/kevinzhang/research/fractal_analysis/results/audio_melody_f0/cache/clean_contours/billboard_1970_02.npz,24.729251700680273,0.6420579759281234,,too_short,,,
billboard_1967_03,billboard,1967,03,/home/data/kevinzhang/research/fractal_analysis/audio_data/billboard/vocals/full_duration/1967_3_Bobbie Gentry_Ode to Billie Joe_vocals.mp3,1967_3_Bobbie Gentry_Ode to Billie Joe_vocals.mp3,Bobbie Gentry,Ode to Billie Joe,skipped,/home/data/kevinzhang/research/fractal_analysis/results/audio_melody_f0/cache/clean_contours/billboard_1967_03.npz,22.80199546485261,0.7958663388873713,,too_short,,,
billboard_1973_05,billboard,1973,05,/home/data/kevinzhang/research/fractal_analysis/audio_data/billboard/vocals/full_duration/1973_5_Paul McCartney and Wings_My Love_vocals.mp3,1973_5_Paul McCartney and Wings_My Love_vocals.mp3,Paul McCartney and Wings,My Love,success,/home/data/kevinzhang/research/fractal_analysis/results/audio_melody_f0/cache/clean_contours/billboard_1973_05.npz,61.3471201814059,0.8698169592827792,0.9140802422407267,,0.5485250542599844,0.045981772990886495,0.006213753106876553
billboard_1986_05,billboard,1986,05,/home/data/kevinzhang/research/fractal_analysis/audio_data/billboard/vocals/full_duration/1986_5_Mr. Mister_Broken Wings_vocals.mp3,1986_5_Mr. Mister_Broken Wings_vocals.mp3,Mr. Mister,Broken Wings,skipped,/home/data/kevinzhang/research/fractal_analysis/results/audio_melody_f0/cache/clean_contours/billboard_1986_05.npz,28.76952380952381,0.6613577863577863,,too_short,,,
billboard_1985_04,billboard,1985,04,/home/data/kevinzhang/research/fractal_analysis/audio_data/billboard/vocals/full_duration/1985_4_Foreigner_I Want to Know What Love Is_vocals.mp3,1985_4_Foreigner_I Want to Know What Love Is_vocals.mp3,Foreigner,I Want to Know What Love Is,success,/home/data/kevinzhang/research/fractal_analysis/results/audio_melody_f0/cache/clean_contours/billboard_1985_04.npz,35.45687074829932,0.6642471042471042,0.8978388998035364,,0.1504646013433388,0.06350364963503649,0.006569343065693431
billboard_1987_03,billboard,1987,03,/home/data/kevinzhang/research/fractal_analysis/audio_data/billboard/vocals/full_duration/1987_3_Gregory Abbott_Shake You Down_vocals.mp3,1987_3_Gregory Abbott_Shake You Down_vocals.mp3,Gregory Abbott,Shake You Down,skipped,/home/data/kevinzhang/research/fractal_analysis/results/audio_melody_f0/cache/clean_contours/billboard_1987_03.npz,19.644081632653062,0.6857333842627961,,too_short,,,
billboard_1973_04,billboard,1973,04,/home/data/kevinzhang/research/fractal_analysis/audio_data/billboard/vocals/full_duration/1973_4_Marvin Gaye_Let's Get It On_vocals.mp3,1973_4_Marvin Gaye_Let's Get It On_vocals.mp3,Marvin Gaye,Let's Get It On,success,/home/data/kevinzhang/research/fractal_analysis/results/audio_melody_f0/cache/clean_contours/billboard_1973_04.npz,42.70149659863946,0.7803169042121187,0.8477433387710712,,0.2796051653363588,0.07060333761232349,0.009627727856225931
billboard_1973_03,billboard,1973,03,/home/data/kevinzhang/research/fractal_analysis/audio_data/billboard/vocals/full_duration/1973_3_Roberta Flack_Killing Me Softly with His Song_vocals.mp3,1973_3_Roberta Flack_Killing Me Softly with His Song_vocals.mp3,Roberta Flack,Killing Me Softly with His Song,success,/home/data/kevinzhang/research/fractal_analysis/results/audio_melody_f0/cache/clean_contours/billboard_1973_03.npz,63.39047619047619,0.8548645616284661,0.8996336996336997,,0.5485250542599845,0.04154786150712831,0.0028513238289205704
billboard_1992_03,billboard,1992,03,/home/data/kevinzhang/research/fractal_analysis/audio_data/billboard/vocals/full_duration/1992_3_Kris Kross_Jump_vocals.mp3,1992_3_Kris Kross_Jump_vocals.mp3,Kris Kross,Jump,success,/home/data/kevinzhang/research/fractal_analysis/results/audio_melody_f0/cache/clean_contours/billboard_1992_03.npz,30.55746031746032,0.5840771153159586,0.8092705167173252,,0.1504646013433388,0.1588345864661654,0.0018796992481203006
billboard_1979_02,billboard,1979,02,/home/data/kevinzhang/research/fractal_analysis/audio_data/billboard/vocals/full_duration/1979_2_Donna Summer_Bad Girls_vocals.mp3,1979_2_Donna Summer_Bad Girls_vocals.mp3,Donna Summer,Bad Girls,skipped,/home/data/kevinzhang/research/fractal_analysis/results/audio_melody_f0/cache/clean_contours/billboard_1979_02.npz,25.518730158730158,0.4529934702226418,,too_short,,,
billboard_1970_03,billboard,1970,03,/home/data/kevinzhang/research/fractal_analysis/audio_data/billboard/vocals/full_duration/1970_3_The Guess Who_American Woman_vocals.mp3,1970_3_The Guess Who_American Woman_vocals.mp3,The Guess Who,American Woman,skipped,/home/data/kevinzhang/research/fractal_analysis/results/audio_melody_f0/cache/clean_contours/billboard_1970_03.npz,25.86702947845805,0.5943657750805424,,too_short,,,
billboard_1993_03,billboard,1993,03,/home/data/kevinzhang/research/fractal_analysis/audio_data/billboard/vocals/full_duration/1993_3_UB40_Can't Help Falling in Love_vocals.mp3,1993_3_UB40_Can't Help Falling in Love_vocals.mp3,UB40,Can't Help Falling in Love,skipped,/home/data/kevinzhang/research/fractal_analysis/results/audio_melody_f0/cache/clean_contours/billboard_1993_03.npz,20.642539682539685,0.5248488918737407,,too_short,,,
billboard_2003_02,billboard,2003,02,/home/data/kevinzhang/research/fractal_analysis/audio_data/billboard/vocals/full_duration/2003_2_R. Kelly_Ignition_vocals.mp3,2003_2_R. Kelly_Ignition_vocals.mp3,R. Kelly,Ignition,success,/home/data/kevinzhang/research/fractal_analysis/results/audio_melody_f0/cache/clean_contours/billboard_2003_02.npz,73.63047619047619,0.8386180785612872,0.8517817723115736,,0.15046460134333883,0.11259259259259259,0.0014814814814814814
billboard_1994_01,billboard,1994,01,/home/data/kevinzhang/research/fractal_analysis/audio_data/billboard/vocals/full_duration/1994_1_Ace of Base_The Sign_vocals.mp3,1994_1_Ace of Base_The Sign_vocals.mp3,Ace of Base,The Sign,success,/home/data/kevinzhang/research/fractal_analysis/results/audio_melody_f0/cache/clean_contours/billboard_1994_01.npz,58.02666666666667,0.6123588685200922,0.7434973989595839,,0.48498680771591124,0.05600430802369413,0.0016155088852988692
billboard_1983_03,billboard,1983,03,/home/data/kevinzhang/research/fractal_analysis/audio_data/billboard/vocals/full_duration/1983_3_Irene Cara_Flashdance...What a Feeling_vocals.mp3,1983_3_Irene Cara_Flashdance...What a Feeling_vocals.mp3,Irene Cara,Flashdance...What a Feeling,skipped,/home/data/kevinzhang/research/fractal_analysis/results/audio_melody_f0/cache/clean_contours/billboard_1983_03.npz,23.312834467120183,0.7062683643486778,,too_short,,,
billboard_1970_01,billboard,1970,01,/home/data/kevinzhang/research/fractal_analysis/audio_data/billboard/vocals/full_duration/1970_1_Simon and Garfunkel_Bridge Over Troubled Water_vocals.mp3,1970_1_Simon and Garfunkel_Bridge Over Troubled Water_vocals.mp3,Simon and Garfunkel,Bridge Over Troubled Water,success,/home/data/kevinzhang/research/fractal_analysis/results/audio_melody_f0/cache/clean_contours/billboard_1970_01.npz,69.05614512471655,0.7814034531918264,0.9421654337592468,,0.7571601330199094,0.018921813637986434,0.0003570153516601214
billboard_1988_03,billboard,1988,03,/home/data/kevinzhang/research/fractal_analysis/audio_data/billboard/vocals/full_duration/1988_3_George Harrison_Got My Mind Set On You_vocals.mp3,1988_3_George Harrison_Got My Mind Set On You_vocals.mp3,George Harrison,Got My Mind Set On You,skipped,/home/data/kevinzhang/research/fractal_analysis/results/audio_melody_f0/cache/clean_contours/billboard_1988_03.npz,24.752471655328797,0.6104260651629073,,too_short,,,
billboard_1988_02,billboard,1988,02,/home/data/kevinzhang/research/fractal_analysis/audio_data/billboard/vocals/full_duration/1988_2_INXS_Need You Tonight_vocals.mp3,1988_2_INXS_Need You Tonight_vocals.mp3,INXS,Need You Tonight,skipped,/home/data/kevinzhang/research/fractal_analysis/results/audio_melody_f0/cache/clean_contours/billboard_1988_02.npz,17.716825396825396,0.4762021289612138,,too_short,,,
billboard_1989_05,billboard,1989,05,/home/data/kevinzhang/research/fractal_analysis/audio_data/billboard/vocals/full_duration/1989_5_Janet Jackson_Miss You Much_vocals.mp3,1989_5_Janet Jackson_Miss You Much_vocals.mp3,Janet Jackson,Miss You Much,skipped,/home/data/kevinzhang/research/fractal_analysis/results/audio_melody_f0/cache/clean_contours/billboard_1989_05.npz,17.484625850340137,0.46438746438746437,,too_short,,,
billboard_1992_05,billboard,1992,05,/home/data/kevinzhang/research/fractal_analysis/audio_data/billboard/vocals/full_duration/1992_5_TLC_Baby-Baby-Baby_vocals.mp3,1992_5_TLC_Baby-Baby-Baby_vocals.mp3,TLC,Baby-Baby-Baby,skipped,/home/data/kevinzhang/research/fractal_analysis/results/audio_melody_f0/cache/clean_contours/billboard_1992_05.npz,26.33142857142857,0.7640317367029092,,too_short,,,
billboard_1988_05,billboard,1988,05,/home/data/kevinzhang/research/fractal_analysis/audio_data/billboard/vocals/full_duration/1988_5_Guns N' Roses_Sweet Child O'Mine_vocals.mp3,1988_5_Guns N' Roses_Sweet Child O'Mine_vocals.mp3,Guns N' Roses,Sweet Child O'Mine,success,/home/data/kevinzhang/research/fractal_analysis/results/audio_melody_f0/cache/clean_contours/billboard_1988_05.npz,44.90739229024943,0.45987572712850344,0.30093071354705275,,0.04069733156888106,0.06884681583476764,0.010327022375215147
billboard_1991_02,billboard,1991,02,/home/data/kevinzhang/research/fractal_analysis/audio_data/billboard/vocals/full_duration/1991_2_Color Me Badd_I Wanna Sex You Up_vocals.mp3,1991_2_Color Me Badd_I Wanna Sex You Up_vocals.mp3,Color Me Badd,I Wanna Sex You Up,success,/home/data/kevinzhang/research/fractal_analysis/results/audio_melody_f0/cache/clean_contours/billboard_1991_02.npz,42.42285714285715,0.6335674957281184,0.8752052545155994,,0.37213589829750865,0.06570713391739674,0.0037546933667083854
billboard_1982_04,billboard,1982,04,/home/data/kevinzhang/research/fractal_analysis/audio_data/billboard/vocals/full_duration/1982_4_Paul McCartney and Stevie Wonder_Ebony and Ivory_vocals.mp3,1982_4_Paul McCartney and Stevie Wonder_Ebony and Ivory_vocals.mp3,Paul McCartney and Stevie Wonder,Ebony and Ivory,success,/home/data/kevinzhang/research/fractal_analysis/results/audio_melody_f0/cache/clean_contours/billboard_1982_04.npz,35.5265306122449,0.5980227177114009,0.8679738562091504,,0.24075439447557428,0.07385079125847777,0.006782215523737754
billboard_1971_02a,billboard,1971,02a,/home/data/kevinzhang/research/fractal_analysis/audio_data/billboard/vocals/full_duration/1971_2a_Rod Stewart_Maggie May_vocals.mp3,1971_2a_Rod Stewart_Maggie May_vocals.mp3,Rod Stewart,Maggie May,skipped,/home/data/kevinzhang/research/fractal_analysis/results/audio_melody_f0/cache/clean_contours/billboard_1971_02a.npz,15.534149659863946,0.615638692281766,,too_short,,,
billboard_1987_02,billboard,1987,02,/home/data/kevinzhang/research/fractal_analysis/audio_data/billboard/vocals/full_duration/1987_2_Heart_Alone_vocals.mp3,1987_2_Heart_Alone_vocals.mp3,Heart,Alone,skipped,/home/data/kevinzhang/research/fractal_analysis/results/audio_melody_f0/cache/clean_contours/billboard_1987_02.npz,27.980045351473922,0.6978233034571063,,too_short,,,
billboard_1990_04,billboard,1990,04,/home/data/kevinzhang/research/fractal_analysis/audio_data/billboard/vocals/full_duration/1990_4_Bell Biv DeVoe_Poison_vocals.mp3,1990_4_Bell Biv DeVoe_Poison_vocals.mp3,Bell Biv DeVoe,Poison,success,/home/data/kevinzhang/research/fractal_analysis/results/audio_melody_f0/cache/clean_contours/billboard_1990_04.npz,34.0172335600907,0.6270265455193301,0.8191126279863481,,0.108579770728745,0.09007506255212677,0.009174311926605505
billboard_1992_01,billboard,1992,01,/home/data/kevinzhang/research/fractal_analysis/audio_data/billboard/vocals/full_duration/1992_1_Boyz II Men_End of the Road_vocals.mp3,1992_1_Boyz II Men_End of the Road_vocals.mp3,Boyz II Men,End of the Road,success,/home/data/kevinzhang/research/fractal_analysis/results/audio_melody_f0/cache/clean_contours/billboard_1992_01.npz,36.40888888888889,0.7126048887267421,0.8271683673469388,,0.20650679911775224,0.04938271604938271,0.007716049382716049
billboard_1993_04,billboard,1993,04,/home/data/kevinzhang/research/fractal_analysis/audio_data/billboard/vocals/full_duration/1993_4_Janet Jackson_That's the Way Love Goes_vocals.mp3,1993_4_Janet Jackson_That's the Way Love Goes_vocals.mp3,Janet Jackson,That's the Way Love Goes,success,/home/data/kevinzhang/research/fractal_analysis/results/audio_melody_f0/cache/clean_contours/billboard_1993_04.npz,39.05596371882086,0.7295306859205776,0.8531510107015458,,0.32333605839064083,0.07112970711297072,0.008368200836820083
billboard_1990_02,billboard,1990,02,/home/data/kevinzhang/research/fractal_analysis/audio_data/billboard/vocals/full_duration/1990_2_Roxette_It Must Have Been Love_vocals.mp3,1990_2_Roxette_It Must Have Been Love_vocals.mp3,Roxette,It Must Have Been Love,success,/home/data/kevinzhang/research/fractal_analysis/results/audio_melody_f0/cache/clean_contours/billboard_1990_02.npz,32.64725623582766,0.6554908112953832,0.7546230440967283,,0.2796051653363589,0.057547169811320756,0.010377358490566037
billboard_2005_04,billboard,2005,04,/home/data/kevinzhang/research/fractal_analysis/audio_data/billboard/vocals/full_duration/2005_4_Kelly Clarkson_Since U Been Gone_vocals.mp3,2005_4_Kelly Clarkson_Since U Been Gone_vocals.mp3,Kelly Clarkson,Since U Been Gone,success,/home/data/kevinzhang/research/fractal_analysis/results/audio_melody_f0/cache/clean_contours/billboard_2005_04.npz,30.02340136054422,0.6980150084725248,0.7981438515081206,,0.3233047330483903,0.052376333656644035,0.007759456838021339
billboard_1994_04,billboard,1994,04,/home/data/kevinzhang/research/fractal_analysis/audio_data/billboard/vocals/full_duration/1994_4_Celine Dion_The Power of Love_vocals.mp3,1994_4_Celine Dion_The Power of Love_vocals.mp3,Celine Dion,The Power of Love,success,/home/data/kevinzhang/research/fractal_analysis/results/audio_melody_f0/cache/clean_contours/billboard_1994_04.npz,41.05287981859411,0.8669250645994832,0.8964932126696833,,0.6159498854580681,0.032196969696969696,0.003787878787878788
billboard_2005_05,billboard,2005,05,"/home/data/kevinzhang/research/fractal_analysis/audio_data/billboard/vocals/full_duration/2005_5_Ciara feat. Missy Elliot_1, 2 Step_vocals.mp3","2005_5_Ciara feat. Missy Elliot_1, 2 Step_vocals.mp3",Ciara feat. Missy Elliot,"1, 2 Step",success,/home/data/kevinzhang/research/fractal_analysis/results/audio_melody_f0/cache/clean_contours/billboard_2005_05.npz,35.851609977324266,0.6175167556514825,0.7966321243523317,,0.06608151270920701,0.12042310821806347,0.010577705451586655
billboard_1989_03,billboard,1989,03,/home/data/kevinzhang/research/fractal_analysis/audio_data/billboard/vocals/full_duration/1989_3_Poison_Every Rose Has Its Thorn_vocals.mp3,1989_3_Poison_Every Rose Has Its Thorn_vocals.mp3,Poison,Every Rose Has Its Thorn,skipped,/home/data/kevinzhang/research/fractal_analysis/results/audio_melody_f0/cache/clean_contours/billboard_1989_03.npz,27.05124716553288,0.5170389695092125,,too_short,,,
billboard_2004_03,billboard,2004,03,/home/data/kevinzhang/research/fractal_analysis/audio_data/billboard/vocals/full_duration/2004_3_Alicia Keys_If I Ain't Got You_vocals.mp3,2004_3_Alicia Keys_If I Ain't Got You_vocals.mp3,Alicia Keys,If I Ain't Got You,success,/home/data/kevinzhang/research/fractal_analysis/results/audio_melody_f0/cache/clean_contours/billboard_2004_03.npz,54.381133786848075,0.7709602392291505,0.8484201537147738,,0.5485250542599844,0.059415911379657606,0.0025176233635448137
billboard_1991_05,billboard,1991,05,/home/data/kevinzhang/research/fractal_analysis/audio_data/billboard/vocals/full_duration/1991_5_Timmy T_One More Try_vocals.mp3,1991_5_Timmy T_One More Try_vocals.mp3,Timmy T,One More Try,skipped,/home/data/kevinzhang/research/fractal_analysis/results/audio_melody_f0/cache/clean_contours/billboard_1991_05.npz,18.506303854875284,0.6888568896765618,,too_short,,,
billboard_1993_05,billboard,1993,05,/home/data/kevinzhang/research/fractal_analysis/audio_data/billboard/vocals/full_duration/1993_5_Silk_Freak Me_vocals.mp3,1993_5_Silk_Freak Me_vocals.mp3,Silk,Freak Me,skipped,/home/data/kevinzhang/research/fractal_analysis/results/audio_melody_f0/cache/clean_contours/billboard_1993_05.npz,20.96761904761905,0.6096150526497497,,too_short,,,
billboard_1990_03,billboard,1990,03,/home/data/kevinzhang/research/fractal_analysis/audio_data/billboard/vocals/full_duration/1990_3_Sinead O'Connor_Nothing Compares 2 U_vocals.mp3,1990_3_Sinead O'Connor_Nothing Compares 2 U_vocals.mp3,Sinead O'Connor,Nothing Compares 2 U,success,/home/data/kevinzhang/research/fractal_analysis/results/audio_melody_f0/cache/clean_contours/billboard_1990_03.npz,43.119455782312926,0.7099111210695347,0.9326871297792138,,0.27960516533635893,0.045060658578856154,0.0017331022530329288
billboard_1979_04,billboard,1979,04,/home/data/kevinzhang/research/fractal_analysis/audio_data/billboard/vocals/full_duration/1979_4_Rod Stewart_Do Ya Think I'm Sexy?_vocals.mp3,1979_4_Rod Stewart_Do Ya Think I'm Sexy?_vocals.mp3,Rod Stewart,Do Ya Think I'm Sexy?,success,/home/data/kevinzhang/research/fractal_analysis/results/audio_melody_f0/cache/clean_contours/billboard_1979_04.npz,30.696780045351474,0.4962229190421893,0.7995461422087746,,0.12793708630129036,0.08806818181818182,0.002840909090909091
billboard_2005_01,billboard,2005,01,/home/data/kevinzhang/research/fractal_analysis/audio_data/billboard/vocals/full_duration/2005_1_Mariah Carey_We Belong Together_vocals.mp3,2005_1_Mariah Carey_We Belong Together_vocals.mp3,Mariah Carey,We Belong Together,success,/home/data/kevinzhang/research/fractal_analysis/results/audio_melody_f0/cache/clean_contours/billboard_2005_01.npz,134.42031746031745,0.8289835164835165,0.8797719813439281,,0.12793708630129036,0.10369206598586017,0.001767478397486253
billboard_1986_04,billboard,1986,04,/home/data/kevinzhang/research/fractal_analysis/audio_data/billboard/vocals/full_duration/1986_4_Patti LaBelle feat. Michael McDonald_On My Own_vocals.mp3,1986_4_Patti LaBelle feat. Michael McDonald_On My Own_vocals.mp3,Patti LaBelle feat. Michael McDonald,On My Own,success,/home/data/kevinzhang/research/fractal_analysis/results/audio_melody_f0/cache/clean_contours/billboard_1986_04.npz,42.70149659863946,0.7797760434340006,0.89015769439913,,0.48498680771591124,0.04706601466992665,0.003667481662591687
billboard_1989_04,billboard,1989,04,/home/data/kevinzhang/research/fractal_analysis/audio_data/billboard/vocals/full_duration/1989_4_Paula Abdul_Straight Up_vocals.mp3,1989_4_Paula Abdul_Straight Up_vocals.mp3,Paula Abdul,Straight Up,success,/home/data/kevinzhang/research/fractal_analysis/results/audio_melody_f0/cache/clean_contours/billboard_1989_04.npz,50.45696145124717,0.7326007326007326,0.8467556373676944,,0.20650679911775227,0.1022294725394236,0.004350190320826536
billboard_1999_02,billboard,1999,02,/home/data/kevinzhang/research/fractal_analysis/audio_data/billboard/vocals/full_duration/1999_2_TLC_No Scrubs_vocals.mp3,1999_2_TLC_No Scrubs_vocals.mp3,TLC,No Scrubs,success,/home/data/kevinzhang/research/fractal_analysis/results/audio_melody_f0/cache/clean_contours/billboard_1999_02.npz,74.93079365079365,0.7838423218540178,0.8590021691973969,,0.1765306086328976,0.07470227354745579,0.0025261638397690365
billboard_1988_01,billboard,1988,01,/home/data/kevinzhang/research/fractal_analysis/audio_data/billboard/vocals/full_duration/1988_1_George Michael_Faith_vocals.mp3,1988_1_George Michael_Faith_vocals.mp3,George Michael,Faith,success,/home/data/kevinzhang/research/fractal_analysis/results/audio_melody_f0/cache/clean_contours/billboard_1988_01.npz,37.45378684807256,0.4804370447450572,0.7997520148791073,,0.07797523762294818,0.11404189294026378,0.0007757951900698216
billboard_2007_03,billboard,2007,03,/home/data/kevinzhang/research/fractal_analysis/audio_data/billboard/vocals/full_duration/2007_3_Gwen Stefani feat. Akon_The Sweet Escape_vocals.mp3,2007_3_Gwen Stefani feat. Akon_The Sweet Escape_vocals.mp3,Gwen Stefani feat. Akon,The Sweet Escape,success,/home/data/kevinzhang/research/fractal_analysis/results/audio_melody_f0/cache/clean_contours/billboard_2007_03.npz,36.501768707482995,0.711632730015083,0.8002544529262087,,0.24075439447557426,0.1280827366746221,0.00954653937947494
billboard_2006_01,billboard,2006,01,/home/data/kevinzhang/research/fractal_analysis/audio_data/billboard/vocals/full_duration/2006_1_Daniel Powter_Bad Day_vocals.mp3,2006_1_Daniel Powter_Bad Day_vocals.mp3,Daniel Powter,Bad Day,success,/home/data/kevinzhang/research/fractal_analysis/results/audio_melody_f0/cache/clean_contours/billboard_2006_01.npz,36.80362811791383,0.7856780606552388,0.8378548895899054,,0.20650679911775224,0.0934438583270535,0.0037678975131876413
billboard_1994_05,billboard,1994,05,/home/data/kevinzhang/research/fractal_analysis/audio_data/billboard/vocals/full_duration/1994_5_Mariah Carey_Hero_vocals.mp3,1994_5_Mariah Carey_Hero_vocals.mp3,Mariah Carey,Hero,success,/home/data/kevinzhang/research/fractal_analysis/results/audio_melody_f0/cache/clean_contours/billboard_1994_05.npz,79.2497052154195,0.859233827249729,0.8710811602695576,,0.17653060863289755,0.06527590847913863,0.006729475100942127
billboard_1992_02,billboard,1992,02,/home/data/kevinzhang/research/fractal_analysis/audio_data/billboard/vocals/full_duration/1992_2_Sir Mix-a-Lot_Baby Got Back_vocals.mp3,1992_2_Sir Mix-a-Lot_Baby Got Back_vocals.mp3,Sir Mix-a-Lot,Baby Got Back,skipped,/home/data/kevinzhang/research/fractal_analysis/results/audio_melody_f0/cache/clean_contours/billboard_1992_02.npz,11.029478458049887,0.35363163004147913,,too_short,,,
billboard_1995_02,billboard,1995,02,/home/data/kevinzhang/research/fractal_analysis/audio_data/billboard/vocals/full_duration/1995_2_TLC_Waterfalls_vocals.mp3,1995_2_TLC_Waterfalls_vocals.mp3,TLC,Waterfalls,success,/home/data/kevinzhang/research/fractal_analysis/results/audio_melody_f0/cache/clean_contours/billboard_1995_02.npz,44.95383219954648,0.7033691626772649,0.8460743801652892,,0.22363059679666328,0.13072693952351863,0.0012217470983506415
billboard_1995_03,billboard,1995,03,/home/data/kevinzhang/research/fractal_analysis/audio_data/billboard/vocals/full_duration/1995_3_TLC_Creep_vocals.mp3,1995_3_TLC_Creep_vocals.mp3,TLC,Creep,skipped,/home/data/kevinzhang/research/fractal_analysis/results/audio_melody_f0/cache/clean_contours/billboard_1995_03.npz,22.0821768707483,0.5147427583225248,,too_short,,,
billboard_1990_01,billboard,1990,01,/home/data/kevinzhang/research/fractal_analysis/audio_data/billboard/vocals/full_duration/1990_1_Wilson Phillips_Hold On_vocals.mp3,1990_1_Wilson Phillips_Hold On_vocals.mp3,Wilson Phillips,Hold On,skipped,/home/data/kevinzhang/research/fractal_analysis/results/audio_melody_f0/cache/clean_contours/billboard_1990_01.npz,18.854603174603174,0.5407355882097209,,too_short,,,
billboard_2006_05,billboard,2006,05,/home/data/kevinzhang/research/fractal_analysis/audio_data/billboard/vocals/full_duration/2006_5_Shakira feat. Wyclef Jean_Hips Don't Lie_vocals.mp3,2006_5_Shakira feat. Wyclef Jean_Hips Don't Lie_vocals.mp3,Shakira feat. Wyclef Jean,Hips Don't Lie,success,/home/data/kevinzhang/research/fractal_analysis/results/audio_melody_f0/cache/clean_contours/billboard_2006_05.npz,34.94603174603175,0.7105767184507342,0.7767441860465116,,0.12793708630129036,0.1232876712328767,0.004280821917808219
billboard_1989_02,billboard,1989,02,/home/data/kevinzhang/research/fractal_analysis/audio_data/billboard/vocals/full_duration/1989_2_Bobby Brown_My Prerogative_vocals.mp3,1989_2_Bobby Brown_My Prerogative_vocals.mp3,Bobby Brown,My Prerogative,success,/home/data/kevinzhang/research/fractal_analysis/results/audio_melody_f0/cache/clean_contours/billboard_1989_02.npz,39.54358276643991,0.5288378314580219,0.7480916030534351,,0.04768699308253103,0.07148468185388845,0.002356637863315004
billboard_1994_02,billboard,1994,02,/home/data/kevinzhang/research/fractal_analysis/audio_data/billboard/vocals/full_duration/1994_2_All-4-One_I Swear_vocals.mp3,1994_2_All-4-One_I Swear_vocals.mp3,All-4-One,I Swear,success,/home/data/kevinzhang/research/fractal_analysis/results/audio_melody_f0/cache/clean_contours/billboard_1994_02.npz,36.31600907029478,0.7428168517539221,0.8222506393861893,,0.17653060863289755,0.045914396887159536,0.010116731517509728
billboard_2004_02,billboard,2004,02,/home/data/kevinzhang/research/fractal_analysis/audio_data/billboard/vocals/full_duration/2004_2_Usher_Burn_vocals.mp3,2004_2_Usher_Burn_vocals.mp3,Usher,Burn,success,/home/data/kevinzhang/research/fractal_analysis/results/audio_melody_f0/cache/clean_contours/billboard_2004_02.npz,84.52063492063492,0.7279271465741544,0.8532967032967033,,0.09203757081218103,0.09855072463768116,0.006119162640901771
billboard_1990_05,billboard,1990,05,/home/data/kevinzhang/research/fractal_analysis/audio_data/billboard/vocals/full_duration/1990_5_Madonna_Vogue_vocals.mp3,1990_5_Madonna_Vogue_vocals.mp3,Madonna,Vogue,success,/home/data/kevinzhang/research/fractal_analysis/results/audio_melody_f0/cache/clean_contours/billboard_1990_05.npz,30.60390022675737,0.6064492488090876,0.7503793626707133,,0.010013068846238975,0.17813765182186234,0.0010121457489878543
billboard_1996_01,billboard,1996,01,/home/data/kevinzhang/research/fractal_analysis/audio_data/billboard/vocals/full_duration/1996_1_Los del Rio_Macarena (Bayside Boys Remix)_vocals.mp3,1996_1_Los del Rio_Macarena (Bayside Boys Remix)_vocals.mp3,Los del Rio,Macarena (Bayside Boys Remix),skipped,/home/data/kevinzhang/research/fractal_analysis/results/audio_melody_f0/cache/clean_contours/billboard_1996_01.npz,21.571337868480725,0.7714338336863431,,too_short,,,
billboard_1997_01a,billboard,1997,01a,/home/data/kevinzhang/research/fractal_analysis/audio_data/billboard/vocals/full_duration/1997_1a_Elton John_Something About The Way You Look Tonight_vocals.mp3,1997_1a_Elton John_Something About The Way You Look Tonight_vocals.mp3,Elton John,Something About The Way You Look Tonight,skipped,/home/data/kevinzhang/research/fractal_analysis/results/audio_melody_f0/cache/clean_contours/billboard_1997_01a.npz,27.724625850340136,0.6802259887005649,,too_short,,,
billboard_1998_03,billboard,1998,03,/home/data/kevinzhang/research/fractal_analysis/audio_data/billboard/vocals/full_duration/1998_3_Shania Twain_You're Still the One_vocals.mp3,1998_3_Shania Twain_You're Still the One_vocals.mp3,Shania Twain,You're Still the One,success,/home/data/kevinzhang/research/fractal_analysis/results/audio_melody_f0/cache/clean_contours/billboard_1998_03.npz,36.57142857142857,0.815377478835672,0.8355555555555556,,0.1765306086328976,0.06768060836501902,0.006844106463878327
billboard_1997_02b,billboard,1997,02b,/home/data/kevinzhang/research/fractal_analysis/audio_data/billboard/vocals/full_duration/1997_2b_Jewel_You Were Meant for Me_vocals.mp3,1997_2b_Jewel_You Were Meant for Me_vocals.mp3,Jewel,You Were Meant for Me,success,/home/data/kevinzhang/research/fractal_analysis/results/audio_melody_f0/cache/clean_contours/billboard_1997_02b.npz,43.281995464852606,0.793071450665017,0.848175965665236,,0.48498680771591124,0.08544303797468354,0.004430379746835443
billboard_2004_04,billboard,2004,04,/home/data/kevinzhang/research/fractal_analysis/audio_data/billboard/vocals/full_duration/2004_4_Maroon 5_This Love_vocals.mp3,2004_4_Maroon 5_This Love_vocals.mp3,Maroon 5,This Love,success,/home/data/kevinzhang/research/fractal_analysis/results/audio_melody_f0/cache/clean_contours/billboard_2004_04.npz,59.09478458049887,0.7697963800904978,0.8829076620825147,,0.4260623290432814,0.07257346393588603,0.007123775601068566
billboard_1997_02a,billboard,1997,02a,/home/data/kevinzhang/research/fractal_analysis/audio_data/billboard/vocals/full_duration/1997_2a_Jewel_Foolish Games_vocals.mp3,1997_2a_Jewel_Foolish Games_vocals.mp3,Jewel,Foolish Games,success,/home/data/kevinzhang/research/fractal_analysis/results/audio_melody_f0/cache/clean_contours/billboard_1997_02a.npz,51.96625850340136,0.8064454432437601,0.8646112600536193,,0.6860828109301793,0.05842812823164426,0.005687693898655636
billboard_1991_01,billboard,1991,01,/home/data/kevinzhang/research/fractal_analysis/audio_data/billboard/vocals/full_duration/1991_1_Bryan Adams_(Everything I Do) I Do It For You_vocals.mp3,1991_1_Bryan Adams_(Everything I Do) I Do It For You_vocals.mp3,Bryan Adams,(Everything I Do) I Do It For You,skipped,/home/data/kevinzhang/research/fractal_analysis/results/audio_melody_f0/cache/clean_contours/billboard_1991_01.npz,20.96761904761905,0.6325746378953592,,too_short,,,
billboard_2008_05,billboard,2008,05,/home/data/kevinzhang/research/fractal_analysis/audio_data/billboard/vocals/full_duration/2008_5_Timbaland feat. OneRepublic_Apologize_vocals.mp3,2008_5_Timbaland feat. OneRepublic_Apologize_vocals.mp3,Timbaland feat. OneRepublic,Apologize,success,/home/data/kevinzhang/research/fractal_analysis/results/audio_melody_f0/cache/clean_contours/billboard_2008_05.npz,46.230929705215424,0.7974403150381492,0.8543445504771472,,0.4849868077159113,0.04647058823529412,0.0017647058823529412
billboard_1995_01,billboard,1995,01,/home/data/kevinzhang/research/fractal_analysis/audio_data/billboard/vocals/full_duration/1995_1_Coolio feat. L.V._Gangsta's Paradise_vocals.mp3,1995_1_Coolio feat. L.V._Gangsta's Paradise_vocals.mp3,Coolio feat. L.V.,Gangsta's Paradise,success,/home/data/kevinzhang/research/fractal_analysis/results/audio_melody_f0/cache/clean_contours/billboard_1995_01.npz,50.15510204081633,0.7361271676300578,0.8268518518518518,,0.04069733156888105,0.07955182072829131,0.0028011204481792717
billboard_2009_05,billboard,2009,05,/home/data/kevinzhang/research/fractal_analysis/audio_data/billboard/vocals/full_duration/2009_5_Taylor Swift_Love Story_vocals.mp3,2009_5_Taylor Swift_Love Story_vocals.mp3,Taylor Swift,Love Story,success,/home/data/kevinzhang/research/fractal_analysis/results/audio_melody_f0/cache/clean_contours/billboard_2009_05.npz,38.91664399092971,0.6992931474572943,0.7303102625298329,,0.03010686179419501,0.11038430089942763,0.005723630417007359
billboard_1994_03,billboard,1994,03,/home/data/kevinzhang/research/fractal_analysis/audio_data/billboard/vocals/full_duration/1994_3_Boyz II Men_I'll Make Love to You_vocals.mp3,1994_3_Boyz II Men_I'll Make Love to You_vocals.mp3,Boyz II Men,I'll Make Love to You,success,/home/data/kevinzhang/research/fractal_analysis/results/audio_melody_f0/cache/clean_contours/billboard_1994_03.npz,48.15818594104309,0.6898892461593427,0.8563162970106075,,0.24075438231268145,0.07774647887323943,0.0050704225352112674
billboard_1999_01,billboard,1999,01,/home/data/kevinzhang/research/fractal_analysis/audio_data/billboard/vocals/full_duration/1999_1_Cher_Believe_vocals.mp3,1999_1_Cher_Believe_vocals.mp3,Cher,Believe,success,/home/data/kevinzhang/research/fractal_analysis/results/audio_melody_f0/cache/clean_contours/billboard_1999_01.npz,57.53904761904762,0.7635453474676089,0.847457627118644,,0.32333605839064083,0.050976655550262026,0.011434016198189614
billboard_1991_03,billboard,1991,03,/home/data/kevinzhang/research/fractal_analysis/audio_data/billboard/vocals/full_duration/1991_3_C&C Music Factory_Gonna Make You Sweat (Everybody Dance Now)_vocals.mp3,1991_3_C&C Music Factory_Gonna Make You Sweat (Everybody Dance Now)_vocals.mp3,C&C Music Factory,Gonna Make You Sweat,success,/home/data/kevinzhang/research/fractal_analysis/results/audio_melody_f0/cache/clean_contours/billboard_1991_03.npz,32.97233560090703,0.660803311071395,0.819718309859155,,0.040697331568881064,0.10834049871023216,0.012037833190025795
billboard_1989_01,billboard,1989,01,/home/data/kevinzhang/research/fractal_analysis/audio_data/billboard/vocals/full_duration/1989_1_Chicago_Look Away_vocals.mp3,1989_1_Chicago_Look Away_vocals.mp3,Chicago,Look Away,success,/home/data/kevinzhang/research/fractal_analysis/results/audio_melody_f0/cache/clean_contours/billboard_1989_01.npz,36.014149659863946,0.7945810914681014,0.8504190844616376,,0.09203757081218102,0.06600910470409711,0.007587253414264037
billboard_1996_05,billboard,1996,05,/home/data/kevinzhang/research/fractal_analysis/audio_data/billboard/vocals/full_duration/1996_5_Mariah Carey_Always Be My Baby_vocals.mp3,1996_5_Mariah Carey_Always Be My Baby_vocals.mp3,Mariah Carey,Always Be My Baby,success,/home/data/kevinzhang/research/fractal_analysis/results/audio_melody_f0/cache/clean_contours/billboard_1996_05.npz,51.94303854875284,0.7150726993588007,0.8207420652659813,,0.09203757081218103,0.09318801089918256,0.005449591280653951
billboard_2008_01,billboard,2008,01,/home/data/kevinzhang/research/fractal_analysis/audio_data/billboard/vocals/full_duration/2008_1_Flo Rida feat. T-Pain_Low_vocals.mp3,2008_1_Flo Rida feat. T-Pain_Low_vocals.mp3,Flo Rida feat. T-Pain,Low,skipped,/home/data/kevinzhang/research/fractal_analysis/results/audio_melody_f0/cache/clean_contours/billboard_2008_01.npz,26.21532879818594,0.6656272004828488,,too_short,,,
billboard_1992_04,billboard,1992,04,/home/data/kevinzhang/research/fractal_analysis/audio_data/billboard/vocals/full_duration/1992_4_Vanessa Williams_Save the Best for Last_vocals.mp3,1992_4_Vanessa Williams_Save the Best for Last_vocals.mp3,Vanessa Williams,Save the Best for Last,success,/home/data/kevinzhang/research/fractal_analysis/results/audio_melody_f0/cache/clean_contours/billboard_1992_04.npz,35.781950113378684,0.7641020213779236,0.8663205710577547,,0.3721358982975087,0.08095952023988005,0.004497751124437781
billboard_1999_05,billboard,1999,05,/home/data/kevinzhang/research/fractal_analysis/audio_data/billboard/vocals/full_duration/1999_5_Britney Spears_...Baby One More Time_vocals.mp3,1999_5_Britney Spears_...Baby One More Time_vocals.mp3,Britney Spears,...Baby One More Time,skipped,/home/data/kevinzhang/research/fractal_analysis/results/audio_melody_f0/cache/clean_contours/billboard_1999_05.npz,24.52027210884354,0.5581216320246344,,too_short,,,
billboard_1996_04,billboard,1996,04,/home/data/kevinzhang/research/fractal_analysis/audio_data/billboard/vocals/full_duration/1996_4_The Tony Rich Project_Nobody Knows_vocals.mp3,1996_4_The Tony Rich Project_Nobody Knows_vocals.mp3,The Tony Rich Project,Nobody Knows,skipped,/home/data/kevinzhang/research/fractal_analysis/results/audio_melody_f0/cache/clean_contours/billboard_1996_04.npz,29.071383219954647,0.6529454152404972,,too_short,,,
billboard_2019_05,billboard,2019,05,/home/data/kevinzhang/research/fractal_analysis/audio_data/billboard/vocals/full_duration/2019_5_Post Malone_Wow_vocals.mp3,2019_5_Post Malone_Wow_vocals.mp3,Post Malone,Wow,success,/home/data/kevinzhang/research/fractal_analysis/results/audio_melody_f0/cache/clean_contours/billboard_2019_05.npz,61.02204081632653,0.8096560234459356,0.799847792998478,,0.092037570812181,0.09757258448357925,0.0038077106139933364
billboard_2013_04,billboard,2013,04,/home/data/kevinzhang/research/fractal_analysis/audio_data/billboard/vocals/full_duration/2013_4_Baauer_Harlem Shake_vocals.mp3,2013_4_Baauer_Harlem Shake_vocals.mp3,Baauer,Harlem Shake,success,/home/data/kevinzhang/research/fractal_analysis/results/audio_melody_f0/cache/clean_contours/billboard_2013_04.npz,195.6048979591837,0.9054549757425157,0.9077635327635327,,0.02616802860893576,0.1553753596651844,0.00104629871828407
billboard_2001_01,billboard,2001,01,/home/data/kevinzhang/research/fractal_analysis/audio_data/billboard/vocals/full_duration/2001_1_Lifehouse_Hanging By A Moment_vocals.mp3,2001_1_Lifehouse_Hanging By A Moment_vocals.mp3,Lifehouse,Hanging By A Moment,success,/home/data/kevinzhang/research/fractal_analysis/results/audio_melody_f0/cache/clean_contours/billboard_2001_01.npz,33.90113378684807,0.7430333971495426,0.8479452054794521,,0.06608151270920701,0.06952303961196443,0.005658852061438965
billboard_2019_01,billboard,2019,01,/home/data/kevinzhang/research/fractal_analysis/audio_data/billboard/vocals/full_duration/2019_1_Lil Nas X feat. Billy Ray Cyrus_Old Town Road - Remix_vocals.mp3,2019_1_Lil Nas X feat. Billy Ray Cyrus_Old Town Road - Remix_vocals.mp3,Lil Nas X feat. Billy Ray Cyrus,Old Town Road - Remix,success,/home/data/kevinzhang/research/fractal_analysis/results/audio_melody_f0/cache/clean_contours/billboard_2019_01.npz,85.07791383219954,0.8817013735046522,0.9134825327510917,,0.09203757081218102,0.07322175732217573,0.001195457262402869
billboard_2009_03,billboard,2009,03,/home/data/kevinzhang/research/fractal_analysis/audio_data/billboard/vocals/full_duration/2009_3_Lady Gaga feat. Colby O'Donis_Just Dance_vocals.mp3,2009_3_Lady Gaga feat. Colby O'Donis_Just Dance_vocals.mp3,Lady Gaga feat. Colby O'Donis,Just Dance,success,/home/data/kevinzhang/research/fractal_analysis/results/audio_melody_f0/cache/clean_contours/billboard_2009_03.npz,159.59074829931973,0.8744824990590891,0.8863669431107232,,0.2796051653363589,0.08241668034805451,0.004925299622393696
billboard_1991_04,billboard,1991,04,/home/data/kevinzhang/research/fractal_analysis/audio_data/billboard/vocals/full_duration/1991_4_Paula Abdul_Rush Rush_vocals.mp3,1991_4_Paula Abdul_Rush Rush_vocals.mp3,Paula Abdul,Rush Rush,success,/home/data/kevinzhang/research/fractal_analysis/results/audio_melody_f0/cache/clean_contours/billboard_1991_04.npz,41.84235827664399,0.7891852687565477,0.8795782463928968,,0.2796051653363589,0.06565656565656566,0.0012626262626262627
billboard_1999_03,billboard,1999,03,/home/data/kevinzhang/research/fractal_analysis/audio_data/billboard/vocals/full_duration/1999_3_Monica_Angel of Mine_vocals.mp3,1999_3_Monica_Angel of Mine_vocals.mp3,Monica,Angel of Mine,success,/home/data/kevinzhang/research/fractal_analysis/results/audio_melody_f0/cache/clean_contours/billboard_1999_03.npz,114.38149659863946,0.8372693726937269,0.8936256597645148,,0.17653060863289757,0.07248352647125653,0.0015905476028175414
billboard_2019_02,billboard,2019,02,/home/data/kevinzhang/research/fractal_analysis/audio_data/billboard/vocals/full_duration/2019_2_Post Malone and Swae Lee_Sunflower_vocals.mp3,2019_2_Post Malone and Swae Lee_Sunflower_vocals.mp3,Post Malone and Swae Lee,Sunflower,success,/home/data/kevinzhang/research/fractal_analysis/results/audio_melody_f0/cache/clean_contours/billboard_2019_02.npz,103.4681179138322,0.8270833333333333,0.8364003590664273,,0.4260623290432814,0.05475040257648953,0.007246376811594203
billboard_1993_01,billboard,1993,01,/home/data/kevinzhang/research/fractal_analysis/audio_data/billboard/vocals/full_duration/1993_1_Whitney Houston_I Will Always Love You_vocals.mp3,1993_1_Whitney Houston_I Will Always Love You_vocals.mp3,Whitney Houston,I Will Always Love You,success,/home/data/kevinzhang/research/fractal_analysis/results/audio_melody_f0/cache/clean_contours/billboard_1993_01.npz,67.01278911564626,0.8612538540596094,0.9355509355509356,,0.7571601330199093,0.04001482030381623,0.0014820303816228233
billboard_2014_02,billboard,2014,02,/home/data/kevinzhang/research/fractal_analysis/audio_data/billboard/vocals/full_duration/2014_2_Katy Perry and Juicy J_Dark Horse_vocals.mp3,2014_2_Katy Perry and Juicy J_Dark Horse_vocals.mp3,Katy Perry and Juicy J,Dark Horse,success,/home/data/kevinzhang/research/fractal_analysis/results/audio_melody_f0/cache/clean_contours/billboard_2014_02.npz,64.59791383219955,0.7393188854489164,0.8346513299784328,,0.15046460134333883,0.08961654459284792,0.003877638948728996
billboard_2009_04,billboard,2009,04,/home/data/kevinzhang/research/fractal_analysis/audio_data/billboard/vocals/full_duration/2009_4_The Black Eyed Peas_I Gotta Feeling_vocals.mp3,2009_4_The Black Eyed Peas_I Gotta Feeling_vocals.mp3,The Black Eyed Peas,I Gotta Feeling,success,/home/data/kevinzhang/research/fractal_analysis/results/audio_melody_f0/cache/clean_contours/billboard_2009_04.npz,63.901315192743766,0.7735849056603774,0.842296511627907,,0.2796051653363589,0.10444540353905912,0.004747518342684506
billboard_2014_04,billboard,2014,04,/home/data/kevinzhang/research/fractal_analysis/audio_data/billboard/vocals/full_duration/2014_4_Iggy Azalea feat. Charli XCX_Fancy_vocals.mp3,2014_4_Iggy Azalea feat. Charli XCX_Fancy_vocals.mp3,Iggy Azalea feat. Charli XCX,Fancy,skipped,/home/data/kevinzhang/research/fractal_analysis/results/audio_melody_f0/cache/clean_contours/billboard_2014_04.npz,27.515646258503402,0.6285350023180343,,too_short,,,
billboard_1997_05,billboard,1997,05,/home/data/kevinzhang/research/fractal_analysis/audio_data/billboard/vocals/full_duration/1997_5_Diddy feat. Mase_Can't Nobody Hold Me Down_vocals.mp3,1997_5_Diddy feat. Mase_Can't Nobody Hold Me Down_vocals.mp3,Diddy feat. Mase,Can't Nobody Hold Me Down,success,/home/data/kevinzhang/research/fractal_analysis/results/audio_melody_f0/cache/clean_contours/billboard_1997_05.npz,54.07927437641723,0.7824167001204335,0.7930442249892657,,0.034897428019625254,0.1305525460455038,0.0
billboard_1998_01,billboard,1998,01,/home/data/kevinzhang/research/fractal_analysis/audio_data/billboard/vocals/full_duration/1998_1_Next_Too Close_vocals.mp3,1998_1_Next_Too Close_vocals.mp3,Next,Too Close,success,/home/data/kevinzhang/research/fractal_analysis/results/audio_melody_f0/cache/clean_contours/billboard_1998_01.npz,47.62412698412699,0.6756419845425081,0.8902974158946855,,0.37213589829750865,0.0789041095890411,0.0032876712328767125
billboard_2018_01,billboard,2018,01,/home/data/kevinzhang/research/fractal_analysis/audio_data/billboard/vocals/full_duration/2018_1_Drake_God's Plan_vocals.mp3,2018_1_Drake_God's Plan_vocals.mp3,Drake,God's Plan,skipped,/home/data/kevinzhang/research/fractal_analysis/results/audio_melody_f0/cache/clean_contours/billboard_2018_01.npz,24.45061224489796,0.45904317386231036,,too_short,,,
billboard_1997_04,billboard,1997,04,/home/data/kevinzhang/research/fractal_analysis/audio_data/billboard/vocals/full_duration/1997_4_Toni Braxton_Un-Break My Heart_vocals.mp3,1997_4_Toni Braxton_Un-Break My Heart_vocals.mp3,Toni Braxton,Un-Break My Heart,success,/home/data/kevinzhang/research/fractal_analysis/results/audio_melody_f0/cache/clean_contours/billboard_1997_04.npz,40.35628117913832,0.7716374766196226,0.8647871116225546,,0.2407543944755743,0.0659121171770972,0.005326231691078562
billboard_2011_03,billboard,2011,03,/home/data/kevinzhang/research/fractal_analysis/audio_data/billboard/vocals/full_duration/2011_3_Katy Perry_Firework_vocals.mp3,2011_3_Katy Perry_Firework_vocals.mp3,Katy Perry,Firework,success,/home/data/kevinzhang/research/fractal_analysis/results/audio_melody_f0/cache/clean_contours/billboard_2011_03.npz,59.350204081632654,0.810571371690225,0.8470266040688575,,0.4849868077159112,0.06423290203327171,0.007855822550831794
billboard_2010_01,billboard,2010,01,/home/data/kevinzhang/research/fractal_analysis/audio_data/billboard/vocals/full_duration/2010_1_Kesha_Tik Tok_vocals.mp3,2010_1_Kesha_Tik Tok_vocals.mp3,Kesha,Tik Tok,success,/home/data/kevinzhang/research/fractal_analysis/results/audio_melody_f0/cache/clean_contours/billboard_2010_01.npz,50.1318820861678,0.6994406196213425,0.7878647522000927,,0.10857977072874499,0.13058823529411764,0.0029411764705882353
billboard_2001_02,billboard,2001,02,/home/data/kevinzhang/research/fractal_analysis/audio_data/billboard/vocals/full_duration/2001_2_Alicia Keys_Fallin'_vocals.mp3,2001_2_Alicia Keys_Fallin'_vocals.mp3,Alicia Keys,Fallin',success,/home/data/kevinzhang/research/fractal_analysis/results/audio_melody_f0/cache/clean_contours/billboard_2001_02.npz,32.27573696145125,0.5634364557507815,0.837410071942446,,0.17653060863289757,0.0825451418744626,0.005159071367153913
billboard_1984_01,billboard,1984,01,/home/data/kevinzhang/research/fractal_analysis/audio_data/billboard/vocals/full_duration/1984_1_Prince_When Doves Cry_vocals.mp3,1984_1_Prince_When Doves Cry_vocals.mp3,Prince,When Doves Cry,skipped,/home/data/kevinzhang/research/fractal_analysis/results/audio_melody_f0/cache/clean_contours/billboard_1984_01.npz,19.551201814058956,0.43240230789404666,,too_short,,,
billboard_1996_02,billboard,1996,02,/home/data/kevinzhang/research/fractal_analysis/audio_data/billboard/vocals/full_duration/1996_2_Mariah Carey and Boyz II Men_One Sweet Day_vocals.mp3,1996_2_Mariah Carey and Boyz II Men_One Sweet Day_vocals.mp3,Mariah Carey and Boyz II Men,One Sweet Day,success,/home/data/kevinzhang/research/fractal_analysis/results/audio_melody_f0/cache/clean_contours/billboard_1996_02.npz,45.2324716553288,0.6593861643390712,0.811088295687885,,0.09203757081218102,0.060797973400886635,0.011399620012666244
billboard_1996_03,billboard,1996,03,/home/data/kevinzhang/research/fractal_analysis/audio_data/billboard/vocals/full_duration/1996_3_Celine Dion_Because You Loved Me_vocals.mp3,1996_3_Celine Dion_Because You Loved Me_vocals.mp3,Celine Dion,Because You Loved Me,success,/home/data/kevinzhang/research/fractal_analysis/results/audio_melody_f0/cache/clean_contours/billboard_1996_03.npz,71.51746031746032,0.8285834031852473,0.8931818181818182,,0.2796051653363589,0.07018181818181818,0.0003636363636363636
billboard_2016_02,billboard,2016,02,/home/data/kevinzhang/research/fractal_analysis/audio_data/billboard/vocals/full_duration/2016_2_Justin Bieber_Sorry_vocals.mp3,2016_2_Justin Bieber_Sorry_vocals.mp3,Justin Bieber,Sorry,success,/home/data/kevinzhang/research/fractal_analysis/results/audio_melody_f0/cache/clean_contours/billboard_2016_02.npz,42.515736961451246,0.7151536394438602,0.787001638448935,,0.24075439447557428,0.06180555555555556,0.003472222222222222
billboard_1987_04,billboard,1987,04,/home/data/kevinzhang/research/fractal_analysis/audio_data/billboard/vocals/full_duration/1987_4_Whitney Houston_I Wanna Dance with Somebody (Who Loves Me)_vocals.mp3,1987_4_Whitney Houston_I Wanna Dance with Somebody (Who Loves Me)_vocals.mp3,Whitney Houston,I Wanna Dance with Somebody (Who Loves Me),success,/home/data/kevinzhang/research/fractal_analysis/results/audio_melody_f0/cache/clean_contours/billboard_1987_04.npz,39.566802721088436,0.6856256463288521,0.8779342723004695,,0.2796051653363589,0.07023411371237458,0.004013377926421404
billboard_2012_04,billboard,2012,04,/home/data/kevinzhang/research/fractal_analysis/audio_data/billboard/vocals/full_duration/2012_4_Maroon 5 feat. Wiz Khalifa_Payphone_vocals.mp3,2012_4_Maroon 5 feat. Wiz Khalifa_Payphone_vocals.mp3,Maroon 5 feat. Wiz Khalifa,Payphone,success,/home/data/kevinzhang/research/fractal_analysis/results/audio_melody_f0/cache/clean_contours/billboard_2012_04.npz,70.86730158730158,0.7690301875438772,0.8594364351245085,,0.20650679911775233,0.08428680396643784,0.002669717772692601
billboard_1972_03,billboard,1972,03,/home/data/kevinzhang/research/fractal_analysis/audio_data/billboard/vocals/full_duration/1972_3_Don McLean_American Pie_vocals.mp3,1972_3_Don McLean_American Pie_vocals.mp3,Don McLean,American Pie,success,/home/data/kevinzhang/research/fractal_analysis/results/audio_melody_f0/cache/clean_contours/billboard_1972_03.npz,63.43691609977324,0.8266606211743369,0.8795754026354319,,0.4260623290432814,0.07868442964196502,0.006661115736885929
billboard_2017_01,billboard,2017,01,/home/data/kevinzhang/research/fractal_analysis/audio_data/billboard/vocals/full_duration/2017_1_Ed Sheeran_Shape of You_vocals.mp3,2017_1_Ed Sheeran_Shape of You_vocals.mp3,Ed Sheeran,Shape of You,success,/home/data/kevinzhang/research/fractal_analysis/results/audio_melody_f0/cache/clean_contours/billboard_2017_01.npz,59.953922902494334,0.7682276229994073,0.8477924089852827,,0.10857977072874497,0.09597806215722121,0.004570383912248629
billboard_2007_04,billboard,2007,04,/home/data/kevinzhang/research/fractal_analysis/audio_data/billboard/vocals/full_duration/2007_4_Fergie_Big Girls Don't Cry (Personal)_vocals.mp3,2007_4_Fergie_Big Girls Don't Cry (Personal)_vocals.mp3,Fergie,Big Girls Don't Cry (Personal),success,/home/data/kevinzhang/research/fractal_analysis/results/audio_melody_f0/cache/clean_contours/billboard_2007_04.npz,42.81759637188209,0.7390515089630134,0.8590021691973969,,0.4849868077159113,0.06443461781427669,0.003158559696778269
billboard_2003_04,billboard,2003,04,/home/data/kevinzhang/research/fractal_analysis/audio_data/billboard/vocals/full_duration/2003_4_Beyonce featuring Jay-Z_Crazy in Love_vocals.mp3,2003_4_Beyonce featuring Jay-Z_Crazy in Love_vocals.mp3,Beyonce featuring Jay-Z,Crazy in Love,success,/home/data/kevinzhang/research/fractal_analysis/results/audio_melody_f0/cache/clean_contours/billboard_2003_04.npz,94.15691609977324,0.7255786582973716,0.8019728729963008,,0.06608151270920702,0.12519224853891112,0.002153183635804368
billboard_2013_05,billboard,2013,05,/home/data/kevinzhang/research/fractal_analysis/audio_data/billboard/vocals/full_duration/2013_5_Macklemore and Ryan Lewis feat. Ray Dalton_Can't Hold Us_vocals.mp3,2013_5_Macklemore and Ryan Lewis feat. Ray Dalton_Can't Hold Us_vocals.mp3,Macklemore and Ryan Lewis feat. Ray Dalton,Can't Hold Us,success,/home/data/kevinzhang/research/fractal_analysis/results/audio_melody_f0/cache/clean_contours/billboard_2013_05.npz,42.5621768707483,0.6160794941282746,0.7670485542825969,,0.02163092384049959,0.11601423487544484,0.0035587188612099642
billboard_2016_01,billboard,2016,01,/home/data/kevinzhang/research/fractal_analysis/audio_data/billboard/vocals/full_duration/2016_1_Justin Bieber_Love Yourself_vocals.mp3,2016_1_Justin Bieber_Love Yourself_vocals.mp3,Justin Bieber,Love Yourself,success,/home/data/kevinzhang/research/fractal_analysis/results/audio_melody_f0/cache/clean_contours/billboard_2016_01.npz,53.68453514739229,0.6993346980552713,0.8222318339100346,,0.32333605839064083,0.06157894736842105,0.0
billboard_1999_04,billboard,1999,04,/home/data/kevinzhang/research/fractal_analysis/audio_data/billboard/vocals/full_duration/1999_4_Whitney Houston feat. Faith Evans and Kelly Price_Heartbreak Hotel_vocals.mp3,1999_4_Whitney Houston feat. Faith Evans and Kelly Price_Heartbreak Hotel_vocals.mp3,Whitney Houston feat. Faith Evans and Kelly Price,Heartbreak Hotel,success,/home/data/kevinzhang/research/fractal_analysis/results/audio_melody_f0/cache/clean_contours/billboard_1999_04.npz,37.77886621315193,0.7727359027909626,0.860479409956976,,0.12793708630129036,0.091493924231594,0.005003573981415297
billboard_2011_04,billboard,2011,04,/home/data/kevinzhang/research/fractal_analysis/audio_data/billboard/vocals/full_duration/2011_4_Katy Perry feat. Kanye West_E.T._vocals.mp3,2011_4_Katy Perry feat. Kanye West_E.T._vocals.mp3,Katy Perry feat. Kanye West,E.T.,success,/home/data/kevinzhang/research/fractal_analysis/results/audio_melody_f0/cache/clean_contours/billboard_2011_04.npz,91.55628117913832,0.7320603634123807,0.8450418463099163,,0.24075439447557434,0.09876913839687781,0.003902731912338637
billboard_2012_03,billboard,2012,03,/home/data/kevinzhang/research/fractal_analysis/audio_data/billboard/vocals/full_duration/2012_3_Fun feat. Janelle Monae_We Are Young_vocals.mp3,2012_3_Fun feat. Janelle Monae_We Are Young_vocals.mp3,Fun feat. Janelle Monae,We Are Young,success,/home/data/kevinzhang/research/fractal_analysis/results/audio_melody_f0/cache/clean_contours/billboard_2012_03.npz,44.28045351473923,0.7968519882179675,0.8479286837965391,,0.37213589829750876,0.04393564356435643,0.007425742574257425
billboard_2011_02,billboard,2011,02,/home/data/kevinzhang/research/fractal_analysis/audio_data/billboard/vocals/full_duration/2011_2_LMFAO feat. Lauren Bennett and GoonRock_Party Rock Anthem_vocals.mp3,2011_2_LMFAO feat. Lauren Bennett and GoonRock_Party Rock Anthem_vocals.mp3,LMFAO feat. Lauren Bennett and GoonRock,Party Rock Anthem,success,/home/data/kevinzhang/research/fractal_analysis/results/audio_melody_f0/cache/clean_contours/billboard_2011_02.npz,38.24326530612245,0.5692294159042928,0.8136004857316332,,0.0779752376229482,0.09783420463032114,0.002987303958177745
billboard_2020_04,billboard,2020,04,/home/data/kevinzhang/research/fractal_analysis/audio_data/billboard/vocals/full_duration/2020_4_Dua Lipa_Don't Start Now_vocals.mp3,2020_4_Dua Lipa_Don't Start Now_vocals.mp3,Dua Lipa,Don't Start Now,success,/home/data/kevinzhang/research/fractal_analysis/results/audio_melody_f0/cache/clean_contours/billboard_2020_04.npz,100.03156462585034,0.7993589743589744,0.8314763231197771,,0.12793708630129033,0.07316392069254399,0.001954761239877129
billboard_2000_03,billboard,2000,03,/home/data/kevinzhang/research/fractal_analysis/audio_data/billboard/vocals/full_duration/2000_3_Santana feat. The Product G&B_Maria Maria_vocals.mp3,2000_3_Santana feat. The Product G&B_Maria Maria_vocals.mp3,Santana feat. The Product G&B,Maria Maria,success,/home/data/kevinzhang/research/fractal_analysis/results/audio_melody_f0/cache/clean_contours/billboard_2000_03.npz,73.09641723356009,0.776423487544484,0.817979669631512,,0.3721358982975087,0.07303807303807304,0.002331002331002331
billboard_2018_03,billboard,2018,03,/home/data/kevinzhang/research/fractal_analysis/audio_data/billboard/vocals/full_duration/2018_3_Bebe Rexha feat. Florida Georgia Line_Meant to Be_vocals.mp3,2018_3_Bebe Rexha feat. Florida Georgia Line_Meant to Be_vocals.mp3,Bebe Rexha feat. Florida Georgia Line,Meant to Be,success,/home/data/kevinzhang/research/fractal_analysis/results/audio_melody_f0/cache/clean_contours/billboard_2018_03.npz,66.61804988662132,0.5651096033402923,0.7950505402579295,,0.20650679911773143,0.11666666666666667,0.0013157894736842105
billboard_2015_03,billboard,2015,03,/home/data/kevinzhang/research/fractal_analysis/audio_data/billboard/vocals/full_duration/2015_3_Wiz Khalifa feat. Charlie Puth_See You Again_vocals.mp3,2015_3_Wiz Khalifa feat. Charlie Puth_See You Again_vocals.mp3,Wiz Khalifa feat. Charlie Puth,See You Again,success,/home/data/kevinzhang/research/fractal_analysis/results/audio_melody_f0/cache/clean_contours/billboard_2015_03.npz,148.259410430839,0.869195751138088,0.890211433046202,,0.4260623290432814,0.05806792187225057,0.0054548653879992965
billboard_2019_04,billboard,2019,04,/home/data/kevinzhang/research/fractal_analysis/audio_data/billboard/vocals/full_duration/2019_4_Billie Eilish_Bad Guy_vocals.mp3,2019_4_Billie Eilish_Bad Guy_vocals.mp3,Billie Eilish,Bad Guy,skipped,/home/data/kevinzhang/research/fractal_analysis/results/audio_melody_f0/cache/clean_contours/billboard_2019_04.npz,18.274104308390022,0.5073852745518097,,too_short,,,
billboard_2003_01,billboard,2003,01,/home/data/kevinzhang/research/fractal_analysis/audio_data/billboard/vocals/full_duration/2003_1_50 Cent_In da Club_vocals.mp3,2003_1_50 Cent_In da Club_vocals.mp3,50 Cent,In da Club,success,/home/data/kevinzhang/research/fractal_analysis/results/audio_melody_f0/cache/clean_contours/billboard_2003_01.npz,64.36571428571429,0.756601056168987,0.8225108225108225,,0.09203757081218102,0.0895129442738043,0.0
billboard_2000_01,billboard,2000,01,/home/data/kevinzhang/research/fractal_analysis/audio_data/billboard/vocals/full_duration/2000_1_Faith Hill_Breathe_vocals.mp3,2000_1_Faith Hill_Breathe_vocals.mp3,Faith Hill,Breathe,success,/home/data/kevinzhang/research/fractal_analysis/results/audio_melody_f0/cache/clean_contours/billboard_2000_01.npz,30.534240362811794,0.6756883751527112,0.8068441064638783,,0.092037570812181,0.09150943396226414,0.010377358490566037
billboard_2000_02,billboard,2000,02,/home/data/kevinzhang/research/fractal_analysis/audio_data/billboard/vocals/full_duration/2000_2_Santana feat. Rob Thomas_Smooth_vocals.mp3,2000_2_Santana feat. Rob Thomas_Smooth_vocals.mp3,Santana feat. Rob Thomas,Smooth,skipped,/home/data/kevinzhang/research/fractal_analysis/results/audio_melody_f0/cache/clean_contours/billboard_2000_02.npz,22.151836734693877,0.45457842248413416,,too_short,,,
suno_v4_5_1950_04,suno_v4_5,1950,04,/home/data/kevinzhang/research/fractal_analysis/audio_data/suno_v4_5/vocals/batch_1/1950_4_09f37e8c-f7de-42ec-bb36-137f07e9c10a_vocals.mp3,1950_4_09f37e8c-f7de-42ec-bb36-137f07e9c10a_vocals.mp3,Gary & Bing Crosby,Sam's Song,skipped,/home/data/kevinzhang/research/fractal_analysis/results/audio_melody_f0/cache/clean_contours/suno_v4_5_1950_04.npz,27.608526077097505,0.6861097380128522,,too_short,,,
billboard_2020_01,billboard,2020,01,/home/data/kevinzhang/research/fractal_analysis/audio_data/billboard/vocals/full_duration/2020_1_The Weeknd_Blinding Lights_vocals.mp3,2020_1_The Weeknd_Blinding Lights_vocals.mp3,The Weeknd,Blinding Lights,success,/home/data/kevinzhang/research/fractal_analysis/results/audio_melody_f0/cache/clean_contours/billboard_2020_01.npz,73.21251700680273,0.6956124314442413,0.782429432286711,,0.3233360583906408,0.05555555555555555,0.0024330900243309003
billboard_2014_03,billboard,2014,03,/home/data/kevinzhang/research/fractal_analysis/audio_data/billboard/vocals/full_duration/2014_3_John Legend_All of Me_vocals.mp3,2014_3_John Legend_All of Me_vocals.mp3,John Legend,All of Me,success,/home/data/kevinzhang/research/fractal_analysis/results/audio_melody_f0/cache/clean_contours/billboard_2014_03.npz,91.46340136054422,0.8201058201058201,0.9126681898959127,,0.4260623290432815,0.05703951029493601,0.0008347245409015025
billboard_1998_02,billboard,1998,02,/home/data/kevinzhang/research/fractal_analysis/audio_data/billboard/vocals/full_duration/1998_2_Brandy and Monica_The Boy Is Mine_vocals.mp3,1998_2_Brandy and Monica_The Boy Is Mine_vocals.mp3,Brandy and Monica,The Boy Is Mine,success,/home/data/kevinzhang/research/fractal_analysis/results/audio_melody_f0/cache/clean_contours/billboard_1998_02.npz,56.79600907029479,0.800346538552414,0.883483237939493,,0.1279370863012904,0.10231481481481482,0.004629629629629629
billboard_2021_02,billboard,2021,02,/home/data/kevinzhang/research/fractal_analysis/audio_data/billboard/vocals/full_duration/2021_2_The Weeknd and Ariana Grande_Save Your Tears_vocals.mp3,2021_2_The Weeknd and Ariana Grande_Save Your Tears_vocals.mp3,The Weeknd and Ariana Grande,Save Your Tears,success,/home/data/kevinzhang/research/fractal_analysis/results/audio_melody_f0/cache/clean_contours/billboard_2021_02.npz,40.28662131519275,0.759194734804491,0.7786743515850144,,0.15046460134333878,0.06592592592592593,0.01037037037037037
billboard_2021_04,billboard,2021,04,/home/data/kevinzhang/research/fractal_analysis/audio_data/billboard/vocals/full_duration/2021_4_24kGoldn feat. Iann Dior_Mood_vocals.mp3,2021_4_24kGoldn feat. Iann Dior_Mood_vocals.mp3,24kGoldn feat. Iann Dior,Mood,success,/home/data/kevinzhang/research/fractal_analysis/results/audio_melody_f0/cache/clean_contours/billboard_2021_04.npz,102.37678004535148,0.766949806949807,0.8641415286913132,,0.1765306086328976,0.10475190338671567,0.0005250721974271463
billboard_2020_02,billboard,2020,02,/home/data/kevinzhang/research/fractal_analysis/audio_data/billboard/vocals/full_duration/2020_2_Post Malone_Circles_vocals.mp3,2020_2_Post Malone_Circles_vocals.mp3,Post Malone,Circles,success,/home/data/kevinzhang/research/fractal_analysis/results/audio_melody_f0/cache/clean_contours/billboard_2020_02.npz,62.94929705215419,0.7825336927223719,0.8218369605311693,,0.20650679911775227,0.0449034575662326,0.01122586439155815
billboard_1998_05,billboard,1998,05,/home/data/kevinzhang/research/fractal_analysis/audio_data/billboard/vocals/full_duration/1998_5_LeAnn Rimes_How Do I Live_vocals.mp3,1998_5_LeAnn Rimes_How Do I Live_vocals.mp3,LeAnn Rimes,How Do I Live,success,/home/data/kevinzhang/research/fractal_analysis/results/audio_melody_f0/cache/clean_contours/billboard_1998_05.npz,100.14766439909297,0.8678111587982833,0.9030837004405287,,0.24075439447557428,0.05187467899332306,0.00539291217257319
billboard_2020_05,billboard,2020,05,/home/data/kevinzhang/research/fractal_analysis/audio_data/billboard/vocals/full_duration/2020_5_DaBaby feat. Roddy Ricch_Rockstar_vocals.mp3,2020_5_DaBaby feat. Roddy Ricch_Rockstar_vocals.mp3,DaBaby feat. Roddy Ricch,Rockstar,success,/home/data/kevinzhang/research/fractal_analysis/results/audio_melody_f0/cache/clean_contours/billboard_2020_05.npz,40.00798185941043,0.7451781836760761,0.7817759721416134,,0.0779752376229482,0.11738484398216939,0.005943536404160475
billboard_1998_04,billboard,1998,04,/home/data/kevinzhang/research/fractal_analysis/audio_data/billboard/vocals/full_duration/1998_4_Savage Garden_Truly Madly Deeply_vocals.mp3,1998_4_Savage Garden_Truly Madly Deeply_vocals.mp3,Savage Garden,Truly Madly Deeply,success,/home/data/kevinzhang/research/fractal_analysis/results/audio_melody_f0/cache/clean_contours/billboard_1998_04.npz,63.76199546485261,0.8350936362829502,0.8656227239621267,,0.2407543944755743,0.05218855218855219,0.006313131313131313
billboard_2002_03,billboard,2002,03,/home/data/kevinzhang/research/fractal_analysis/audio_data/billboard/vocals/full_duration/2002_3_Nelly_Hot in Herre_vocals.mp3,2002_3_Nelly_Hot in Herre_vocals.mp3,Nelly,Hot in Herre,success,/home/data/kevinzhang/research/fractal_analysis/results/audio_melody_f0/cache/clean_contours/billboard_2002_03.npz,54.4043537414966,0.7506609721374822,0.8237302603499786,,0.06608151270920701,0.11715914981855884,0.002592016588906169
billboard_1997_03,billboard,1997,03,/home/data/kevinzhang/research/fractal_analysis/audio_data/billboard/vocals/full_duration/1997_3_Diddy feat. Faith Evans and 112_I'll Be Missing You_vocals.mp3,1997_3_Diddy feat. Faith Evans and 112_I'll Be Missing You_vocals.mp3,Diddy feat. Faith Evans and 112,I'll Be Missing You,success,/home/data/kevinzhang/research/fractal_analysis/results/audio_melody_f0/cache/clean_contours/billboard_1997_03.npz,53.080816326530616,0.7951980610467319,0.868766404199475,,0.20650679911775227,0.05390428211586902,0.007556675062972292
suno_v4_5_1950_03,suno_v4_5,1950,03,/home/data/kevinzhang/research/fractal_analysis/audio_data/suno_v4_5/vocals/batch_1/1950_3_aa7eff4d-63cf-44fd-988c-027c7ab55941_vocals.mp3,1950_3_aa7eff4d-63cf-44fd-988c-027c7ab55941_vocals.mp3,Anton Karas,Third Man Theme,skipped,/home/data/kevinzhang/research/fractal_analysis/results/audio_melody_f0/cache/clean_contours/suno_v4_5_1950_03.npz,9.47374149659864,0.40415913200723325,,too_short,,,
billboard_2018_02,billboard,2018,02,/home/data/kevinzhang/research/fractal_analysis/audio_data/billboard/vocals/full_duration/2018_2_Ed Sheeran_Perfect_vocals.mp3,2018_2_Ed Sheeran_Perfect_vocals.mp3,Ed Sheeran,Perfect,success,/home/data/kevinzhang/research/fractal_analysis/results/audio_melody_f0/cache/clean_contours/billboard_2018_02.npz,47.438367346938776,0.7848489877198805,0.8835046500244738,,0.24075439447550842,0.06984478935698447,0.0022172949002217295
billboard_2005_02,billboard,2005,02,/home/data/kevinzhang/research/fractal_analysis/audio_data/billboard/vocals/full_duration/2005_2_Gwen Stefani_Hollaback Girl_vocals.mp3,2005_2_Gwen Stefani_Hollaback Girl_vocals.mp3,Gwen Stefani,Hollaback Girl,success,/home/data/kevinzhang/research/fractal_analysis/results/audio_melody_f0/cache/clean_contours/billboard_2005_02.npz,41.16897959183674,0.6942023934007203,0.841511562323745,,0.10857977072874497,0.0925553319919517,0.0026827632461435278
billboard_2018_04,billboard,2018,04,/home/data/kevinzhang/research/fractal_analysis/audio_data/billboard/vocals/full_duration/2018_4_Camila Cabello feat. Young Thug_Havana_vocals.mp3,2018_4_Camila Cabello feat. Young Thug_Havana_vocals.mp3,Camila Cabello feat. Young Thug,Havana,success,/home/data/kevinzhang/research/fractal_analysis/results/audio_melody_f0/cache/clean_contours/billboard_2018_04.npz,129.98530612244897,0.7965147168207417,0.8617363344051447,,0.24075439447557428,0.08749740825212524,0.005183495749533485
billboard_2020_03,billboard,2020,03,/home/data/kevinzhang/research/fractal_analysis/audio_data/billboard/vocals/full_duration/2020_3_Roddy Ricch_The Box_vocals.mp3,2020_3_Roddy Ricch_The Box_vocals.mp3,Roddy Ricch,The Box,success,/home/data/kevinzhang/research/fractal_analysis/results/audio_melody_f0/cache/clean_contours/billboard_2020_03.npz,49.458503401360545,0.8228012261259137,0.8741784037558685,,0.24075439447557428,0.0677055346587856,0.0016120365394948952
billboard_2022_02,billboard,2022,02,/home/data/kevinzhang/research/fractal_analysis/audio_data/billboard/vocals/full_duration/2022_2_Harry Styles_As It Was_vocals.mp3,2022_2_Harry Styles_As It Was_vocals.mp3,Harry Styles,As It Was,success,/home/data/kevinzhang/research/fractal_analysis/results/audio_melody_f0/cache/clean_contours/billboard_2022_02.npz,43.97859410430839,0.7930454290521592,0.8474128827877508,,0.24075439447557428,0.043640897755610975,0.008104738154613466
billboard_2002_02,billboard,2002,02,/home/data/kevinzhang/research/fractal_analysis/audio_data/billboard/vocals/full_duration/2002_2_Ashanti_Foolish_vocals.mp3,2002_2_Ashanti_Foolish_vocals.mp3,Ashanti,Foolish,success,/home/data/kevinzhang/research/fractal_analysis/results/audio_melody_f0/cache/clean_contours/billboard_2002_02.npz,42.60861678004535,0.7897692464774352,0.8392370572207084,,0.24075439447557428,0.08187134502923976,0.005847953216374269
billboard_2002_05,billboard,2002,05,/home/data/kevinzhang/research/fractal_analysis/audio_data/billboard/vocals/full_duration/2002_5_The Calling_Wherever You Will Go_vocals.mp3,2002_5_The Calling_Wherever You Will Go_vocals.mp3,The Calling,Wherever You Will Go,success,/home/data/kevinzhang/research/fractal_analysis/results/audio_melody_f0/cache/clean_contours/billboard_2002_05.npz,65.57315192743765,0.8053932584269663,0.8374645892351275,,0.42606232904328145,0.05752961082910321,0.011421319796954314
billboard_2024_05,billboard,2024,05,/home/data/kevinzhang/research/fractal_analysis/audio_data/billboard/vocals/full_duration/2024_5_Jack Harlow_Lovin' On Me_vocals.mp3,2024_5_Jack Harlow_Lovin' On Me_vocals.mp3,Jack Harlow,Lovin' On Me,success,/home/data/kevinzhang/research/fractal_analysis/results/audio_melody_f0/cache/clean_contours/billboard_2024_05.npz,58.978684807256236,0.8559053806430118,0.8429133858267717,,0.03489742801962526,0.0883177570093458,0.002336448598130841
billboard_2021_05,billboard,2021,05,/home/data/kevinzhang/research/fractal_analysis/audio_data/billboard/vocals/full_duration/2021_5_Olivia Rodrigo_Good 4 U_vocals.mp3,2021_5_Olivia Rodrigo_Good 4 U_vocals.mp3,Olivia Rodrigo,Good 4 U,success,/home/data/kevinzhang/research/fractal_analysis/results/audio_melody_f0/cache/clean_contours/billboard_2021_05.npz,49.48172335600907,0.7489899648116773,0.8301267010793055,,0.5485250542599845,0.0673076923076923,0.0016968325791855204
billboard_2019_03,billboard,2019,03,/home/data/kevinzhang/research/fractal_analysis/audio_data/billboard/vocals/full_duration/2019_3_Halsey_Without Me_vocals.mp3,2019_3_Halsey_Without Me_vocals.mp3,Halsey,Without Me,success,/home/data/kevinzhang/research/fractal_analysis/results/audio_melody_f0/cache/clean_contours/billboard_2019_03.npz,131.65714285714287,0.8734599884858952,0.8800705467372134,,0.2065067991177523,0.05572258969733414,0.0028061735818801364
billboard_1993_02,billboard,1993,02,/home/data/kevinzhang/research/fractal_analysis/audio_data/billboard/vocals/full_duration/1993_2_Tag Team_Whoomp! (There It Is)_vocals.mp3,1993_2_Tag Team_Whoomp! (There It Is)_vocals.mp3,Tag Team,Whoomp! (There It Is),success,/home/data/kevinzhang/research/fractal_analysis/results/audio_melody_f0/cache/clean_contours/billboard_1993_02.npz,79.13360544217687,0.7819006390434962,0.8418427230046949,,0.07797523762294818,0.09623430962343096,0.0048814504881450485
billboard_2001_05,billboard,2001,05,/home/data/kevinzhang/research/fractal_analysis/audio_data/billboard/vocals/full_duration/2001_5_Jennifer Lopez feat. Ja Rule_I'm Real (Murder Remix)_vocals.mp3,2001_5_Jennifer Lopez feat. Ja Rule_I'm Real (Murder Remix)_vocals.mp3,Jennifer Lopez feat. Ja Rule,I'm Real (Murder Remix),success,/home/data/kevinzhang/research/fractal_analysis/results/audio_melody_f0/cache/clean_contours/billboard_2001_05.npz,42.05133786848073,0.7604383147553372,0.8741027056874655,,0.3721358982975087,0.06637168141592921,0.007585335018963337
suno_v4_5_1952_04,suno_v4_5,1952,04,/home/data/kevinzhang/research/fractal_analysis/audio_data/suno_v4_5/vocals/batch_1/1952_4_cbf0dc42-1d22-423a-91c7-0f0961f8477c_vocals.mp3,1952_4_cbf0dc42-1d22-423a-91c7-0f0961f8477c_vocals.mp3,Jo Stafford,You Belong to Me,success,/home/data/kevinzhang/research/fractal_analysis/results/audio_melody_f0/cache/clean_contours/suno_v4_5_1952_04.npz,42.678276643990934,0.7807620237351656,0.8737758433079434,,0.8266685594724996,0.03613707165109034,0.003738317757009346
suno_v4_5_1950_01,suno_v4_5,1950,01,/home/data/kevinzhang/research/fractal_analysis/audio_data/suno_v4_5/vocals/batch_1/1950_1_38fa2ceb-b210-4c6c-9c91-40b5bf255495_vocals.mp3,1950_1_38fa2ceb-b210-4c6c-9c91-40b5bf255495_vocals.mp3,Gordon Jenkins & The Weavers,Goodnight Irene,success,/home/data/kevinzhang/research/fractal_analysis/results/audio_melody_f0/cache/clean_contours/suno_v4_5_1950_01.npz,87.56244897959184,0.8574273858921162,0.8827897109520021,,0.6860828109301793,0.06219951923076923,0.00030048076923076925
billboard_2023_01,billboard,2023,01,/home/data/kevinzhang/research/fractal_analysis/audio_data/billboard/vocals/full_duration/2023_1_Morgan Wallen_Last Night_vocals.mp3,2023_1_Morgan Wallen_Last Night_vocals.mp3,Morgan Wallen,Last Night,success,/home/data/kevinzhang/research/fractal_analysis/results/audio_melody_f0/cache/clean_contours/billboard_2023_01.npz,43.0962358276644,0.8210482062780269,0.865301724137931,,0.10857977072874497,0.08473520249221184,0.005607476635514018
billboard_2008_03,billboard,2008,03,/home/data/kevinzhang/research/fractal_analysis/audio_data/billboard/vocals/full_duration/2008_3_Alicia Keys_No One_vocals.mp3,2008_3_Alicia Keys_No One_vocals.mp3,Alicia Keys,No One,success,/home/data/kevinzhang/research/fractal_analysis/results/audio_melody_f0/cache/clean_contours/billboard_2008_03.npz,59.582403628117916,0.7397734718711972,0.818394388152767,,0.12793708630129036,0.06669842782277274,0.008099094807050978
billboard_2001_04,billboard,2001,04,/home/data/kevinzhang/research/fractal_analysis/audio_data/billboard/vocals/full_duration/2001_4_Train_Drops of Jupiter (Tell Me)_vocals.mp3,2001_4_Train_Drops of Jupiter (Tell Me)_vocals.mp3,Train,Drops of Jupiter (Tell Me),success,/home/data/kevinzhang/research/fractal_analysis/results/audio_melody_f0/cache/clean_contours/billboard_2001_04.npz,47.322267573696145,0.7790760869565218,0.8930323846908734,,0.092037570812181,0.05387575590984057,0.0016492578339747114
billboard_2021_03,billboard,2021,03,/home/data/kevinzhang/research/fractal_analysis/audio_data/billboard/vocals/full_duration/2021_3_The Weeknd_Blinding Lights_vocals.mp3,2021_3_The Weeknd_Blinding Lights_vocals.mp3,The Weeknd,Blinding Lights,success,/home/data/kevinzhang/research/fractal_analysis/results/audio_melody_f0/cache/clean_contours/billboard_2021_03.npz,74.72181405895692,0.6901901318091683,0.7827843380981976,,0.27960516533635893,0.05798252581413821,0.0019857029388403494
billboard_2023_03,billboard,2023,03,/home/data/kevinzhang/research/fractal_analysis/audio_data/billboard/vocals/full_duration/2023_3_SZA_Kill Bill_vocals.mp3,2023_3_SZA_Kill Bill_vocals.mp3,SZA,Kill Bill,success,/home/data/kevinzhang/research/fractal_analysis/results/audio_melody_f0/cache/clean_contours/billboard_2023_03.npz,46.18448979591837,0.8367885910471412,0.8486676721970839,,0.2796051653363589,0.06164789567279194,0.0035566093657379964
billboard_2010_02,billboard,2010,02,/home/data/kevinzhang/research/fractal_analysis/audio_data/billboard/vocals/full_duration/2010_2_Lady Antebellum_Need You Now_vocals.mp3,2010_2_Lady Antebellum_Need You Now_vocals.mp3,Lady Antebellum,Need You Now,skipped,/home/data/kevinzhang/research/fractal_analysis/results/audio_melody_f0/cache/clean_contours/billboard_2010_02.npz,28.606984126984127,0.6245922208281054,,too_short,,,
billboard_2024_02,billboard,2024,02,/home/data/kevinzhang/research/fractal_analysis/audio_data/billboard/vocals/full_duration/2024_2_Shaboozey_A Bar Song (Tipsy)_vocals.mp3,2024_2_Shaboozey_A Bar Song (Tipsy)_vocals.mp3,Shaboozey,A Bar Song (Tipsy),skipped,/home/data/kevinzhang/research/fractal_analysis/results/audio_melody_f0/cache/clean_contours/billboard_2024_02.npz,25.21687074829932,0.7095391211146839,,too_short,,,
suno_v4_5_1951_03,suno_v4_5,1951,03,/home/data/kevinzhang/research/fractal_analysis/audio_data/suno_v4_5/vocals/batch_1/1951_3_df5a0420-c85e-480e-9358-676403392036_vocals.mp3,1951_3_df5a0420-c85e-480e-9358-676403392036_vocals.mp3,Les Paul & Mary Ford,How High the Moon,skipped,/home/data/kevinzhang/research/fractal_analysis/results/audio_melody_f0/cache/clean_contours/suno_v4_5_1951_03.npz,25.379410430839002,0.5659217877094972,,too_short,,,
billboard_2017_05,billboard,2017,05,/home/data/kevinzhang/research/fractal_analysis/audio_data/billboard/vocals/full_duration/2017_5_The Chainsmokers and Coldplay_Something Just Like This_vocals.mp3,2017_5_The Chainsmokers and Coldplay_Something Just Like This_vocals.mp3,The Chainsmokers and Coldplay,Something Just Like This,success,/home/data/kevinzhang/research/fractal_analysis/results/audio_melody_f0/cache/clean_contours/billboard_2017_05.npz,30.95219954648526,0.7587373167981961,0.8034508627156789,,0.6159498854580681,0.04953271028037383,0.007476635514018692
billboard_2024_03,billboard,2024,03,/home/data/kevinzhang/research/fractal_analysis/audio_data/billboard/vocals/full_duration/2024_3_Benson Boone_Beautiful Things_vocals.mp3,2024_3_Benson Boone_Beautiful Things_vocals.mp3,Benson Boone,Beautiful Things,success,/home/data/kevinzhang/research/fractal_analysis/results/audio_melody_f0/cache/clean_contours/billboard_2024_03.npz,41.00643990929705,0.7935149469623916,0.8669309173272933,,0.27960516533635893,0.05751633986928104,0.0032679738562091504
suno_v4_5_1957_03,suno_v4_5,1957,03,/home/data/kevinzhang/research/fractal_analysis/audio_data/suno_v4_5/vocals/batch_1/1957_3_a6f693ef-0200-43ec-8e69-841388df3b3e_vocals.mp3,1957_3_a6f693ef-0200-43ec-8e69-841388df3b3e_vocals.mp3,The Diamonds,Little Darlin,skipped,/home/data/kevinzhang/research/fractal_analysis/results/audio_melody_f0/cache/clean_contours/suno_v4_5_1957_03.npz,24.589931972789117,0.28131515637530075,,too_short,,,
suno_v4_5_1951_04,suno_v4_5,1951,04,/home/data/kevinzhang/research/fractal_analysis/audio_data/suno_v4_5/vocals/batch_1/1951_4_cab4549b-b6b1-4e0d-8818-f806d0e8a2a2_vocals.mp3,1951_4_cab4549b-b6b1-4e0d-8818-f806d0e8a2a2_vocals.mp3,Rosemary Clooney,Come on-a My House,skipped,/home/data/kevinzhang/research/fractal_analysis/results/audio_melody_f0/cache/clean_contours/suno_v4_5_1951_04.npz,21.594557823129254,0.7596589878469073,,too_short,,,
suno_v4_5_1954_04,suno_v4_5,1954,04,/home/data/kevinzhang/research/fractal_analysis/audio_data/suno_v4_5/vocals/batch_1/1954_4_2f1482de-5aec-46ca-8a46-d82caf872451_vocals.mp3,1954_4_2f1482de-5aec-46ca-8a46-d82caf872451_vocals.mp3,The Crew-Cuts,Sh-Boom,skipped,/home/data/kevinzhang/research/fractal_analysis/results/audio_melody_f0/cache/clean_contours/suno_v4_5_1954_04.npz,22.84843537414966,0.6233321312657771,,too_short,,,
suno_v4_5_1957_01,suno_v4_5,1957,01,/home/data/kevinzhang/research/fractal_analysis/audio_data/suno_v4_5/vocals/batch_1/1957_1_8f7d2dc3-86cd-43ac-9384-3a4b5d3d224d_vocals.mp3,1957_1_8f7d2dc3-86cd-43ac-9384-3a4b5d3d224d_vocals.mp3,Elvis Presley,All Shook Up,skipped,/home/data/kevinzhang/research/fractal_analysis/results/audio_melody_f0/cache/clean_contours/suno_v4_5_1957_01.npz,29.72154195011338,0.7117938870219235,,too_short,,,
suno_v4_5_1955_03,suno_v4_5,1955,03,/home/data/kevinzhang/research/fractal_analysis/audio_data/suno_v4_5/vocals/batch_1/1955_3_f2f44aae-c005-4e47-b872-8c0702a32bb5_vocals.mp3,1955_3_f2f44aae-c005-4e47-b872-8c0702a32bb5_vocals.mp3,Mitch Miller,The Yellow Rose of Texas,skipped,/home/data/kevinzhang/research/fractal_analysis/results/audio_melody_f0/cache/clean_contours/suno_v4_5_1955_03.npz,22.825215419501134,0.6655689718258324,,too_short,,,
suno_v4_5_1956_02,suno_v4_5,1956,02,/home/data/kevinzhang/research/fractal_analysis/audio_data/suno_v4_5/vocals/batch_1/1956_2_53e6fa0d-0ac7-4b36-89e5-016a599974b3_vocals.mp3,1956_2_53e6fa0d-0ac7-4b36-89e5-016a599974b3_vocals.mp3,Elvis Presley,Don't Be Cruel,skipped,/home/data/kevinzhang/research/fractal_analysis/results/audio_melody_f0/cache/clean_contours/suno_v4_5_1956_02.npz,14.721451247165533,0.4411869860564891,,too_short,,,
billboard_2023_02,billboard,2023,02,/home/data/kevinzhang/research/fractal_analysis/audio_data/billboard/vocals/full_duration/2023_2_Miley Cyrus_Flowers_vocals.mp3,2023_2_Miley Cyrus_Flowers_vocals.mp3,Miley Cyrus,Flowers,success,/home/data/kevinzhang/research/fractal_analysis/results/audio_melody_f0/cache/clean_contours/billboard_2023_02.npz,53.057596371882084,0.7592443266904735,0.8538293216630197,,0.1504646013433388,0.07794871794871795,0.007692307692307693
billboard_1995_04,billboard,1995,04,/home/data/kevinzhang/research/fractal_analysis/audio_data/billboard/vocals/full_duration/1995_4_Seal_Kiss from a Rose_vocals.mp3,1995_4_Seal_Kiss from a Rose_vocals.mp3,Seal,Kiss from a Rose,success,/home/data/kevinzhang/research/fractal_analysis/results/audio_melody_f0/cache/clean_contours/billboard_1995_04.npz,63.831655328798185,0.774812545351931,0.8559476173153874,,0.37213589829750865,0.07142857142857142,0.00510204081632653
billboard_2021_01,billboard,2021,01,/home/data/kevinzhang/research/fractal_analysis/audio_data/billboard/vocals/full_duration/2021_1_Dua Lipa_Levitating_vocals.mp3,2021_1_Dua Lipa_Levitating_vocals.mp3,Dua Lipa,Levitating,success,/home/data/kevinzhang/research/fractal_analysis/results/audio_melody_f0/cache/clean_contours/billboard_2021_01.npz,33.08843537414966,0.7332257088083947,0.7712280701754386,,0.02616802860893576,0.07377049180327869,0.00546448087431694
billboard_2001_03,billboard,2001,03,/home/data/kevinzhang/research/fractal_analysis/audio_data/billboard/vocals/full_duration/2001_3_Janet Jackson_All For You_vocals.mp3,2001_3_Janet Jackson_All For You_vocals.mp3,Janet Jackson,All For You,skipped,/home/data/kevinzhang/research/fractal_analysis/results/audio_melody_f0/cache/clean_contours/billboard_2001_03.npz,19.82984126984127,0.4676343995273863,,too_short,,,
suno_v4_5_1958_02b,suno_v4_5,1958,02b,/home/data/kevinzhang/research/fractal_analysis/audio_data/suno_v4_5/vocals/batch_1/1958_2b_550ac148-e269-42fb-b486-19ef6e50ef0d_vocals.mp3,1958_2b_550ac148-e269-42fb-b486-19ef6e50ef0d_vocals.mp3,The Everly Brothers,Claudette,success,/home/data/kevinzhang/research/fractal_analysis/results/audio_melody_f0/cache/clean_contours/suno_v4_5_1958_02b.npz,34.89959183673469,0.5206155632984901,0.4145043246839654,,0.20650679911775227,0.04180064308681672,0.011254019292604502
suno_v4_5_1953_03,suno_v4_5,1953,03,/home/data/kevinzhang/research/fractal_analysis/audio_data/suno_v4_5/vocals/batch_1/1953_3_56c0cf24-e008-409d-8f8f-43b7bce5cc2e_vocals.mp3,1953_3_56c0cf24-e008-409d-8f8f-43b7bce5cc2e_vocals.mp3,Patti Page,(How Much Is) That Doggie in the Window,success,/home/data/kevinzhang/research/fractal_analysis/results/audio_melody_f0/cache/clean_contours/suno_v4_5_1953_03.npz,42.32997732426304,0.7679590631765401,0.7888096544157981,,0.8266685594724995,0.07863604732080724,0.0027835768963117608
billboard_2016_04,billboard,2016,04,/home/data/kevinzhang/research/fractal_analysis/audio_data/billboard/vocals/full_duration/2016_4_Rihanna feat. Drake_Work_vocals.mp3,2016_4_Rihanna feat. Drake_Work_vocals.mp3,Rihanna feat. Drake,Work,success,/home/data/kevinzhang/research/fractal_analysis/results/audio_melody_f0/cache/clean_contours/billboard_2016_04.npz,95.96807256235827,0.8230997247512174,0.8833776917493347,,0.2796051653363589,0.08246575342465753,0.002191780821917808
suno_v4_5_1958_05,suno_v4_5,1958,05,/home/data/kevinzhang/research/fractal_analysis/audio_data/suno_v4_5/vocals/batch_1/1958_5_0b54c7cd-9ca8-4580-adc8-92687088ec9a_vocals.mp3,1958_5_0b54c7cd-9ca8-4580-adc8-92687088ec9a_vocals.mp3,Perez Prado,Patricia,skipped,/home/data/kevinzhang/research/fractal_analysis/results/audio_melody_f0/cache/clean_contours/suno_v4_5_1958_05.npz,13.328253968253968,0.40689053641517664,,too_short,,,
billboard_2017_03,billboard,2017,03,/home/data/kevinzhang/research/fractal_analysis/audio_data/billboard/vocals/full_duration/2017_3_Bruno Mars_That's What I Like_vocals.mp3,2017_3_Bruno Mars_That's What I Like_vocals.mp3,Bruno Mars,That's What I Like,success,/home/data/kevinzhang/research/fractal_analysis/results/audio_melody_f0/cache/clean_contours/billboard_2017_03.npz,53.057596371882084,0.747686205376818,0.7912472647702407,,0.10857977072874497,0.1223021582733813,0.005534034311012728
billboard_2022_04,billboard,2022,04,/home/data/kevinzhang/research/fractal_analysis/audio_data/billboard/vocals/full_duration/2022_4_Adele_Easy On Me_vocals.mp3,2022_4_Adele_Easy On Me_vocals.mp3,Adele,Easy On Me,success,/home/data/kevinzhang/research/fractal_analysis/results/audio_melody_f0/cache/clean_contours/billboard_2022_04.npz,50.15510204081633,0.8101851851851852,0.8597222222222223,,0.7571601330199094,0.041487068965517244,0.0005387931034482759
billboard_2004_01,billboard,2004,01,/home/data/kevinzhang/research/fractal_analysis/audio_data/billboard/vocals/full_duration/2004_1_Usher feat. Lil John & Ludacris_Yeah!_vocals.mp3,2004_1_Usher feat. Lil John & Ludacris_Yeah!_vocals.mp3,Usher feat. Lil John & Ludacris,Yeah!,success,/home/data/kevinzhang/research/fractal_analysis/results/audio_melody_f0/cache/clean_contours/billboard_2004_01.npz,41.61015873015873,0.6184705774350501,0.7483258928571429,,0.04069733156888106,0.11567164179104478,0.007462686567164179
suno_v4_5_1955_01,suno_v4_5,1955,01,/home/data/kevinzhang/research/fractal_analysis/audio_data/suno_v4_5/vocals/batch_1/1955_1_a6240319-d8a3-4b02-a224-b6c5777232fd_vocals.mp3,1955_1_a6240319-d8a3-4b02-a224-b6c5777232fd_vocals.mp3,Perez Prado,Cherry Pink and Apple Blossom White,skipped,/home/data/kevinzhang/research/fractal_analysis/results/audio_melody_f0/cache/clean_contours/suno_v4_5_1955_01.npz,17.136326530612244,0.40758951084215833,,too_short,,,
suno_v4_5_1951_01,suno_v4_5,1951,01,/home/data/kevinzhang/research/fractal_analysis/audio_data/suno_v4_5/vocals/batch_1/1951_1_3c268d53-7b64-4355-a8c1-4f21ae6c36d1_vocals.mp3,1951_1_3c268d53-7b64-4355-a8c1-4f21ae6c36d1_vocals.mp3,Nat King Cole,Too Young,success,/home/data/kevinzhang/research/fractal_analysis/results/audio_melody_f0/cache/clean_contours/suno_v4_5_1951_01.npz,57.19074829931973,0.8634244676830036,0.8680470970361348,,0.5485250542599844,0.056621431913897985,0.0028076743097800653
billboard_2023_05,billboard,2023,05,"/home/data/kevinzhang/research/fractal_analysis/audio_data/billboard/vocals/full_duration/2023_5_Metro Boomin, The Weeknd and 21 Savage_Creepin'_vocals.mp3","2023_5_Metro Boomin, The Weeknd and 21 Savage_Creepin'_vocals.mp3","Metro Boomin, The Weeknd and 21 Savage",Creepin',success,/home/data/kevinzhang/research/fractal_analysis/results/audio_melody_f0/cache/clean_contours/billboard_2023_05.npz,79.94630385487528,0.8466141418170938,0.9105431309904153,,0.32333605839064083,0.05073388640714742,0.0003190810465858328
suno_v4_5_1958_04,suno_v4_5,1958,04,/home/data/kevinzhang/research/fractal_analysis/audio_data/suno_v4_5/vocals/batch_1/1958_4_3002e8fe-3eda-4cc4-b07f-514a0f70d5fd_vocals.mp3,1958_4_3002e8fe-3eda-4cc4-b07f-514a0f70d5fd_vocals.mp3,David Seville,Witch Doctor,skipped,/home/data/kevinzhang/research/fractal_analysis/results/audio_melody_f0/cache/clean_contours/suno_v4_5_1958_04.npz,27.840725623582767,0.603656238220882,,too_short,,,
suno_v4_5_1959_05,suno_v4_5,1959,05,/home/data/kevinzhang/research/fractal_analysis/audio_data/suno_v4_5/vocals/batch_1/1959_5_4aa1124c-b067-4862-860f-1fe3e7809334_vocals.mp3,1959_5_4aa1124c-b067-4862-860f-1fe3e7809334_vocals.mp3,Paul Anka,Lonely Boy,success,/home/data/kevinzhang/research/fractal_analysis/results/audio_melody_f0/cache/clean_contours/suno_v4_5_1959_05.npz,51.037460317460315,0.8034275670133294,0.8967242948134668,,0.6159498854580681,0.029441624365482234,0.005583756345177665
suno_v4_5_1951_02,suno_v4_5,1951,02,/home/data/kevinzhang/research/fractal_analysis/audio_data/suno_v4_5/vocals/batch_1/1951_2_46525c12-edea-4312-9f93-375886da24ae_vocals.mp3,1951_2_46525c12-edea-4312-9f93-375886da24ae_vocals.mp3,Tony Bennett,Because of You,success,/home/data/kevinzhang/research/fractal_analysis/results/audio_melody_f0/cache/clean_contours/suno_v4_5_1951_02.npz,63.97097505668934,0.8848578697046787,0.9150635208711434,,0.42606232904328145,0.049206349206349205,0.0035714285714285713
suno_v4_5_1955_04,suno_v4_5,1955,04,/home/data/kevinzhang/research/fractal_analysis/audio_data/suno_v4_5/vocals/batch_1/1955_4_d99a3907-9eec-44b1-946c-c65be344caa3_vocals.mp3,1955_4_d99a3907-9eec-44b1-946c-c65be344caa3_vocals.mp3,Roger Williams,Autumn Leaves,skipped,/home/data/kevinzhang/research/fractal_analysis/results/audio_melody_f0/cache/clean_contours/suno_v4_5_1955_04.npz,7.244625850340136,0.4157103825136612,,too_short,,,
suno_v4_5_1950_02,suno_v4_5,1950,02,/home/data/kevinzhang/research/fractal_analysis/audio_data/suno_v4_5/vocals/batch_1/1950_2_16ebda6e-5af5-4bf3-a5ef-65bfb30b7ea9_vocals.mp3,1950_2_16ebda6e-5af5-4bf3-a5ef-65bfb30b7ea9_vocals.mp3,Nat King Cole,Mona Lisa,success,/home/data/kevinzhang/research/fractal_analysis/results/audio_melody_f0/cache/clean_contours/suno_v4_5_1950_02.npz,79.01750566893425,0.8694389592287142,0.9241845430502498,,0.4849868077159113,0.04389312977099236,0.0019083969465648854
billboard_2024_04,billboard,2024,04,/home/data/kevinzhang/research/fractal_analysis/audio_data/billboard/vocals/full_duration/2024_4_Post Malone feat. Morgan Wallen_I Had Some Help_vocals.mp3,2024_4_Post Malone feat. Morgan Wallen_I Had Some Help_vocals.mp3,Post Malone feat. Morgan Wallen,I Had Some Help,success,/home/data/kevinzhang/research/fractal_analysis/results/audio_melody_f0/cache/clean_contours/billboard_2024_04.npz,38.521904761904764,0.7611130354462533,0.8372513562386981,,0.10857977072874499,0.09077809798270893,0.002881844380403458
suno_v4_5_1951_05,suno_v4_5,1951,05,/home/data/kevinzhang/research/fractal_analysis/audio_data/suno_v4_5/vocals/batch_1/1951_5_7fed4746-8386-4f98-835b-5cba6f198a47_vocals.mp3,1951_5_7fed4746-8386-4f98-835b-5cba6f198a47_vocals.mp3,Mario Lanza,Be My Love,success,/home/data/kevinzhang/research/fractal_analysis/results/audio_melody_f0/cache/clean_contours/suno_v4_5_1951_05.npz,105.37215419501133,0.8605458463011731,0.9636403702071397,,0.4849868077159113,0.04803293687099726,0.0020585544373284536
billboard_2014_01,billboard,2014,01,/home/data/kevinzhang/research/fractal_analysis/audio_data/billboard/vocals/full_duration/2014_1_Pharrell Williams_Happy_vocals.mp3,2014_1_Pharrell Williams_Happy_vocals.mp3,Pharrell Williams,Happy,success,/home/data/kevinzhang/research/fractal_analysis/results/audio_melody_f0/cache/clean_contours/billboard_2014_01.npz,137.9497505668934,0.7654154202451028,0.8094596869213937,,0.12793708630129036,0.10253743760399335,0.0033277870216306157
suno_v4_5_1957_04,suno_v4_5,1957,04,/home/data/kevinzhang/research/fractal_analysis/audio_data/suno_v4_5/vocals/batch_1/1957_4_7b88c455-6c73-4237-a1db-42d776353850_vocals.mp3,1957_4_7b88c455-6c73-4237-a1db-42d776353850_vocals.mp3,Tab Hunter,Young Love,success,/home/data/kevinzhang/research/fractal_analysis/results/audio_melody_f0/cache/clean_contours/suno_v4_5_1957_04.npz,64.01741496598639,0.8769344141488578,0.9426913311570547,,0.8911444948731202,0.02617397998460354,0.00038491147036181676
suno_v4_5_1954_02,suno_v4_5,1954,02,/home/data/kevinzhang/research/fractal_analysis/audio_data/suno_v4_5/vocals/batch_1/1954_2_6db36038-12a4-431e-aad3-ab10c270c35c_vocals.mp3,1954_2_6db36038-12a4-431e-aad3-ab10c270c35c_vocals.mp3,Perry Como,Wanted,success,/home/data/kevinzhang/research/fractal_analysis/results/audio_melody_f0/cache/clean_contours/suno_v4_5_1954_02.npz,55.472471655328796,0.8233627917516428,0.9280033486814567,,0.7571601330199094,0.03835740072202166,0.0013537906137184115
billboard_2000_05,billboard,2000,05,/home/data/kevinzhang/research/fractal_analysis/audio_data/billboard/vocals/full_duration/2000_5_Vertical Horizon_Everything You Want_vocals.mp3,2000_5_Vertical Horizon_Everything You Want_vocals.mp3,Vertical Horizon,Everything You Want,skipped,/home/data/kevinzhang/research/fractal_analysis/results/audio_melody_f0/cache/clean_contours/billboard_2000_05.npz,20.94439909297052,0.7041758241758241,,too_short,,,
suno_v4_5_1959_01,suno_v4_5,1959,01,/home/data/kevinzhang/research/fractal_analysis/audio_data/suno_v4_5/vocals/batch_1/1959_1_0ac9df39-5411-400c-89ff-929c8091d8ce_vocals.mp3,1959_1_0ac9df39-5411-400c-89ff-929c8091d8ce_vocals.mp3,Johnny Horton,The Battle of New Orleans,success,/home/data/kevinzhang/research/fractal_analysis/results/audio_melody_f0/cache/clean_contours/suno_v4_5_1959_01.npz,36.19990929705215,0.5772979457189984,0.7902501603592046,,0.12793708630129036,0.08773354995938261,0.004061738424045491
suno_v4_5_1959_02,suno_v4_5,1959,02,/home/data/kevinzhang/research/fractal_analysis/audio_data/suno_v4_5/vocals/batch_1/1959_2_2affdaff-2af9-4699-bd86-5f6ca5b911de_vocals.mp3,1959_2_2affdaff-2af9-4699-bd86-5f6ca5b911de_vocals.mp3,Bobby Darin,Mack the Knife,skipped,/home/data/kevinzhang/research/fractal_analysis/results/audio_melody_f0/cache/clean_contours/suno_v4_5_1959_02.npz,23.962993197278912,0.6715011961722488,,too_short,,,
suno_v4_5_1962_01,suno_v4_5,1962,01,/home/data/kevinzhang/research/fractal_analysis/audio_data/suno_v4_5/vocals/batch_1/1962_1_07de3ffd-dbd0-441b-ad59-00f326a2191a_vocals.mp3,1962_1_07de3ffd-dbd0-441b-ad59-00f326a2191a_vocals.mp3,Acker Bilk,Stranger on the Shore,skipped,/home/data/kevinzhang/research/fractal_analysis/results/audio_melody_f0/cache/clean_contours/suno_v4_5_1962_01.npz,16.207528344671204,0.46111633740984637,,too_short,,,
billboard_2009_02,billboard,2009,02,/home/data/kevinzhang/research/fractal_analysis/audio_data/billboard/vocals/full_duration/2009_2_Lady Gaga_Poker Face_vocals.mp3,2009_2_Lady Gaga_Poker Face_vocals.mp3,Lady Gaga,Poker Face,success,/home/data/kevinzhang/research/fractal_analysis/results/audio_melody_f0/cache/clean_contours/billboard_2009_02.npz,40.44916099773243,0.8165217391304348,0.8513203214695751,,0.10857977072874497,0.11605937921727395,0.001349527665317139
billboard_2003_05,billboard,2003,05,/home/data/kevinzhang/research/fractal_analysis/audio_data/billboard/vocals/full_duration/2003_5_3 Doors Down_When I'm Gone_vocals.mp3,2003_5_3 Doors Down_When I'm Gone_vocals.mp3,3 Doors Down,When I'm Gone,success,/home/data/kevinzhang/research/fractal_analysis/results/audio_melody_f0/cache/clean_contours/billboard_2003_05.npz,33.45995464852608,0.6925618358782034,0.8084663428174879,,0.04069733156888106,0.1056701030927835,0.00429553264604811
suno_v4_5_1961_05,suno_v4_5,1961,05,/home/data/kevinzhang/research/fractal_analysis/audio_data/suno_v4_5/vocals/batch_1/1961_5_9f270712-766f-4277-bd77-2b23e754806f_vocals.mp3,1961_5_9f270712-766f-4277-bd77-2b23e754806f_vocals.mp3,Del Shannon,Runaway,success,/home/data/kevinzhang/research/fractal_analysis/results/audio_melody_f0/cache/clean_contours/suno_v4_5_1961_05.npz,36.19990929705215,0.7018371818641497,0.8268120590121874,,0.24075439447557426,0.052795031055900624,0.0015527950310559005
suno_v4_5_1958_02a,suno_v4_5,1958,02a,/home/data/kevinzhang/research/fractal_analysis/audio_data/suno_v4_5/vocals/batch_1/1958_2a_248df169-00dd-406c-9f9a-c08443d9a6f3_vocals.mp3,1958_2a_248df169-00dd-406c-9f9a-c08443d9a6f3_vocals.mp3,The Everly Brothers,All I Have to Do Is Dream,success,/home/data/kevinzhang/research/fractal_analysis/results/audio_melody_f0/cache/clean_contours/suno_v4_5_1958_02a.npz,38.846984126984125,0.8875446796810558,0.9276748356246264,,0.37213589829750876,0.025789813023855575,0.0038684719535783366
suno_v4_5_1958_03a,suno_v4_5,1958,03a,/home/data/kevinzhang/research/fractal_analysis/audio_data/suno_v4_5/vocals/batch_1/1958_3a_58cfec7c-e390-4ec9-80d6-7aa3ebbcf672_vocals.mp3,1958_3a_58cfec7c-e390-4ec9-80d6-7aa3ebbcf672_vocals.mp3,Elvis Presley,Don't,success,/home/data/kevinzhang/research/fractal_analysis/results/audio_melody_f0/cache/clean_contours/suno_v4_5_1958_03a.npz,41.40117913832199,0.9042402371439618,0.93157599551318,,0.4260623290432815,0.023493975903614458,0.0012048192771084338
suno_v4_5_1958_03b,suno_v4_5,1958,03b,/home/data/kevinzhang/research/fractal_analysis/audio_data/suno_v4_5/vocals/batch_1/1958_3b_3b1b6bd2-a46e-47d8-8abf-50203cf87dd8_vocals.mp3,1958_3b_3b1b6bd2-a46e-47d8-8abf-50203cf87dd8_vocals.mp3,Elvis Presley,I Beg of You,success,/home/data/kevinzhang/research/fractal_analysis/results/audio_melody_f0/cache/clean_contours/suno_v4_5_1958_03b.npz,65.06231292517008,0.9185578856650388,0.9211277658815132,,0.3721358982975087,0.050775193798449615,0.0007751937984496124
suno_v4_5_1958_01,suno_v4_5,1958,01,/home/data/kevinzhang/research/fractal_analysis/audio_data/suno_v4_5/vocals/batch_1/1958_1_514bce90-06f3-46b6-9903-6483ac244cf9_vocals.mp3,1958_1_514bce90-06f3-46b6-9903-6483ac244cf9_vocals.mp3,Domenico Modugno,Volare (Nel blu dipinto di blu),success,/home/data/kevinzhang/research/fractal_analysis/results/audio_melody_f0/cache/clean_contours/suno_v4_5_1958_01.npz,186.3633560090703,0.9554018602432626,0.9605033640667829,,0.6159498854580681,0.02503892060197198,0.0033731188375713543
suno_v4_5_1955_05,suno_v4_5,1955,05,/home/data/kevinzhang/research/fractal_analysis/audio_data/suno_v4_5/vocals/batch_1/1955_5_4f9bfba4-2013-4428-b03a-60386be283d0_vocals.mp3,1955_5_4f9bfba4-2013-4428-b03a-60386be283d0_vocals.mp3,Les Baxter,Unchained Melody,success,/home/data/kevinzhang/research/fractal_analysis/results/audio_melody_f0/cache/clean_contours/suno_v4_5_1955_05.npz,74.46639455782314,0.8421352151149556,0.8353601496725912,,0.8911444948731202,0.02501867064973861,0.0014936519790888724
billboard_1995_05,billboard,1995,05,/home/data/kevinzhang/research/fractal_analysis/audio_data/billboard/vocals/full_duration/1995_5_Boyz II Men_On Bended Knee_vocals.mp3,1995_5_Boyz II Men_On Bended Knee_vocals.mp3,Boyz II Men,On Bended Knee,success,/home/data/kevinzhang/research/fractal_analysis/results/audio_melody_f0/cache/clean_contours/billboard_1995_05.npz,39.2649433106576,0.7459572978648933,0.8497930218805441,,0.056071395445892624,0.09958217270194986,0.003481894150417827
suno_v4_5_1963_01,suno_v4_5,1963,01,/home/data/kevinzhang/research/fractal_analysis/audio_data/suno_v4_5/vocals/batch_1/1963_1_8af888e9-aa72-4c18-9c18-4b95d6e65749_vocals.mp3,1963_1_8af888e9-aa72-4c18-9c18-4b95d6e65749_vocals.mp3,The Beach Boys,Surfin' USA,skipped,/home/data/kevinzhang/research/fractal_analysis/results/audio_melody_f0/cache/clean_contours/suno_v4_5_1963_01.npz,15.046530612244899,0.617737556561086,,too_short,,,
suno_v4_5_1957_05,suno_v4_5,1957,05,/home/data/kevinzhang/research/fractal_analysis/audio_data/suno_v4_5/vocals/batch_1/1957_5_4dfa6920-50d4-4d16-8f3b-c5f132304f5e_vocals.mp3,1957_5_4dfa6920-50d4-4d16-8f3b-c5f132304f5e_vocals.mp3,Jimmy Dorsey,So Rare,skipped,/home/data/kevinzhang/research/fractal_analysis/results/audio_melody_f0/cache/clean_contours/suno_v4_5_1957_05.npz,17.41496598639456,0.7070116861435726,,too_short,,,
billboard_1997_01b,billboard,1997,01b,/home/data/kevinzhang/research/fractal_analysis/audio_data/billboard/vocals/full_duration/1997_1b_Elton John_Candle in the Wind_vocals.mp3,1997_1b_Elton John_Candle in the Wind_vocals.mp3,Elton John,Candle in the Wind,skipped,/home/data/kevinzhang/research/fractal_analysis/results/audio_melody_f0/cache/clean_contours/billboard_1997_01b.npz,22.98775510204082,0.7350538432974378,,too_short,,,
billboard_2016_03,billboard,2016,03,/home/data/kevinzhang/research/fractal_analysis/audio_data/billboard/vocals/full_duration/2016_3_Drake feat. Wizkid and Kyla_One Dance_vocals.mp3,2016_3_Drake feat. Wizkid and Kyla_One Dance_vocals.mp3,Drake feat. Wizkid and Kyla,One Dance,success,/home/data/kevinzhang/research/fractal_analysis/results/audio_melody_f0/cache/clean_contours/billboard_2016_03.npz,60.09324263038549,0.8169631006105654,0.8469860896445132,,0.3233360583906409,0.07074395253308992,0.0009128251939753537
billboard_2017_04,billboard,2017,04,/home/data/kevinzhang/research/fractal_analysis/audio_data/billboard/vocals/full_duration/2017_4_Kendrick Lamar_Humble_vocals.mp3,2017_4_Kendrick Lamar_Humble_vocals.mp3,Kendrick Lamar,Humble,success,/home/data/kevinzhang/research/fractal_analysis/results/audio_melody_f0/cache/clean_contours/billboard_2017_04.npz,48.41360544217687,0.6331711166644746,0.7745803357314148,,0.03489742801962526,0.17162329615861213,0.0018587360594795538
billboard_2007_02,billboard,2007,02,/home/data/kevinzhang/research/fractal_analysis/audio_data/billboard/vocals/full_duration/2007_2_Rihanna feat. Jay-Z_Umbrella_vocals.mp3,2007_2_Rihanna feat. Jay-Z_Umbrella_vocals.mp3,Rihanna feat. Jay-Z,Umbrella,success,/home/data/kevinzhang/research/fractal_analysis/results/audio_melody_f0/cache/clean_contours/billboard_2007_02.npz,130.05496598639456,0.8625982093915585,0.884841992501339,,0.2796051653363588,0.06902119071644804,0.0028254288597376388
suno_v4_5_1950_05,suno_v4_5,1950,05,/home/data/kevinzhang/research/fractal_analysis/audio_data/suno_v4_5/vocals/batch_1/1950_5_078c5961-e751-4194-9ecc-75a2558da972_vocals.mp3,1950_5_078c5961-e751-4194-9ecc-75a2558da972_vocals.mp3,Gary & Bing Crosby,Simple Melody,success,/home/data/kevinzhang/research/fractal_analysis/results/audio_melody_f0/cache/clean_contours/suno_v4_5_1950_05.npz,43.049795918367344,0.6974606636547749,0.8667745415318231,,0.8911444948731202,0.045454545454545456,0.00311332503113325
billboard_2002_04,billboard,2002,04,/home/data/kevinzhang/research/fractal_analysis/audio_data/billboard/vocals/full_duration/2002_4_Nelly feat. Kelly Rowland_Dilemma_vocals.mp3,2002_4_Nelly feat. Kelly Rowland_Dilemma_vocals.mp3,Nelly feat. Kelly Rowland,Dilemma,success,/home/data/kevinzhang/research/fractal_analysis/results/audio_melody_f0/cache/clean_contours/billboard_2002_04.npz,49.92290249433107,0.7504417670682731,0.8432558139534884,,0.0779752376229482,0.11865342163355408,0.003863134657836645
billboard_2013_03,billboard,2013,03,/home/data/kevinzhang/research/fractal_analysis/audio_data/billboard/vocals/full_duration/2013_3_Imagine Dragons_Radioactive_vocals.mp3,2013_3_Imagine Dragons_Radioactive_vocals.mp3,Imagine Dragons,Radioactive,success,/home/data/kevinzhang/research/fractal_analysis/results/audio_melody_f0/cache/clean_contours/billboard_2013_03.npz,79.36580498866213,0.8559300873907616,0.8739028671737858,,0.10857977072874497,0.04855994641661085,0.009377093101138647
billboard_2022_03,billboard,2022,03,/home/data/kevinzhang/research/fractal_analysis/audio_data/billboard/vocals/full_duration/2022_3_Kid Laroi and Justin Bieber_Stay_vocals.mp3,2022_3_Kid Laroi and Justin Bieber_Stay_vocals.mp3,Kid Laroi and Justin Bieber,Stay,success,/home/data/kevinzhang/research/fractal_analysis/results/audio_melody_f0/cache/clean_contours/billboard_2022_03.npz,89.88444444444444,0.7853040789279929,0.8501679152673728,,0.17653060863289757,0.07021276595744681,0.004559270516717325
billboard_2011_01,billboard,2011,01,/home/data/kevinzhang/research/fractal_analysis/audio_data/billboard/vocals/full_duration/2011_1_Adele_Rolling in the Deep_vocals.mp3,2011_1_Adele_Rolling in the Deep_vocals.mp3,Adele,Rolling in the Deep,success,/home/data/kevinzhang/research/fractal_analysis/results/audio_melody_f0/cache/clean_contours/billboard_2011_01.npz,84.6831746031746,0.8619494290375204,0.8777077049629832,,0.32333605839064083,0.070625,0.004375
suno_v4_5_1967_02,suno_v4_5,1967,02,/home/data/kevinzhang/research/fractal_analysis/audio_data/suno_v4_5/vocals/batch_1/1967_2_62337e44-cd52-4e86-80a7-817dc5118e2b_vocals.mp3,1967_2_62337e44-cd52-4e86-80a7-817dc5118e2b_vocals.mp3,The Box Tops,The Letter,skipped,/home/data/kevinzhang/research/fractal_analysis/results/audio_melody_f0/cache/clean_contours/suno_v4_5_1967_02.npz,18.06512471655329,0.6167771133020851,,too_short,,,
billboard_2006_03,billboard,2006,03,/home/data/kevinzhang/research/fractal_analysis/audio_data/billboard/vocals/full_duration/2006_3_Nelly Furtado feat. Timbaland_Promiscuous_vocals.mp3,2006_3_Nelly Furtado feat. Timbaland_Promiscuous_vocals.mp3,Nelly Furtado feat. Timbaland,Promiscuous,success,/home/data/kevinzhang/research/fractal_analysis/results/audio_melody_f0/cache/clean_contours/billboard_2006_03.npz,40.58848072562358,0.7502631327145728,0.8043478260869565,,0.0779752376229482,0.11530249110320284,0.008540925266903915
suno_v4_5_1966_03,suno_v4_5,1966,03,/home/data/kevinzhang/research/fractal_analysis/audio_data/suno_v4_5/vocals/batch_1/1966_3_2abe8ea1-2284-4b9f-b02b-ac765f8571b9_vocals.mp3,1966_3_2abe8ea1-2284-4b9f-b02b-ac765f8571b9_vocals.mp3,Jimmy Ruffin,What Becomes Of The Brokenhearted,success,/home/data/kevinzhang/research/fractal_analysis/results/audio_melody_f0/cache/clean_contours/suno_v4_5_1966_03.npz,55.49569160997733,0.8142642642642642,0.8472803347280334,,0.4260623290432814,0.06867588932806325,0.0133399209486166
suno_v4_5_1967_03,suno_v4_5,1967,03,/home/data/kevinzhang/research/fractal_analysis/audio_data/suno_v4_5/vocals/batch_1/1967_3_948ad1a5-5b95-4125-a34a-27f37f8e4c75_vocals.mp3,1967_3_948ad1a5-5b95-4125-a34a-27f37f8e4c75_vocals.mp3,Bobbie Gentry,Ode to Billie Joe,success,/home/data/kevinzhang/research/fractal_analysis/results/audio_melody_f0/cache/clean_contours/suno_v4_5_1967_03.npz,36.826848072562356,0.8157666261503733,0.9060529634300126,,0.3721358982975087,0.04247910863509749,0.0020891364902506965
billboard_2007_05,billboard,2007,05,/home/data/kevinzhang/research/fractal_analysis/audio_data/billboard/vocals/full_duration/2007_5_T-Pain feat. Yung Joc_Buy U a Drank (Shawty Snappin')_vocals.mp3,2007_5_T-Pain feat. Yung Joc_Buy U a Drank (Shawty Snappin')_vocals.mp3,T-Pain feat. Yung Joc,Buy U a Drank (Shawty Snappin'),success,/home/data/kevinzhang/research/fractal_analysis/results/audio_melody_f0/cache/clean_contours/billboard_2007_05.npz,41.4940589569161,0.7095473334005444,0.7700055959709009,,0.09203757081218102,0.10763636363636364,0.0036363636363636364
billboard_2012_02,billboard,2012,02,/home/data/kevinzhang/research/fractal_analysis/audio_data/billboard/vocals/full_duration/2012_2_Carly Rae Jepsen_Call Me Maybe_vocals.mp3,2012_2_Carly Rae Jepsen_Call Me Maybe_vocals.mp3,Carly Rae Jepsen,Call Me Maybe,success,/home/data/kevinzhang/research/fractal_analysis/results/audio_melody_f0/cache/clean_contours/billboard_2012_02.npz,32.92589569160998,0.7468686627698915,0.7947813822284908,,0.09203757081218106,0.10923623445825932,0.0026642984014209592
suno_v4_5_1952_01,suno_v4_5,1952,01,/home/data/kevinzhang/research/fractal_analysis/audio_data/suno_v4_5/vocals/batch_1/1952_1_c2aa2401-970f-41fa-8619-de4f251d56b8_vocals.mp3,1952_1_c2aa2401-970f-41fa-8619-de4f251d56b8_vocals.mp3,Leroy Anderson,Blue Tango,skipped,/home/data/kevinzhang/research/fractal_analysis/results/audio_melody_f0/cache/clean_contours/suno_v4_5_1952_01.npz,17.2756462585034,0.7032608695652174,,too_short,,,
billboard_2006_02,billboard,2006,02,/home/data/kevinzhang/research/fractal_analysis/audio_data/billboard/vocals/full_duration/2006_2_Sean Paul_Temperature_vocals.mp3,2006_2_Sean Paul_Temperature_vocals.mp3,Sean Paul,Temperature,success,/home/data/kevinzhang/research/fractal_analysis/results/audio_melody_f0/cache/clean_contours/billboard_2006_02.npz,163.72390022675737,0.7887806444706135,0.8232874769536236,,0.066081512709207,0.08442453480358374,0.007580978635423846
billboard_2003_03,billboard,2003,03,/home/data/kevinzhang/research/fractal_analysis/audio_data/billboard/vocals/full_duration/2003_3_Sean Paul_Get Busy_vocals.mp3,2003_3_Sean Paul_Get Busy_vocals.mp3,Sean Paul,Get Busy,success,/home/data/kevinzhang/research/fractal_analysis/results/audio_melody_f0/cache/clean_contours/billboard_2003_03.npz,73.04997732426304,0.7544689800210305,0.8518753973299428,,0.04768699308253103,0.05860395670026129,0.003732736095558044
billboard_2007_01,billboard,2007,01,/home/data/kevinzhang/research/fractal_analysis/audio_data/billboard/vocals/full_duration/2007_1_Beyonce_Irreplaceable_vocals.mp3,2007_1_Beyonce_Irreplaceable_vocals.mp3,Beyonce,Irreplaceable,success,/home/data/kevinzhang/research/fractal_analysis/results/audio_melody_f0/cache/clean_contours/billboard_2007_01.npz,148.5380498866213,0.7813795008748503,0.8691574175394716,,0.32333605839064083,0.1181867242309768,0.0034178809138334233
suno_v4_5_1955_02,suno_v4_5,1955,02,/home/data/kevinzhang/research/fractal_analysis/audio_data/suno_v4_5/vocals/batch_1/1955_2_872ed583-b4ae-4543-87f9-4a604bf2550c_vocals.mp3,1955_2_872ed583-b4ae-4543-87f9-4a604bf2550c_vocals.mp3,Bill Haley & His Comets,Rock Around the Clock,skipped,/home/data/kevinzhang/research/fractal_analysis/results/audio_melody_f0/cache/clean_contours/suno_v4_5_1955_02.npz,28.11936507936508,0.5248199338135098,,too_short,,,
suno_v4_5_1966_01,suno_v4_5,1966,01,/home/data/kevinzhang/research/fractal_analysis/audio_data/suno_v4_5/vocals/batch_1/1966_1_13124c9c-9cc4-49dc-a8a6-a41d5672289b_vocals.mp3,1966_1_13124c9c-9cc4-49dc-a8a6-a41d5672289b_vocals.mp3,The Mamas & The Papas,California Dreamin',success,/home/data/kevinzhang/research/fractal_analysis/results/audio_melody_f0/cache/clean_contours/suno_v4_5_1966_01.npz,40.84390022675737,0.8135158254918734,0.8874360432063673,,0.8911444948731203,0.029487179487179487,0.000641025641025641
suno_v4_5_1964_05,suno_v4_5,1964,05,/home/data/kevinzhang/research/fractal_analysis/audio_data/suno_v4_5/vocals/batch_1/1964_5_0efd41ac-268d-4d63-91e3-b9511637f145_vocals.mp3,1964_5_0efd41ac-268d-4d63-91e3-b9511637f145_vocals.mp3,The Beach Boys,I Get Around,success,/home/data/kevinzhang/research/fractal_analysis/results/audio_melody_f0/cache/clean_contours/suno_v4_5_1964_05.npz,38.45224489795918,0.6942414860681114,0.8641304347826086,,0.2407543944755743,0.039160839160839164,0.0048951048951048955
suno_v4_5_1965_05,suno_v4_5,1965,05,/home/data/kevinzhang/research/fractal_analysis/audio_data/suno_v4_5/vocals/batch_1/1965_5_3b1f5cf4-d8e3-4050-9cd3-98b1faab5015_vocals.mp3,1965_5_3b1f5cf4-d8e3-4050-9cd3-98b1faab5015_vocals.mp3,The Righteous Brothers,You've Lost That Lovin' Feelin',success,/home/data/kevinzhang/research/fractal_analysis/results/audio_melody_f0/cache/clean_contours/suno_v4_5_1965_05.npz,55.12417233560091,0.8128612716763006,0.8782645324347094,,0.1765306086328976,0.07677543186180422,0.0033589251439539347
suno_v4_5_1965_04,suno_v4_5,1965,04,/home/data/kevinzhang/research/fractal_analysis/audio_data/suno_v4_5/vocals/batch_1/1965_4_c4db08fe-61e5-4abf-9809-82fd9997956e_vocals.mp3,1965_4_c4db08fe-61e5-4abf-9809-82fd9997956e_vocals.mp3,We Five,You Were On My Mind,skipped,/home/data/kevinzhang/research/fractal_analysis/results/audio_melody_f0/cache/clean_contours/suno_v4_5_1965_04.npz,13.421133786848072,0.545552754771336,,too_short,,,
billboard_2005_03,billboard,2005,03,/home/data/kevinzhang/research/fractal_analysis/audio_data/billboard/vocals/full_duration/2005_3_Mario_Let Me Love You_vocals.mp3,2005_3_Mario_Let Me Love You_vocals.mp3,Mario,Let Me Love You,success,/home/data/kevinzhang/research/fractal_analysis/results/audio_melody_f0/cache/clean_contours/billboard_2005_03.npz,78.73886621315192,0.7435248975320485,0.8454733117074609,,0.10857977072874499,0.10432658757850663,0.005582693649685973
suno_v4_5_1963_04,suno_v4_5,1963,04,/home/data/kevinzhang/research/fractal_analysis/audio_data/suno_v4_5/vocals/batch_1/1963_4_274d6dbf-bc75-4239-ab84-e2747a0821ab_vocals.mp3,1963_4_274d6dbf-bc75-4239-ab84-e2747a0821ab_vocals.mp3,The Chiffons,He's So Fine,success,/home/data/kevinzhang/research/fractal_analysis/results/audio_melody_f0/cache/clean_contours/suno_v4_5_1963_04.npz,36.96616780045352,0.781698332687088,0.8731155778894473,,0.6159498854580681,0.06047516198704104,0.0028797696184305254
billboard_2012_05,billboard,2012,05,/home/data/kevinzhang/research/fractal_analysis/audio_data/billboard/vocals/full_duration/2012_5_Ellie Goulding_Lights_vocals.mp3,2012_5_Ellie Goulding_Lights_vocals.mp3,Ellie Goulding,Lights,success,/home/data/kevinzhang/research/fractal_analysis/results/audio_melody_f0/cache/clean_contours/billboard_2012_05.npz,66.03755102040816,0.7612994350282486,0.7464838255977496,,0.24075439447557428,0.06786050895381715,0.016965127238454288
billboard_2008_02,billboard,2008,02,/home/data/kevinzhang/research/fractal_analysis/audio_data/billboard/vocals/full_duration/2008_2_Leona Lewis_Bleeding Love_vocals.mp3,2008_2_Leona Lewis_Bleeding Love_vocals.mp3,Leona Lewis,Bleeding Love,success,/home/data/kevinzhang/research/fractal_analysis/results/audio_melody_f0/cache/clean_contours/billboard_2008_02.npz,42.91047619047619,0.8121148089452368,0.8365800865800865,,0.24075439447557426,0.10355987055016182,0.005825242718446602
suno_v4_5_1959_03,suno_v4_5,1959,03,/home/data/kevinzhang/research/fractal_analysis/audio_data/suno_v4_5/vocals/batch_1/1959_3_94f8595a-c6a3-40bb-bcfb-6693096ca764_vocals.mp3,1959_3_94f8595a-c6a3-40bb-bcfb-6693096ca764_vocals.mp3,Lloyd Price,Personality,success,/home/data/kevinzhang/research/fractal_analysis/results/audio_melody_f0/cache/clean_contours/suno_v4_5_1959_03.npz,44.00181405895692,0.6750531537916371,0.8258575197889182,,0.4849868077159113,0.07864450127877237,0.0025575447570332483
billboard_2016_05,billboard,2016,05,/home/data/kevinzhang/research/fractal_analysis/audio_data/billboard/vocals/full_duration/2016_5_Twenty One Pilots_Stressed Out_vocals.mp3,2016_5_Twenty One Pilots_Stressed Out_vocals.mp3,Twenty One Pilots,Stressed Out,success,/home/data/kevinzhang/research/fractal_analysis/results/audio_melody_f0/cache/clean_contours/billboard_2016_05.npz,38.754104308390026,0.7320894753118236,0.8448172558418214,,0.0779752376229482,0.10290986515259049,0.0028388928317956
suno_v4_5_1972_05,suno_v4_5,1972,05,/home/data/kevinzhang/research/fractal_analysis/audio_data/suno_v4_5/vocals/batch_1/1972_5_2241ff37-deef-47fb-bef7-52dd8f0298b9_vocals.mp3,1972_5_2241ff37-deef-47fb-bef7-52dd8f0298b9_vocals.mp3,Sammy Davis Jr.,The Candy Man,success,/home/data/kevinzhang/research/fractal_analysis/results/audio_melody_f0/cache/clean_contours/suno_v4_5_1972_05.npz,56.14585034013606,0.7142053973013494,0.8110008271298594,,0.4849868077159112,0.07857142857142857,0.00510204081632653
suno_v4_5_1953_02,suno_v4_5,1953,02,/home/data/kevinzhang/research/fractal_analysis/audio_data/suno_v4_5/vocals/batch_1/1953_2_47c04b12-05f6-49f9-9799-2af1707ed3ef_vocals.mp3,1953_2_47c04b12-05f6-49f9-9799-2af1707ed3ef_vocals.mp3,Les Paul & Mary Ford,Vaya con Dios,success,/home/data/kevinzhang/research/fractal_analysis/results/audio_melody_f0/cache/clean_contours/suno_v4_5_1953_02.npz,48.645804988662135,0.8593363051015354,0.8610978520286396,,0.1765306086328976,0.04769828064337216,0.004991680532445923
billboard_2023_04,billboard,2023,04,/home/data/kevinzhang/research/fractal_analysis/audio_data/billboard/vocals/full_duration/2023_4_Taylor Swift_Anti-Hero_vocals.mp3,2023_4_Taylor Swift_Anti-Hero_vocals.mp3,Taylor Swift,Anti-Hero,success,/home/data/kevinzhang/research/fractal_analysis/results/audio_melody_f0/cache/clean_contours/billboard_2023_04.npz,40.867120181405895,0.7689380837080595,0.9051136363636364,,0.42606232904328145,0.04334170854271357,0.000628140703517588
billboard_2004_05,billboard,2004,05,/home/data/kevinzhang/research/fractal_analysis/audio_data/billboard/vocals/full_duration/2004_5_OutKast feat. Sleepy Brown_The Way You Move_vocals.mp3,2004_5_OutKast feat. Sleepy Brown_The Way You Move_vocals.mp3,OutKast feat. Sleepy Brown,The Way You Move,skipped,/home/data/kevinzhang/research/fractal_analysis/results/audio_melody_f0/cache/clean_contours/billboard_2004_05.npz,21.803537414965987,0.6313050440352281,,too_short,,,
suno_v4_5_1970_03,suno_v4_5,1970,03,/home/data/kevinzhang/research/fractal_analysis/audio_data/suno_v4_5/vocals/batch_1/1970_3_743434c8-2007-4fcc-af1e-a176a5f1c5e5_vocals.mp3,1970_3_743434c8-2007-4fcc-af1e-a176a5f1c5e5_vocals.mp3,The Guess Who,American Woman,skipped,/home/data/kevinzhang/research/fractal_analysis/results/audio_melody_f0/cache/clean_contours/suno_v4_5_1970_03.npz,17.554285714285715,0.3202462380300958,,too_short,,,
billboard_2000_04,billboard,2000,04,/home/data/kevinzhang/research/fractal_analysis/audio_data/billboard/vocals/full_duration/2000_4_Joe_I Wanna Know_vocals.mp3,2000_4_Joe_I Wanna Know_vocals.mp3,Joe,I Wanna Know,success,/home/data/kevinzhang/research/fractal_analysis/results/audio_melody_f0/cache/clean_contours/billboard_2000_04.npz,49.66748299319728,0.8154503277119081,0.8405797101449275,,0.1504646013433388,0.06010016694490818,0.005564830272676683
billboard_2012_01,billboard,2012,01,/home/data/kevinzhang/research/fractal_analysis/audio_data/billboard/vocals/full_duration/2012_1_Gotye feat. Kimbra_Somebody That I Used to Know_vocals.mp3,2012_1_Gotye feat. Kimbra_Somebody That I Used to Know_vocals.mp3,Gotye feat. Kimbra,Somebody That I Used to Know,success,/home/data/kevinzhang/research/fractal_analysis/results/audio_melody_f0/cache/clean_contours/billboard_2012_01.npz,40.61170068027211,0.7230578827113481,0.8765008576329331,,0.4260623290432815,0.04634464751958225,0.0
suno_v4_5_1971_03a,suno_v4_5,1971,03a,/home/data/kevinzhang/research/fractal_analysis/audio_data/suno_v4_5/vocals/batch_1/1971_3a_1c56dd40-32da-423f-9ac9-22cf3c565637_vocals.mp3,1971_3a_1c56dd40-32da-423f-9ac9-22cf3c565637_vocals.mp3,Carole King,I Feel the Earth Move,success,/home/data/kevinzhang/research/fractal_analysis/results/audio_melody_f0/cache/clean_contours/suno_v4_5_1971_03a.npz,41.9352380952381,0.811568540652206,0.8599114064230343,,0.5485250542599845,0.0625,0.011597938144329897
billboard_2017_02,billboard,2017,02,/home/data/kevinzhang/research/fractal_analysis/audio_data/billboard/vocals/full_duration/2017_2_Luis Fonsi and Daddy Yankee feat. Justin Bieber_Despacito (Remix)_vocals.mp3,2017_2_Luis Fonsi and Daddy Yankee feat. Justin Bieber_Despacito (Remix)_vocals.mp3,Luis Fonsi and Daddy Yankee feat. Justin Bieber,Despacito (Remix),success,/home/data/kevinzhang/research/fractal_analysis/results/audio_melody_f0/cache/clean_contours/billboard_2017_02.npz,87.63210884353742,0.8023326572008114,0.8479067302596714,,0.092037570812181,0.07439824945295405,0.0025007814942169426
billboard_2015_04,billboard,2015,04,/home/data/kevinzhang/research/fractal_analysis/audio_data/billboard/vocals/full_duration/2015_4_Fetty Wap_Trap Queen_vocals.mp3,2015_4_Fetty Wap_Trap Queen_vocals.mp3,Fetty Wap,Trap Queen,success,/home/data/kevinzhang/research/fractal_analysis/results/audio_melody_f0/cache/clean_contours/billboard_2015_04.npz,87.23736961451247,0.6706586826347305,0.8046313548043652,,0.09203757081218103,0.099933818663137,0.0029781601588352085
billboard_2002_01,billboard,2002,01,/home/data/kevinzhang/research/fractal_analysis/audio_data/billboard/vocals/full_duration/2002_1_Nickelback_How You Remind Me_vocals.mp3,2002_1_Nickelback_How You Remind Me_vocals.mp3,Nickelback,How You Remind Me,success,/home/data/kevinzhang/research/fractal_analysis/results/audio_melody_f0/cache/clean_contours/billboard_2002_01.npz,34.17977324263039,0.692594510616261,0.7873641304347826,,0.056071395445892624,0.10276338514680483,0.012089810017271158
suno_v4_5_1960_03,suno_v4_5,1960,03,/home/data/kevinzhang/research/fractal_analysis/audio_data/suno_v4_5/vocals/batch_1/1960_3_625a7f1f-98ab-4be6-88a8-fea5e68fea67_vocals.mp3,1960_3_625a7f1f-98ab-4be6-88a8-fea5e68fea67_vocals.mp3,The Everly Brothers,Cathy's Clown,success,/home/data/kevinzhang/research/fractal_analysis/results/audio_melody_f0/cache/clean_contours/suno_v4_5_1960_03.npz,54.63655328798186,0.9000358294518094,0.9655758606034849,,0.6860828109301793,0.03038309114927345,0.0017613386173491853
suno_v4_5_1961_01,suno_v4_5,1961,01,/home/data/kevinzhang/research/fractal_analysis/audio_data/suno_v4_5/vocals/batch_1/1961_1_76831d9f-5567-4c0a-8d9b-8bc77b3c2598_vocals.mp3,1961_1_76831d9f-5567-4c0a-8d9b-8bc77b3c2598_vocals.mp3,Bobby Lewis,Tossin' and Turnin',success,/home/data/kevinzhang/research/fractal_analysis/results/audio_melody_f0/cache/clean_contours/suno_v4_5_1961_01.npz,33.85469387755102,0.6244147157190636,0.7503429355281207,,0.24075439447557428,0.10338517840805124,0.0027447392497712718
suno_v4_5_1967_04,suno_v4_5,1967,04,/home/data/kevinzhang/research/fractal_analysis/audio_data/suno_v4_5/vocals/batch_1/1967_4_3fd513a8-7f4f-4971-ab61-6a588e80e012_vocals.mp3,1967_4_3fd513a8-7f4f-4971-ab61-6a588e80e012_vocals.mp3,The Association,Windy,success,/home/data/kevinzhang/research/fractal_analysis/results/audio_melody_f0/cache/clean_contours/suno_v4_5_1967_04.npz,56.401269841269844,0.8902364138778016,0.8941951420337587,,0.2407543944755743,0.04007369875633349,0.011976047904191617
suno_v4_5_1956_04,suno_v4_5,1956,04,/home/data/kevinzhang/research/fractal_analysis/audio_data/suno_v4_5/vocals/batch_1/1956_4_2a3c7422-c53f-4bae-be59-2d02c0b0a224_vocals.mp3,1956_4_2a3c7422-c53f-4bae-be59-2d02c0b0a224_vocals.mp3,The Platters,My Prayer,success,/home/data/kevinzhang/research/fractal_analysis/results/audio_melody_f0/cache/clean_contours/suno_v4_5_1956_04.npz,60.85950113378685,0.8616077713642123,0.9263639832125143,,0.37213589829750876,0.031314379892871856,0.00288421920065925
billboard_2018_05,billboard,2018,05,/home/data/kevinzhang/research/fractal_analysis/audio_data/billboard/vocals/full_duration/2018_5_Post Malone feat. 21 Savage_rockstar_vocals.mp3,2018_5_Post Malone feat. 21 Savage_rockstar_vocals.mp3,Post Malone feat. 21 Savage,rockstar,success,/home/data/kevinzhang/research/fractal_analysis/results/audio_melody_f0/cache/clean_contours/billboard_2018_05.npz,66.03755102040816,0.6875599923209829,0.8248945147679325,,0.10857977072874499,0.03795309168443497,0.00255863539445629
suno_v4_5_1962_03,suno_v4_5,1962,03,/home/data/kevinzhang/research/fractal_analysis/audio_data/suno_v4_5/vocals/batch_1/1962_3_00be4d25-1354-476e-84e2-50c7330e85de_vocals.mp3,1962_3_00be4d25-1354-476e-84e2-50c7330e85de_vocals.mp3,Dee Dee Sharp,Mashed Potato Time,skipped,/home/data/kevinzhang/research/fractal_analysis/results/audio_melody_f0/cache/clean_contours/suno_v4_5_1962_03.npz,18.018684807256236,0.6779984721161192,,too_short,,,
billboard_2024_01,billboard,2024,01,/home/data/kevinzhang/research/fractal_analysis/audio_data/billboard/vocals/full_duration/2024_1_Teddy Swims_Lose Control_vocals.mp3,2024_1_Teddy Swims_Lose Control_vocals.mp3,Teddy Swims,Lose Control,success,/home/data/kevinzhang/research/fractal_analysis/results/audio_melody_f0/cache/clean_contours/billboard_2024_01.npz,30.766439909297052,0.7610118717408189,0.900377358490566,,0.2796051653363589,0.04865771812080537,0.0
suno_v4_5_1973_01,suno_v4_5,1973,01,/home/data/kevinzhang/research/fractal_analysis/audio_data/suno_v4_5/vocals/batch_1/1973_1_4576d6b8-6709-458c-8850-0c8d41a0842b_vocals.mp3,1973_1_4576d6b8-6709-458c-8850-0c8d41a0842b_vocals.mp3,Tony Orlando and Dawn,Tie a Yellow Ribbon Round the Ole Oak Tree,success,/home/data/kevinzhang/research/fractal_analysis/results/audio_melody_f0/cache/clean_contours/suno_v4_5_1973_01.npz,33.90113378684807,0.840031274433151,0.813013698630137,,0.6159498854580681,0.05227655986509275,0.008431703204047217
suno_v4_5_1956_03,suno_v4_5,1956,03,/home/data/kevinzhang/research/fractal_analysis/audio_data/suno_v4_5/vocals/batch_1/1956_3_3b6056b8-6cfc-4fb2-8d15-2bcede39a464_vocals.mp3,1956_3_3b6056b8-6cfc-4fb2-8d15-2bcede39a464_vocals.mp3,Nelson Riddle,Lisbon Antigua,success,/home/data/kevinzhang/research/fractal_analysis/results/audio_melody_f0/cache/clean_contours/suno_v4_5_1956_03.npz,45.67365079365079,0.8592252133946159,0.9313675648195221,,0.8911444948731203,0.0409612233752048,0.0005461496450027307
suno_v4_5_1953_05,suno_v4_5,1953,05,/home/data/kevinzhang/research/fractal_analysis/audio_data/suno_v4_5/vocals/batch_1/1953_5_94fc6b47-25c2-4f77-83c2-8ca6ccfc0718_vocals.mp3,1953_5_94fc6b47-25c2-4f77-83c2-8ca6ccfc0718_vocals.mp3,Ames Brothers,"You, You, You",success,/home/data/kevinzhang/research/fractal_analysis/results/audio_melody_f0/cache/clean_contours/suno_v4_5_1953_05.npz,40.19374149659864,0.7846850065499583,0.9052570768341999,,0.6860828109301794,0.031928480204342274,0.0038314176245210726
billboard_2011_05,billboard,2011,05,"/home/data/kevinzhang/research/fractal_analysis/audio_data/billboard/vocals/full_duration/2011_5_Pitbull feat. Ne-Yo, Afrojack and Nayer_Give Me Everything_vocals.mp3","2011_5_Pitbull feat. Ne-Yo, Afrojack and Nayer_Give Me Everything_vocals.mp3","Pitbull feat. Ne-Yo, Afrojack and Nayer",Give Me Everything,success,/home/data/kevinzhang/research/fractal_analysis/results/audio_melody_f0/cache/clean_contours/billboard_2011_05.npz,83.40607709750567,0.770357454228422,0.8368596881959911,,0.04768699308253103,0.07154742096505824,0.003660565723793677
billboard_2022_01,billboard,2022,01,/home/data/kevinzhang/research/fractal_analysis/audio_data/billboard/vocals/full_duration/2022_1_Glass Animals_Heat Waves_vocals.mp3,2022_1_Glass Animals_Heat Waves_vocals.mp3,Glass Animals,Heat Waves,success,/home/data/kevinzhang/research/fractal_analysis/results/audio_melody_f0/cache/clean_contours/billboard_2022_01.npz,47.57768707482993,0.7430603576015016,0.8687164470473402,,0.42606232904328145,0.0657672849915683,0.003372681281618887
suno_v4_5_1972_03,suno_v4_5,1972,03,/home/data/kevinzhang/research/fractal_analysis/audio_data/suno_v4_5/vocals/batch_1/1972_3_9f79b543-cbd0-48a7-b6f3-a93d597056a1_vocals.mp3,1972_3_9f79b543-cbd0-48a7-b6f3-a93d597056a1_vocals.mp3,Don McLean,American Pie,skipped,/home/data/kevinzhang/research/fractal_analysis/results/audio_melody_f0/cache/clean_contours/suno_v4_5_1972_03.npz,28.096145124716553,0.6796994396332144,,too_short,,,
suno_v4_5_1952_03,suno_v4_5,1952,03,/home/data/kevinzhang/research/fractal_analysis/audio_data/suno_v4_5/vocals/batch_1/1952_3_8c0f425a-05e4-4fc2-8da9-4e648a963450_vocals.mp3,1952_3_8c0f425a-05e4-4fc2-8da9-4e648a963450_vocals.mp3,Johnnie Ray & The Four Lads,Cry,success,/home/data/kevinzhang/research/fractal_analysis/results/audio_melody_f0/cache/clean_contours/suno_v4_5_1952_03.npz,65.38739229024944,0.8619803308001788,0.9005681818181818,,0.4260623290432815,0.036686390532544376,0.002366863905325444
billboard_2022_05,billboard,2022,05,/home/data/kevinzhang/research/fractal_analysis/audio_data/billboard/vocals/full_duration/2022_5_Ed Sheeran_Shivers_vocals.mp3,2022_5_Ed Sheeran_Shivers_vocals.mp3,Ed Sheeran,Shivers,success,/home/data/kevinzhang/research/fractal_analysis/results/audio_melody_f0/cache/clean_contours/billboard_2022_05.npz,59.32698412698413,0.6724929206132214,0.8223091976516634,,0.15046460134333878,0.09428571428571429,0.007142857142857143
suno_v4_5_1970_01,suno_v4_5,1970,01,/home/data/kevinzhang/research/fractal_analysis/audio_data/suno_v4_5/vocals/batch_1/1970_1_ea6b0d5a-07da-41d6-82ae-a898c6db96ff_vocals.mp3,1970_1_ea6b0d5a-07da-41d6-82ae-a898c6db96ff_vocals.mp3,Simon and Garfunkel,Bridge Over Troubled Water,success,/home/data/kevinzhang/research/fractal_analysis/results/audio_melody_f0/cache/clean_contours/suno_v4_5_1970_01.npz,101.44798185941043,0.8743321718931475,0.8956282902265965,,0.8911444948731202,0.03578732106339468,0.002044989775051125
billboard_2008_04,billboard,2008,04,/home/data/kevinzhang/research/fractal_analysis/audio_data/billboard/vocals/full_duration/2008_4_Lil Wayne feat. Static Major_Lollipop_vocals.mp3,2008_4_Lil Wayne feat. Static Major_Lollipop_vocals.mp3,Lil Wayne feat. Static Major,Lollipop,skipped,/home/data/kevinzhang/research/fractal_analysis/results/audio_melody_f0/cache/clean_contours/billboard_2008_04.npz,21.966077097505668,0.607582282374654,,too_short,,,
suno_v4_5_1968_05,suno_v4_5,1968,05,/home/data/kevinzhang/research/fractal_analysis/audio_data/suno_v4_5/vocals/batch_1/1968_5_5ea7ab08-0b53-41f9-8d18-14dac9e6b298_vocals.mp3,1968_5_5ea7ab08-0b53-41f9-8d18-14dac9e6b298_vocals.mp3,The Rascals,People Got to Be Free,success,/home/data/kevinzhang/research/fractal_analysis/results/audio_melody_f0/cache/clean_contours/suno_v4_5_1968_05.npz,44.02503401360544,0.6834423754403623,0.7025316455696202,,0.17653060863289763,0.0811419984973704,0.009767092411720512
suno_v4_5_1968_02,suno_v4_5,1968,02,/home/data/kevinzhang/research/fractal_analysis/audio_data/suno_v4_5/vocals/batch_1/1968_2_c6cad870-5da3-4a10-b119-9ae4da5d552a_vocals.mp3,1968_2_c6cad870-5da3-4a10-b119-9ae4da5d552a_vocals.mp3,Paul Mauriat,Love is Blue,skipped,/home/data/kevinzhang/research/fractal_analysis/results/audio_melody_f0/cache/clean_contours/suno_v4_5_1968_02.npz,5.712108843537415,0.3765196878969334,,too_short,,,
suno_v4_5_1971_04,suno_v4_5,1971,04,/home/data/kevinzhang/research/fractal_analysis/audio_data/suno_v4_5/vocals/batch_1/1971_4_71b28a27-0365-40ac-9028-7e572ef34e49_vocals.mp3,1971_4_71b28a27-0365-40ac-9028-7e572ef34e49_vocals.mp3,The Osmonds,One Bad Apple,skipped,/home/data/kevinzhang/research/fractal_analysis/results/audio_melody_f0/cache/clean_contours/suno_v4_5_1971_04.npz,27.631746031746033,0.6451478550603915,,too_short,,,
suno_v4_5_1960_02,suno_v4_5,1960,02,/home/data/kevinzhang/research/fractal_analysis/audio_data/suno_v4_5/vocals/batch_1/1960_2_e32dc09b-a8a8-4980-82f2-08d309281673_vocals.mp3,1960_2_e32dc09b-a8a8-4980-82f2-08d309281673_vocals.mp3,Jim Reeves,He'll Have to Go,success,/home/data/kevinzhang/research/fractal_analysis/results/audio_melody_f0/cache/clean_contours/suno_v4_5_1960_02.npz,37.384126984126986,0.8132210788899282,0.9397515527950311,,0.5485250542599844,0.03968253968253968,0.0006613756613756613
suno_v4_5_1974_05,suno_v4_5,1974,05,/home/data/kevinzhang/research/fractal_analysis/audio_data/suno_v4_5/vocals/batch_1/1974_5_b52e3a8d-71ab-4305-8411-bc278fef3add_vocals.mp3,1974_5_b52e3a8d-71ab-4305-8411-bc278fef3add_vocals.mp3,The Jackson 5,Dancing Machine,skipped,/home/data/kevinzhang/research/fractal_analysis/results/audio_melody_f0/cache/clean_contours/suno_v4_5_1974_05.npz,25.309750566893424,0.5436470953712333,,too_short,,,
suno_v4_5_1968_01,suno_v4_5,1968,01,/home/data/kevinzhang/research/fractal_analysis/audio_data/suno_v4_5/vocals/batch_1/1968_1_23221a1e-3d29-4def-bc72-2dabff5052c0_vocals.mp3,1968_1_23221a1e-3d29-4def-bc72-2dabff5052c0_vocals.mp3,The Beatles,Hey Jude,success,/home/data/kevinzhang/research/fractal_analysis/results/audio_melody_f0/cache/clean_contours/suno_v4_5_1968_01.npz,71.07628117913832,0.8721590909090909,0.8941522378307742,,0.6159498854580682,0.057383040935672515,0.003654970760233918
suno_v4_5_1969_05,suno_v4_5,1969,05,/home/data/kevinzhang/research/fractal_analysis/audio_data/suno_v4_5/vocals/batch_1/1969_5_5a4019d2-71da-40b8-9c69-757080087379_vocals.mp3,1969_5_5a4019d2-71da-40b8-9c69-757080087379_vocals.mp3,Sly and the Family Stone,Everyday People,success,/home/data/kevinzhang/research/fractal_analysis/results/audio_melody_f0/cache/clean_contours/suno_v4_5_1969_05.npz,70.49578231292517,0.7559801180490836,0.878129117259552,,0.4849868077159113,0.0701688555347092,0.008630393996247656
suno_v4_5_1956_01,suno_v4_5,1956,01,/home/data/kevinzhang/research/fractal_analysis/audio_data/suno_v4_5/vocals/batch_1/1956_1_71a4baa3-7f5b-482c-93ef-403b667bdf36_vocals.mp3,1956_1_71a4baa3-7f5b-482c-93ef-403b667bdf36_vocals.mp3,Elvis Presley,Heartbreak Hotel,skipped,/home/data/kevinzhang/research/fractal_analysis/results/audio_melody_f0/cache/clean_contours/suno_v4_5_1956_01.npz,20.17814058956916,0.6543115526684499,,too_short,,,
suno_v4_5_1973_05,suno_v4_5,1973,05,/home/data/kevinzhang/research/fractal_analysis/audio_data/suno_v4_5/vocals/batch_1/1973_5_af459014-430c-440b-9e1c-82f982b9b313_vocals.mp3,1973_5_af459014-430c-440b-9e1c-82f982b9b313_vocals.mp3,Paul McCartney and Wings,My Love,skipped,/home/data/kevinzhang/research/fractal_analysis/results/audio_melody_f0/cache/clean_contours/suno_v4_5_1973_05.npz,18.390204081632653,0.7960844139333841,,too_short,,,
suno_v4_5_1966_05,suno_v4_5,1966,05,/home/data/kevinzhang/research/fractal_analysis/audio_data/suno_v4_5/vocals/batch_1/1966_5_49e4e8e8-5186-4413-b0b2-598f60f0c4a2_vocals.mp3,1966_5_49e4e8e8-5186-4413-b0b2-598f60f0c4a2_vocals.mp3,Four Tops,Reach Out I'll Be There,skipped,/home/data/kevinzhang/research/fractal_analysis/results/audio_melody_f0/cache/clean_contours/suno_v4_5_1966_05.npz,18.715283446712018,0.6115362649914334,,too_short,,,
billboard_2013_02,billboard,2013,02,/home/data/kevinzhang/research/fractal_analysis/audio_data/billboard/vocals/full_duration/2013_2_Robin Thicke feat. TI and Pharrell Williams_Blurred Lines_vocals.mp3,2013_2_Robin Thicke feat. TI and Pharrell Williams_Blurred Lines_vocals.mp3,Robin Thicke feat. TI and Pharrell Williams,Blurred Lines,success,/home/data/kevinzhang/research/fractal_analysis/results/audio_melody_f0/cache/clean_contours/billboard_2013_02.npz,58.11954648526077,0.6839227746454809,0.8178186176588095,,0.2407543944755743,0.0772238514173998,0.011241446725317693
suno_v4_5_1954_03,suno_v4_5,1954,03,/home/data/kevinzhang/research/fractal_analysis/audio_data/suno_v4_5/vocals/batch_1/1954_3_5c239d32-438e-4dbc-be8c-ad8facc9e397_vocals.mp3,1954_3_5c239d32-438e-4dbc-be8c-ad8facc9e397_vocals.mp3,Rosemary Clooney,Hey There,success,/home/data/kevinzhang/research/fractal_analysis/results/audio_melody_f0/cache/clean_contours/suno_v4_5_1954_03.npz,45.7665306122449,0.7642464917632703,0.8467782851344495,,0.8266685594724996,0.03477218225419664,0.002398081534772182
suno_v4_5_1953_04,suno_v4_5,1953,04,/home/data/kevinzhang/research/fractal_analysis/audio_data/suno_v4_5/vocals/batch_1/1953_4_6fcaff12-ee4d-4841-bd4b-85520e98c5f5_vocals.mp3,1953_4_6fcaff12-ee4d-4841-bd4b-85520e98c5f5_vocals.mp3,Eddie Fisher,I'm Walking Behind You,success,/home/data/kevinzhang/research/fractal_analysis/results/audio_melody_f0/cache/clean_contours/suno_v4_5_1953_04.npz,58.88580498866213,0.817621547591874,0.862776025236593,,0.32333605839064083,0.04526748971193416,0.001828989483310471
suno_v4_5_1974_04,suno_v4_5,1974,04,/home/data/kevinzhang/research/fractal_analysis/audio_data/suno_v4_5/vocals/batch_1/1974_4_51c02d35-1681-43d7-802b-0b31f403586b_vocals.mp3,1974_4_51c02d35-1681-43d7-802b-0b31f403586b_vocals.mp3,Redbone,Come and Get Your Love,skipped,/home/data/kevinzhang/research/fractal_analysis/results/audio_melody_f0/cache/clean_contours/suno_v4_5_1974_04.npz,19.52798185941043,0.5344587269629859,,too_short,,,
suno_v4_5_1971_01,suno_v4_5,1971,01,/home/data/kevinzhang/research/fractal_analysis/audio_data/suno_v4_5/vocals/batch_1/1971_1_5851af61-b726-4224-bca8-cd9b7bca30d5_vocals.mp3,1971_1_5851af61-b726-4224-bca8-cd9b7bca30d5_vocals.mp3,Three Dog Night,Joy To The World,success,/home/data/kevinzhang/research/fractal_analysis/results/audio_melody_f0/cache/clean_contours/suno_v4_5_1971_01.npz,42.6550566893424,0.5947043534762833,0.8862275449101796,,0.20650679911775233,0.06330669944683466,0.002458512599877074
suno_v4_5_1964_03,suno_v4_5,1964,03,/home/data/kevinzhang/research/fractal_analysis/audio_data/suno_v4_5/vocals/batch_1/1964_3_380dee14-5dce-4974-818d-3b478afe6c19_vocals.mp3,1964_3_380dee14-5dce-4974-818d-3b478afe6c19_vocals.mp3,Louis Armstrong,"Hello, Dolly!",success,/home/data/kevinzhang/research/fractal_analysis/results/audio_melody_f0/cache/clean_contours/suno_v4_5_1964_03.npz,41.56371882086168,0.6020784445189407,0.7988826815642458,,0.2796051653363589,0.0867739678096571,0.002099370188943317
suno_v4_5_1954_05,suno_v4_5,1954,05,/home/data/kevinzhang/research/fractal_analysis/audio_data/suno_v4_5/vocals/batch_1/1954_5_709e602f-eacc-4236-a7ee-eb65e9d6b34a_vocals.mp3,1954_5_709e602f-eacc-4236-a7ee-eb65e9d6b34a_vocals.mp3,Jo Stafford,Make Love to Me,success,/home/data/kevinzhang/research/fractal_analysis/results/audio_melody_f0/cache/clean_contours/suno_v4_5_1954_05.npz,57.330068027210885,0.7240391501551683,0.7687322802754152,,0.37213589829750865,0.09014232999472852,0.004217185028993147
suno_v4_5_1956_05,suno_v4_5,1956,05,/home/data/kevinzhang/research/fractal_analysis/audio_data/suno_v4_5/vocals/batch_1/1956_5_7f56e0a6-d927-474c-9608-ef0dc20ef522_vocals.mp3,1956_5_7f56e0a6-d927-474c-9608-ef0dc20ef522_vocals.mp3,Gogi Grant,The Wayward Wind,success,/home/data/kevinzhang/research/fractal_analysis/results/audio_melody_f0/cache/clean_contours/suno_v4_5_1956_05.npz,180.60480725623583,0.9204896747866947,0.9514013885317563,,0.8266685594724995,0.02770644681713745,0.0006757669955399379
suno_v4_5_1953_01,suno_v4_5,1953,01,/home/data/kevinzhang/research/fractal_analysis/audio_data/suno_v4_5/vocals/batch_1/1953_1_2fa08868-888f-4fe8-922e-47078de5b290_vocals.mp3,1953_1_2fa08868-888f-4fe8-922e-47078de5b290_vocals.mp3,Percy Faith,The Song from Moulin Rouge,success,/home/data/kevinzhang/research/fractal_analysis/results/audio_melody_f0/cache/clean_contours/suno_v4_5_1953_01.npz,59.7449433106576,0.789134006101854,0.927710843373494,,0.9459302094659091,0.02347024308466052,0.0037720033528918693
suno_v4_5_1971_02b,suno_v4_5,1971,02b,/home/data/kevinzhang/research/fractal_analysis/audio_data/suno_v4_5/vocals/batch_1/1971_2b_c773b5f2-e47b-4cf6-995a-d1aa2bbe54fc_vocals.mp3,1971_2b_c773b5f2-e47b-4cf6-995a-d1aa2bbe54fc_vocals.mp3,Rod Stewart,Reason to Believe,success,/home/data/kevinzhang/research/fractal_analysis/results/audio_melody_f0/cache/clean_contours/suno_v4_5_1971_02b.npz,38.61478458049887,0.8393143420890369,0.8592904389657245,,0.7571601330199094,0.0273109243697479,0.0007002801120448179
suno_v4_5_1965_01,suno_v4_5,1965,01,/home/data/kevinzhang/research/fractal_analysis/audio_data/suno_v4_5/vocals/batch_1/1965_1_548940e1-e012-425b-87bd-221cd806bd16_vocals.mp3,1965_1_548940e1-e012-425b-87bd-221cd806bd16_vocals.mp3,Sam the Sham and the Pharaohs,Wooly Bully,skipped,/home/data/kevinzhang/research/fractal_analysis/results/audio_melody_f0/cache/clean_contours/suno_v4_5_1965_01.npz,16.973786848072564,0.5377207062600321,,too_short,,,
suno_v4_5_1971_05,suno_v4_5,1971,05,/home/data/kevinzhang/research/fractal_analysis/audio_data/suno_v4_5/vocals/batch_1/1971_5_45dae5ed-407a-4c31-ae72-7d05596706ed_vocals.mp3,1971_5_45dae5ed-407a-4c31-ae72-7d05596706ed_vocals.mp3,Bee Gees,How Can You Mend a Broken Heart,success,/home/data/kevinzhang/research/fractal_analysis/results/audio_melody_f0/cache/clean_contours/suno_v4_5_1971_05.npz,39.172063492063494,0.816999535531816,0.9140486069946651,,0.615949885458068,0.054510058403634,0.0025957170668397143
billboard_2010_05,billboard,2010,05,/home/data/kevinzhang/research/fractal_analysis/audio_data/billboard/vocals/full_duration/2010_5_Usher feat. will.i.am_OMG_vocals.mp3,2010_5_Usher feat. will.i.am_OMG_vocals.mp3,Usher feat. will.i.am,OMG,success,/home/data/kevinzhang/research/fractal_analysis/results/audio_melody_f0/cache/clean_contours/billboard_2010_05.npz,66.50195011337868,0.7817492999505847,0.8990921787709497,,0.20650679911775227,0.07187257187257187,0.0019425019425019425
suno_v4_5_1969_03,suno_v4_5,1969,03,/home/data/kevinzhang/research/fractal_analysis/audio_data/suno_v4_5/vocals/batch_1/1969_3_20dfffcb-7bf1-4c89-87c0-4b6d8bf5e539_vocals.mp3,1969_3_20dfffcb-7bf1-4c89-87c0-4b6d8bf5e539_vocals.mp3,The Temptations,I Can't Get Next to You,success,/home/data/kevinzhang/research/fractal_analysis/results/audio_melody_f0/cache/clean_contours/suno_v4_5_1969_03.npz,41.28507936507937,0.6958315549864845,0.7350956130483689,,0.24075439447557428,0.09111791730474732,0.008422664624808576
billboard_2015_01,billboard,2015,01,/home/data/kevinzhang/research/fractal_analysis/audio_data/billboard/vocals/full_duration/2015_1_Mark Ronson feat. Bruno Mars_Uptown Funk_vocals.mp3,2015_1_Mark Ronson feat. Bruno Mars_Uptown Funk_vocals.mp3,Mark Ronson feat. Bruno Mars,Uptown Funk,success,/home/data/kevinzhang/research/fractal_analysis/results/audio_melody_f0/cache/clean_contours/billboard_2015_01.npz,33.18131519274377,0.5398420058389146,0.7382785164450665,,0.092037570812181,0.10910815939278938,0.021821631878557873
suno_v4_5_1968_03,suno_v4_5,1968,03,/home/data/kevinzhang/research/fractal_analysis/audio_data/suno_v4_5/vocals/batch_1/1968_3_ac3581bc-773b-4b0f-b871-769ce2b7dba0_vocals.mp3,1968_3_ac3581bc-773b-4b0f-b871-769ce2b7dba0_vocals.mp3,Bobby Goldsboro,Honey,success,/home/data/kevinzhang/research/fractal_analysis/results/audio_melody_f0/cache/clean_contours/suno_v4_5_1968_03.npz,41.145759637188206,0.6337135614702155,0.781038374717833,,0.6860828109301792,0.06146059291395517,0.010845986984815618
suno_v4_5_1973_03,suno_v4_5,1973,03,/home/data/kevinzhang/research/fractal_analysis/audio_data/suno_v4_5/vocals/batch_1/1973_3_2f5abc6e-af04-472b-ae14-63e174af2cc4_vocals.mp3,1973_3_2f5abc6e-af04-472b-ae14-63e174af2cc4_vocals.mp3,Roberta Flack,Killing Me Softly with His Song,skipped,/home/data/kevinzhang/research/fractal_analysis/results/audio_melody_f0/cache/clean_contours/suno_v4_5_1973_03.npz,19.52798185941043,0.799289970838088,,too_short,,,
suno_v4_5_1964_04,suno_v4_5,1964,04,/home/data/kevinzhang/research/fractal_analysis/audio_data/suno_v4_5/vocals/batch_1/1964_4_1919108b-f0ea-4d9a-91a5-b9a7e403337a_vocals.mp3,1964_4_1919108b-f0ea-4d9a-91a5-b9a7e403337a_vocals.mp3,Roy Orbison,"Oh, Pretty Woman",success,/home/data/kevinzhang/research/fractal_analysis/results/audio_melody_f0/cache/clean_contours/suno_v4_5_1964_04.npz,31.37015873015873,0.5089078233927188,0.7949666913397483,,0.24075439447557428,0.09506057781919851,0.004659832246039142
suno_v4_5_1952_02,suno_v4_5,1952,02,/home/data/kevinzhang/research/fractal_analysis/audio_data/suno_v4_5/vocals/batch_1/1952_2_8af5be62-e067-46aa-829b-0926eda2f350_vocals.mp3,1952_2_8af5be62-e067-46aa-829b-0926eda2f350_vocals.mp3,Kay Starr,Wheel of Fortune,success,/home/data/kevinzhang/research/fractal_analysis/results/audio_melody_f0/cache/clean_contours/suno_v4_5_1952_02.npz,105.53469387755102,0.8839267953053511,0.9071507150715071,,0.6860828109301793,0.045608927704997575,0.000727802037845706
suno_v4_5_1952_05,suno_v4_5,1952,05,/home/data/kevinzhang/research/fractal_analysis/audio_data/suno_v4_5/vocals/batch_1/1952_5_1afefea5-183f-41b7-aa8d-5c6ecd9df85a_vocals.mp3,1952_5_1afefea5-183f-41b7-aa8d-5c6ecd9df85a_vocals.mp3,Vera Lynn,Auf Wiederseh’n Sweetheart,success,/home/data/kevinzhang/research/fractal_analysis/results/audio_melody_f0/cache/clean_contours/suno_v4_5_1952_05.npz,90.9990022675737,0.911504424778761,0.9288083694820107,,0.8266685594724995,0.020884858477603737,0.0010992030777686177
billboard_2006_04,billboard,2006,04,/home/data/kevinzhang/research/fractal_analysis/audio_data/billboard/vocals/full_duration/2006_4_James Blunt_You're Beautiful_vocals.mp3,2006_4_James Blunt_You're Beautiful_vocals.mp3,James Blunt,You're Beautiful,skipped,/home/data/kevinzhang/research/fractal_analysis/results/audio_melody_f0/cache/clean_contours/billboard_2006_04.npz,22.03573696145125,0.7269186230129487,,too_short,,,
suno_v4_5_1973_04,suno_v4_5,1973,04,/home/data/kevinzhang/research/fractal_analysis/audio_data/suno_v4_5/vocals/batch_1/1973_4_663f9d3c-add1-416e-aeb6-bc15da239d8e_vocals.mp3,1973_4_663f9d3c-add1-416e-aeb6-bc15da239d8e_vocals.mp3,Marvin Gaye,Let's Get It On,success,/home/data/kevinzhang/research/fractal_analysis/results/audio_melody_f0/cache/clean_contours/suno_v4_5_1973_04.npz,76.02213151927438,0.7853122136405288,0.9098961514966402,,0.6159498854580682,0.06682337139019476,0.0
suno_v4_5_1971_03b,suno_v4_5,1971,03b,/home/data/kevinzhang/research/fractal_analysis/audio_data/suno_v4_5/vocals/batch_1/1971_3b_4b3c3651-b364-4cf0-aa4f-3749737f7b65_vocals.mp3,1971_3b_4b3c3651-b364-4cf0-aa4f-3749737f7b65_vocals.mp3,Carole King,It's Too Late,success,/home/data/kevinzhang/research/fractal_analysis/results/audio_melody_f0/cache/clean_contours/suno_v4_5_1971_03b.npz,43.25877551020408,0.7986584561249175,0.8497047772410091,,0.825767769039836,0.04361567635903919,0.0050568900126422255
suno_v4_5_1960_04,suno_v4_5,1960,04,/home/data/kevinzhang/research/fractal_analysis/audio_data/suno_v4_5/vocals/batch_1/1960_4_11c80f52-5efe-4f84-bf5f-69a9c35ec12a_vocals.mp3,1960_4_11c80f52-5efe-4f84-bf5f-69a9c35ec12a_vocals.mp3,Johnny Preston,Running Bear,success,/home/data/kevinzhang/research/fractal_analysis/results/audio_melody_f0/cache/clean_contours/suno_v4_5_1960_04.npz,39.288163265306125,0.6372830394970617,0.8540189125295509,,0.4849868077159113,0.07063711911357341,0.004155124653739612
suno_v4_5_1970_04,suno_v4_5,1970,04,/home/data/kevinzhang/research/fractal_analysis/audio_data/suno_v4_5/vocals/batch_1/1970_4_5aa224a1-3358-45a7-8014-b5d750d4a3b7_vocals.mp3,1970_4_5aa224a1-3358-45a7-8014-b5d750d4a3b7_vocals.mp3,B.J. Thomas,Raindrops Keep Fallin' on My Head,success,/home/data/kevinzhang/research/fractal_analysis/results/audio_melody_f0/cache/clean_contours/suno_v4_5_1970_04.npz,41.21541950113379,0.7192502106149958,0.6946478873239437,,0.8266685594724996,0.04788961038961039,0.0016233766233766235
suno_v4_5_1976_05,suno_v4_5,1976,05,/home/data/kevinzhang/research/fractal_analysis/audio_data/suno_v4_5/vocals/batch_1/1976_5_e9a9f881-08f6-4e80-8787-bdecf4d6be54_vocals.mp3,1976_5_e9a9f881-08f6-4e80-8787-bdecf4d6be54_vocals.mp3,Wild Cherry,Play That Funky Music,skipped,/home/data/kevinzhang/research/fractal_analysis/results/audio_melody_f0/cache/clean_contours/suno_v4_5_1976_05.npz,20.085260770975058,0.45199501246882795,,too_short,,,
suno_v4_5_1972_04,suno_v4_5,1972,04,/home/data/kevinzhang/research/fractal_analysis/audio_data/suno_v4_5/vocals/batch_1/1972_4_3e0cc9f9-478f-489b-99b6-67f6e3ea64fa_vocals.mp3,1972_4_3e0cc9f9-478f-489b-99b6-67f6e3ea64fa_vocals.mp3,Harry Nilsson,Without You,success,/home/data/kevinzhang/research/fractal_analysis/results/audio_melody_f0/cache/clean_contours/suno_v4_5_1972_04.npz,80.38748299319728,0.8549841579332196,0.9067013287117274,,0.8911444948731203,0.035691523263224986,0.0019120458891013384
suno_v4_5_1965_02,suno_v4_5,1965,02,/home/data/kevinzhang/research/fractal_analysis/audio_data/suno_v4_5/vocals/batch_1/1965_2_5132107b-4538-43a0-86f4-57a2fdd6b19e_vocals.mp3,1965_2_5132107b-4538-43a0-86f4-57a2fdd6b19e_vocals.mp3,Four Tops,I Can't Help Myself (Sugar Pie Honey Bunch),success,/home/data/kevinzhang/research/fractal_analysis/results/audio_melody_f0/cache/clean_contours/suno_v4_5_1965_02.npz,53.289795918367346,0.7730077810571505,0.779520697167756,,0.3721358982975087,0.08333333333333333,0.0039149888143176735
suno_v4_5_1960_05,suno_v4_5,1960,05,/home/data/kevinzhang/research/fractal_analysis/audio_data/suno_v4_5/vocals/batch_1/1960_5_0b46107c-f6fd-4842-b55b-8ae1fa8dc5fb_vocals.mp3,1960_5_0b46107c-f6fd-4842-b55b-8ae1fa8dc5fb_vocals.mp3,Mark Dinning,Teen Angel,success,/home/data/kevinzhang/research/fractal_analysis/results/audio_melody_f0/cache/clean_contours/suno_v4_5_1960_05.npz,41.40117913832199,0.733829421866056,0.7027481772293886,,0.48498680771591135,0.0463258785942492,0.0
suno_v4_5_1967_01,suno_v4_5,1967,01,/home/data/kevinzhang/research/fractal_analysis/audio_data/suno_v4_5/vocals/batch_1/1967_1_35ba81ab-9a9d-47c9-a6c8-500eb41bfe93_vocals.mp3,1967_1_35ba81ab-9a9d-47c9-a6c8-500eb41bfe93_vocals.mp3,Lulu,To Sir With Love,success,/home/data/kevinzhang/research/fractal_analysis/results/audio_melody_f0/cache/clean_contours/suno_v4_5_1967_01.npz,156.82757369614512,0.8885245901639345,0.938554930411608,,0.8266685594724995,0.03834017040075734,0.0012622278321236984
suno_v4_5_1964_01,suno_v4_5,1964,01,/home/data/kevinzhang/research/fractal_analysis/audio_data/suno_v4_5/vocals/batch_1/1964_1_2259ac98-0878-4639-a66b-d5d7482a8638_vocals.mp3,1964_1_2259ac98-0878-4639-a66b-d5d7482a8638_vocals.mp3,The Beatles,I Want to Hold Your Hand,success,/home/data/kevinzhang/research/fractal_analysis/results/audio_melody_f0/cache/clean_contours/suno_v4_5_1964_01.npz,56.099410430839,0.8123120746953632,0.8791390728476821,,0.1504646013433388,0.055581723975506356,0.00800753650494583
suno_v4_5_1974_02,suno_v4_5,1974,02,/home/data/kevinzhang/research/fractal_analysis/audio_data/suno_v4_5/vocals/batch_1/1974_2_b2927787-53ee-4994-afe0-01a4ee1d2a52_vocals.mp3,1974_2_b2927787-53ee-4994-afe0-01a4ee1d2a52_vocals.mp3,Terry Jacks,Seasons in the Sun,success,/home/data/kevinzhang/research/fractal_analysis/results/audio_melody_f0/cache/clean_contours/suno_v4_5_1974_02.npz,48.90122448979592,0.7539073210858239,0.8200379867046533,,0.42606232904328145,0.05272305909617613,0.004634994206257242
suno_v4_5_1973_02,suno_v4_5,1973,02,/home/data/kevinzhang/research/fractal_analysis/audio_data/suno_v4_5/vocals/batch_1/1973_2_075cec61-85a2-4f43-a181-bcfe36afaa23_vocals.mp3,1973_2_075cec61-85a2-4f43-a181-bcfe36afaa23_vocals.mp3,Jim Croce,"Bad, Bad Leroy Brown",skipped,/home/data/kevinzhang/research/fractal_analysis/results/audio_melody_f0/cache/clean_contours/suno_v4_5_1973_02.npz,22.407256235827663,0.48724197247706424,,too_short,,,
suno_v4_5_1965_03,suno_v4_5,1965,03,/home/data/kevinzhang/research/fractal_analysis/audio_data/suno_v4_5/vocals/batch_1/1965_3_6df3d851-7fa9-44cc-a97f-7097d668ca98_vocals.mp3,1965_3_6df3d851-7fa9-44cc-a97f-7097d668ca98_vocals.mp3,The Rolling Stones,(I Can't Get No) Satisfaction,skipped,/home/data/kevinzhang/research/fractal_analysis/results/audio_melody_f0/cache/clean_contours/suno_v4_5_1965_03.npz,17.159546485260773,0.5877365446055542,,too_short,,,
suno_v4_5_1961_02,suno_v4_5,1961,02,/home/data/kevinzhang/research/fractal_analysis/audio_data/suno_v4_5/vocals/batch_1/1961_2_d5291a00-e0a4-4368-9441-3a28e8704b3a_vocals.mp3,1961_2_d5291a00-e0a4-4368-9441-3a28e8704b3a_vocals.mp3,Patsy Cline and The Jordanaires,I Fall to Pieces,success,/home/data/kevinzhang/research/fractal_analysis/results/audio_melody_f0/cache/clean_contours/suno_v4_5_1961_02.npz,40.170521541950116,0.6979672131147541,0.6265895953757226,,0.7571601330199094,0.0729455216989843,0.0
suno_v4_5_1959_04,suno_v4_5,1959,04,/home/data/kevinzhang/research/fractal_analysis/audio_data/suno_v4_5/vocals/batch_1/1959_4_57475b64-a16a-4349-8d42-362a51376fb8_vocals.mp3,1959_4_57475b64-a16a-4349-8d42-362a51376fb8_vocals.mp3,Frankie Avalon,Venus,success,/home/data/kevinzhang/research/fractal_analysis/results/audio_melody_f0/cache/clean_contours/suno_v4_5_1959_04.npz,91.83492063492064,0.9064299424184261,0.9509481668773704,,0.5485250542599844,0.04521276595744681,0.0010638297872340426
suno_v4_5_1975_01,suno_v4_5,1975,01,/home/data/kevinzhang/research/fractal_analysis/audio_data/suno_v4_5/vocals/batch_1/1975_1_89897fe0-15a3-495e-a4c3-558ad415fa74_vocals.mp3,1975_1_89897fe0-15a3-495e-a4c3-558ad415fa74_vocals.mp3,Captain & Tennille,Love Will Keep Us Together,success,/home/data/kevinzhang/research/fractal_analysis/results/audio_melody_f0/cache/clean_contours/suno_v4_5_1975_01.npz,36.29278911564626,0.6720743205768164,0.8246960972488804,,0.20650679911775224,0.05512422360248447,0.010869565217391304
suno_v4_5_1967_05,suno_v4_5,1967,05,/home/data/kevinzhang/research/fractal_analysis/audio_data/suno_v4_5/vocals/batch_1/1967_5_2a35a9fa-5adb-4cfd-a8d4-8e8775ce7d6b_vocals.mp3,1967_5_2a35a9fa-5adb-4cfd-a8d4-8e8775ce7d6b_vocals.mp3,The Monkees,I'm a Believer,success,/home/data/kevinzhang/research/fractal_analysis/results/audio_melody_f0/cache/clean_contours/suno_v4_5_1967_05.npz,34.76027210884354,0.7820325796255775,0.8323313293253173,,0.42606232904328145,0.06506024096385542,0.00642570281124498
suno_v4_5_1975_04,suno_v4_5,1975,04,/home/data/kevinzhang/research/fractal_analysis/audio_data/suno_v4_5/vocals/batch_1/1975_4_16b42242-81e7-47aa-96e2-469832662062_vocals.mp3,1975_4_16b42242-81e7-47aa-96e2-469832662062_vocals.mp3,Freddy Fender,Before the Next Teardrop Falls,success,/home/data/kevinzhang/research/fractal_analysis/results/audio_melody_f0/cache/clean_contours/suno_v4_5_1975_04.npz,46.69532879818594,0.6480799579168859,0.7662854301342615,,0.32333605839064083,0.06233766233766234,0.003246753246753247
suno_v4_5_1966_04,suno_v4_5,1966,04,/home/data/kevinzhang/research/fractal_analysis/audio_data/suno_v4_5/vocals/batch_1/1966_4_cb189a24-4baa-4b05-8343-06b21a8e494a_vocals.mp3,1966_4_cb189a24-4baa-4b05-8343-06b21a8e494a_vocals.mp3,The Monkees,Last Train to Clarksville,success,/home/data/kevinzhang/research/fractal_analysis/results/audio_melody_f0/cache/clean_contours/suno_v4_5_1966_04.npz,32.64725623582766,0.5571847507331378,0.7112375533428165,,0.06608151270920701,0.0960960960960961,0.009009009009009009
suno_v4_5_1964_02,suno_v4_5,1964,02,/home/data/kevinzhang/research/fractal_analysis/audio_data/suno_v4_5/vocals/batch_1/1964_2_9f7ba761-1a78-44db-8e23-9b8a9fe0d4f0_vocals.mp3,1964_2_9f7ba761-1a78-44db-8e23-9b8a9fe0d4f0_vocals.mp3,The Beatles,She Loves You,skipped,/home/data/kevinzhang/research/fractal_analysis/results/audio_melody_f0/cache/clean_contours/suno_v4_5_1964_02.npz,17.647165532879818,0.45784931961500164,,too_short,,,
suno_v4_5_1954_01,suno_v4_5,1954,01,/home/data/kevinzhang/research/fractal_analysis/audio_data/suno_v4_5/vocals/batch_1/1954_1_2fc020eb-6dc9-4dc3-9921-15b728b39e09_vocals.mp3,1954_1_2fc020eb-6dc9-4dc3-9921-15b728b39e09_vocals.mp3,Kitty Kallen,Little Things Mean a Lot,success,/home/data/kevinzhang/research/fractal_analysis/results/audio_melody_f0/cache/clean_contours/suno_v4_5_1954_01.npz,161.12326530612245,0.9367601928978518,0.9469664216745929,,0.7571601330199094,0.03333333333333333,0.00045662100456621003
suno_v4_5_1972_01,suno_v4_5,1972,01,/home/data/kevinzhang/research/fractal_analysis/audio_data/suno_v4_5/vocals/batch_1/1972_1_29cb510d-3446-4bcb-8c8c-c1f41e4e409f_vocals.mp3,1972_1_29cb510d-3446-4bcb-8c8c-c1f41e4e409f_vocals.mp3,Roberta Flack,The First Time Ever I Saw Your Face,success,/home/data/kevinzhang/research/fractal_analysis/results/audio_melody_f0/cache/clean_contours/suno_v4_5_1972_01.npz,101.26222222222222,0.8548544214741856,0.9101123595505618,,0.9459302094659091,0.02721774193548387,0.003276209677419355
billboard_2010_03,billboard,2010,03,"/home/data/kevinzhang/research/fractal_analysis/audio_data/billboard/vocals/full_duration/2010_3_Train_Hey, Soul Sister_vocals.mp3","2010_3_Train_Hey, Soul Sister_vocals.mp3",Train,"Hey, Soul Sister",success,/home/data/kevinzhang/research/fractal_analysis/results/audio_melody_f0/cache/clean_contours/billboard_2010_03.npz,109.50530612244899,0.816123865456487,0.8702290076335878,,0.6159498854580681,0.0658055081647575,0.0014623446258835
suno_v4_5_1960_01,suno_v4_5,1960,01,/home/data/kevinzhang/research/fractal_analysis/audio_data/suno_v4_5/vocals/batch_1/1960_1_3a0204ea-9035-45b2-a184-88299ec68a6b_vocals.mp3,1960_1_3a0204ea-9035-45b2-a184-88299ec68a6b_vocals.mp3,Percy Faith,The Theme from 'A Summer Place',skipped,/home/data/kevinzhang/research/fractal_analysis/results/audio_melody_f0/cache/clean_contours/suno_v4_5_1960_01.npz,14.698231292517008,0.48134481344813446,,too_short,,,
suno_v4_5_1974_01,suno_v4_5,1974,01,/home/data/kevinzhang/research/fractal_analysis/audio_data/suno_v4_5/vocals/batch_1/1974_1_01435251-c39a-4cd8-839b-12f9966d949c_vocals.mp3,1974_1_01435251-c39a-4cd8-839b-12f9966d949c_vocals.mp3,Barbara Streisand,The Way We Were,success,/home/data/kevinzhang/research/fractal_analysis/results/audio_melody_f0/cache/clean_contours/suno_v4_5_1974_01.npz,143.10458049886623,0.7719586660403945,0.9381794580561414,,0.8911444948731202,0.028195813873032348,0.0006919218128351496
suno_v4_5_1971_02a,suno_v4_5,1971,02a,/home/data/kevinzhang/research/fractal_analysis/audio_data/suno_v4_5/vocals/batch_1/1971_2a_16773111-4bc0-46a5-84c3-22116b9e64b2_vocals.mp3,1971_2a_16773111-4bc0-46a5-84c3-22116b9e64b2_vocals.mp3,Rod Stewart,Maggie May,success,/home/data/kevinzhang/research/fractal_analysis/results/audio_melody_f0/cache/clean_contours/suno_v4_5_1971_02a.npz,70.05460317460317,0.7298241387617441,0.8813390785548558,,0.5485250542599844,0.05906696764484575,0.0030097817908201654
suno_v4_5_1970_05,suno_v4_5,1970,05,/home/data/kevinzhang/research/fractal_analysis/audio_data/suno_v4_5/vocals/batch_1/1970_5_1cf89559-1a45-402a-b73d-1867df60383d_vocals.mp3,1970_5_1cf89559-1a45-402a-b73d-1867df60383d_vocals.mp3,Edwin Starr,War,skipped,/home/data/kevinzhang/research/fractal_analysis/results/audio_melody_f0/cache/clean_contours/suno_v4_5_1970_05.npz,20.54965986394558,0.6268171711989055,,too_short,,,
suno_v4_5_1975_05,suno_v4_5,1975,05,/home/data/kevinzhang/research/fractal_analysis/audio_data/suno_v4_5/vocals/batch_1/1975_5_417cda7a-fc83-44a0-a346-65f333d174e5_vocals.mp3,1975_5_417cda7a-fc83-44a0-a346-65f333d174e5_vocals.mp3,Frankie Valli,My Eyes Adored You,success,/home/data/kevinzhang/research/fractal_analysis/results/audio_melody_f0/cache/clean_contours/suno_v4_5_1975_05.npz,162.53968253968253,0.8883875248838753,0.929,,0.8266685594724995,0.03014457090126115,0.002306982466933251
suno_v4_5_1976_02,suno_v4_5,1976,02,/home/data/kevinzhang/research/fractal_analysis/audio_data/suno_v4_5/vocals/batch_1/1976_2_74ef81c7-3886-4263-bd46-f6c59200bcae_vocals.mp3,1976_2_74ef81c7-3886-4263-bd46-f6c59200bcae_vocals.mp3,Elton John and Kiki Dee,Don't Go Breaking My Heart,success,/home/data/kevinzhang/research/fractal_analysis/results/audio_melody_f0/cache/clean_contours/suno_v4_5_1976_02.npz,146.12317460317462,0.7388807265927608,0.8509454949944383,,0.42606232904328145,0.05696675382891296,0.0035487485991781845
suno_v4_5_1962_02,suno_v4_5,1962,02,/home/data/kevinzhang/research/fractal_analysis/audio_data/suno_v4_5/vocals/batch_1/1962_2_0114c852-cca6-4b07-a2b2-fa21442cbd21_vocals.mp3,1962_2_0114c852-cca6-4b07-a2b2-fa21442cbd21_vocals.mp3,Ray Charles,I Can't Stop Loving You,success,/home/data/kevinzhang/research/fractal_analysis/results/audio_melody_f0/cache/clean_contours/suno_v4_5_1962_02.npz,47.78666666666667,0.8382279116465864,0.9582118561710399,,0.6860828109301792,0.045662100456621,0.0025367833587011668
suno_v4_5_1972_02,suno_v4_5,1972,02,/home/data/kevinzhang/research/fractal_analysis/audio_data/suno_v4_5/vocals/batch_1/1972_2_1b7c17b3-8d44-4470-8aa1-8e3e12afe2bf_vocals.mp3,1972_2_1b7c17b3-8d44-4470-8aa1-8e3e12afe2bf_vocals.mp3,Gilbert O'Sullivan,Alone Again (Naturally),success,/home/data/kevinzhang/research/fractal_analysis/results/audio_melody_f0/cache/clean_contours/suno_v4_5_1972_02.npz,41.02965986394558,0.8850866075200676,0.9066213921901528,,0.7571601330199094,0.04122423485321674,0.0012492192379762648
suno_v4_5_1975_03,suno_v4_5,1975,03,/home/data/kevinzhang/research/fractal_analysis/audio_data/suno_v4_5/vocals/batch_1/1975_3_3ca113bf-f651-4a3b-8020-257944bc424e_vocals.mp3,1975_3_3ca113bf-f651-4a3b-8020-257944bc424e_vocals.mp3,Elton John,Philadelphia Freedom,success,/home/data/kevinzhang/research/fractal_analysis/results/audio_melody_f0/cache/clean_contours/suno_v4_5_1975_03.npz,38.42902494331066,0.8167315663861324,0.8435045317220544,,0.37213589829750865,0.06666666666666667,0.011469534050179211
billboard_2015_02,billboard,2015,02,/home/data/kevinzhang/research/fractal_analysis/audio_data/billboard/vocals/full_duration/2015_2_Ed Sheeran_Thinking Out Loud_vocals.mp3,2015_2_Ed Sheeran_Thinking Out Loud_vocals.mp3,Ed Sheeran,Thinking Out Loud,success,/home/data/kevinzhang/research/fractal_analysis/results/audio_melody_f0/cache/clean_contours/billboard_2015_02.npz,49.80680272108844,0.7188478396994364,0.8009324009324009,,0.3233360583906408,0.0553290623179965,0.006988934187536401
suno_v4_5_1978_02,suno_v4_5,1978,02,/home/data/kevinzhang/research/fractal_analysis/audio_data/suno_v4_5/vocals/batch_1/1978_2_089efb59-505c-4359-89db-ae54925e49c6_vocals.mp3,1978_2_089efb59-505c-4359-89db-ae54925e49c6_vocals.mp3,Bee Gees,Night Fever,success,/home/data/kevinzhang/research/fractal_analysis/results/audio_melody_f0/cache/clean_contours/suno_v4_5_1978_02.npz,38.89342403628118,0.7029584021624868,0.8794029850746269,,0.5485250542599845,0.059782608695652176,0.004076086956521739
suno_v4_5_1963_03,suno_v4_5,1963,03,/home/data/kevinzhang/research/fractal_analysis/audio_data/suno_v4_5/vocals/batch_1/1963_3_aa2f4f6c-5d53-4442-a084-aed26defc8a9_vocals.mp3,1963_3_aa2f4f6c-5d53-4442-a084-aed26defc8a9_vocals.mp3,The Cascades,Rhythm of the Rain,success,/home/data/kevinzhang/research/fractal_analysis/results/audio_melody_f0/cache/clean_contours/suno_v4_5_1963_03.npz,44.55909297052154,0.8535754824063564,0.9260031266284523,,0.8266685594724995,0.03490990990990991,0.0
suno_v4_5_1969_01,suno_v4_5,1969,01,/home/data/kevinzhang/research/fractal_analysis/audio_data/suno_v4_5/vocals/batch_1/1969_1_23795450-a17d-4322-b766-3dc5842c4eca_vocals.mp3,1969_1_23795450-a17d-4322-b766-3dc5842c4eca_vocals.mp3,The Archies,"Sugar, Sugar",success,/home/data/kevinzhang/research/fractal_analysis/results/audio_melody_f0/cache/clean_contours/suno_v4_5_1969_01.npz,118.72362811791383,0.8674052894924946,0.8883238803051047,,0.7571601330199093,0.053732658004844745,0.0008808632459810614
billboard_2014_05,billboard,2014,05,/home/data/kevinzhang/research/fractal_analysis/audio_data/billboard/vocals/full_duration/2014_5_OneRepublic_Counting Stars_vocals.mp3,2014_5_OneRepublic_Counting Stars_vocals.mp3,OneRepublic,Counting Stars,success,/home/data/kevinzhang/research/fractal_analysis/results/audio_melody_f0/cache/clean_contours/billboard_2014_05.npz,57.95700680272109,0.7617719442165709,0.8822115384615384,,0.056071395445892624,0.07632894139027714,0.003634711494775102
billboard_2015_05,billboard,2015,05,/home/data/kevinzhang/research/fractal_analysis/audio_data/billboard/vocals/full_duration/2015_5_Maroon 5_Sugar_vocals.mp3,2015_5_Maroon 5_Sugar_vocals.mp3,Maroon 5,Sugar,success,/home/data/kevinzhang/research/fractal_analysis/results/audio_melody_f0/cache/clean_contours/billboard_2015_05.npz,36.432108843537414,0.6028969874412512,0.781389420012747,,0.15046460134333883,0.08816326530612245,0.005714285714285714
suno_v4_5_1962_04,suno_v4_5,1962,04,/home/data/kevinzhang/research/fractal_analysis/audio_data/suno_v4_5/vocals/batch_1/1962_4_a5a06e15-0529-4653-9b8b-fdc8f92308c0_vocals.mp3,1962_4_a5a06e15-0529-4653-9b8b-fdc8f92308c0_vocals.mp3,Bobby Vinton,Roses Are Red (My Love),success,/home/data/kevinzhang/research/fractal_analysis/results/audio_melody_f0/cache/clean_contours/suno_v4_5_1962_04.npz,65.41061224489796,0.8166279228770682,0.9140930067447639,,0.6860828109301792,0.03885003885003885,0.0003885003885003885
suno_v4_5_1975_02,suno_v4_5,1975,02,/home/data/kevinzhang/research/fractal_analysis/audio_data/suno_v4_5/vocals/batch_1/1975_2_541ed4f7-7a0a-47e6-8216-0d1cab11fde4_vocals.mp3,1975_2_541ed4f7-7a0a-47e6-8216-0d1cab11fde4_vocals.mp3,Glen Campbell,Rhinestone Cowboy,skipped,/home/data/kevinzhang/research/fractal_analysis/results/audio_melody_f0/cache/clean_contours/suno_v4_5_1975_02.npz,27.05124716553288,0.6843690728550709,,too_short,,,
suno_v4_5_1978_04,suno_v4_5,1978,04,/home/data/kevinzhang/research/fractal_analysis/audio_data/suno_v4_5/vocals/batch_1/1978_4_8d522d6f-2f9b-4339-8828-a610d8b7d74a_vocals.mp3,1978_4_8d522d6f-2f9b-4339-8828-a610d8b7d74a_vocals.mp3,Bee Gees,Stayin Alive,success,/home/data/kevinzhang/research/fractal_analysis/results/audio_melody_f0/cache/clean_contours/suno_v4_5_1978_04.npz,44.74485260770975,0.6950271380372598,0.779449922158796,,0.24075439447557428,0.08794137241838774,0.012658227848101266
suno_v4_5_1976_04,suno_v4_5,1976,04,/home/data/kevinzhang/research/fractal_analysis/audio_data/suno_v4_5/vocals/batch_1/1976_4_1daf8a59-52ac-4059-a014-886333101650_vocals.mp3,1976_4_1daf8a59-52ac-4059-a014-886333101650_vocals.mp3,The Four Seasons,"December, 1963 (Oh, What a Night)",success,/home/data/kevinzhang/research/fractal_analysis/results/audio_melody_f0/cache/clean_contours/suno_v4_5_1976_04.npz,37.40734693877551,0.6712823600240819,0.8795779019242707,,0.6159498854580678,0.05649717514124294,0.0035310734463276836
suno_v4_5_1963_02,suno_v4_5,1963,02,/home/data/kevinzhang/research/fractal_analysis/audio_data/suno_v4_5/vocals/batch_1/1963_2_4b2f29a8-b27c-4cb4-970b-223722659985_vocals.mp3,1963_2_4b2f29a8-b27c-4cb4-970b-223722659985_vocals.mp3,Skeeter Davis,The End of the World,success,/home/data/kevinzhang/research/fractal_analysis/results/audio_melody_f0/cache/clean_contours/suno_v4_5_1963_02.npz,177.40045351473924,0.926444387884958,0.9397905759162304,,0.8266685594724994,0.025491015461763477,0.0009750661652040675
suno_v4_5_1976_01,suno_v4_5,1976,01,/home/data/kevinzhang/research/fractal_analysis/audio_data/suno_v4_5/vocals/batch_1/1976_1_57a8bbac-f16d-409c-8d42-505ef6671670_vocals.mp3,1976_1_57a8bbac-f16d-409c-8d42-505ef6671670_vocals.mp3,Wings,Silly Love Songs,skipped,/home/data/kevinzhang/research/fractal_analysis/results/audio_melody_f0/cache/clean_contours/suno_v4_5_1976_01.npz,30.209160997732425,0.6045930509281294,,low_region_voiced_coverage,,,
suno_v4_5_1977_03,suno_v4_5,1977,03,/home/data/kevinzhang/research/fractal_analysis/audio_data/suno_v4_5/vocals/batch_1/1977_3_2696d36a-919b-4404-afd4-c831bcf5018b_vocals.mp3,1977_3_2696d36a-919b-4404-afd4-c831bcf5018b_vocals.mp3,The Emotions,Best of My Love,success,/home/data/kevinzhang/research/fractal_analysis/results/audio_melody_f0/cache/clean_contours/suno_v4_5_1977_03.npz,36.57142857142857,0.5684726381704329,0.7904761904761904,,0.37213589829750876,0.058681672025723476,0.008842443729903537
suno_v4_5_1966_02,suno_v4_5,1966,02,/home/data/kevinzhang/research/fractal_analysis/audio_data/suno_v4_5/vocals/batch_1/1966_2_3998da19-b0b7-4148-b621-60fd338a69b1_vocals.mp3,1966_2_3998da19-b0b7-4148-b621-60fd338a69b1_vocals.mp3,? and the Mysterians,96 Tears,success,/home/data/kevinzhang/research/fractal_analysis/results/audio_melody_f0/cache/clean_contours/suno_v4_5_1966_02.npz,43.119455782312926,0.6903525553429899,0.7560581583198708,,0.17653060863289757,0.06771204561653599,0.01639344262295082
suno_v4_5_1977_05,suno_v4_5,1977,05,/home/data/kevinzhang/research/fractal_analysis/audio_data/suno_v4_5/vocals/batch_1/1977_5_1d3850a5-db1f-4870-9e5b-dbb5990448d0_vocals.mp3,1977_5_1d3850a5-db1f-4870-9e5b-dbb5990448d0_vocals.mp3,Hot,Angel in Your Arms,skipped,/home/data/kevinzhang/research/fractal_analysis/results/audio_melody_f0/cache/clean_contours/suno_v4_5_1977_05.npz,28.699863945578233,0.7014435695538058,,too_short,,,
suno_v4_5_1977_01,suno_v4_5,1977,01,/home/data/kevinzhang/research/fractal_analysis/audio_data/suno_v4_5/vocals/batch_1/1977_1_c466fd97-da4e-4a80-a4a1-bf6f8975a289_vocals.mp3,1977_1_c466fd97-da4e-4a80-a4a1-bf6f8975a289_vocals.mp3,Rod Stewart,Tonight's the Night (Gonna Be Alright),skipped,/home/data/kevinzhang/research/fractal_analysis/results/audio_melody_f0/cache/clean_contours/suno_v4_5_1977_01.npz,27.16734693877551,0.6423778693349029,,too_short,,,
suno_v4_5_1977_02,suno_v4_5,1977,02,/home/data/kevinzhang/research/fractal_analysis/audio_data/suno_v4_5/vocals/batch_1/1977_2_a28af4f2-d1dd-4e74-9870-7af6fbafa36c_vocals.mp3,1977_2_a28af4f2-d1dd-4e74-9870-7af6fbafa36c_vocals.mp3,Andy Gibb,I Just Want To Be Your Everything,success,/home/data/kevinzhang/research/fractal_analysis/results/audio_melody_f0/cache/clean_contours/suno_v4_5_1977_02.npz,165.92979591836735,0.9208480565371024,0.9499020431010355,,0.5485250542599845,0.05657875349933697,0.0033888315898040373
suno_v4_5_1957_02,suno_v4_5,1957,02,/home/data/kevinzhang/research/fractal_analysis/audio_data/suno_v4_5/vocals/batch_1/1957_2_140985ec-5eea-4b53-bb8b-46dd9e160913_vocals.mp3,1957_2_140985ec-5eea-4b53-bb8b-46dd9e160913_vocals.mp3,Pat Boone,Love Letters in the Sand,success,/home/data/kevinzhang/research/fractal_analysis/results/audio_melody_f0/cache/clean_contours/suno_v4_5_1957_02.npz,99.03310657596371,0.9136624988591768,0.9383352872215709,,0.6860828109301792,0.0379905023744064,0.0007498125468632841
suno_v4_5_1976_03,suno_v4_5,1976,03,/home/data/kevinzhang/research/fractal_analysis/audio_data/suno_v4_5/vocals/batch_1/1976_3_6a6e3a9e-9b87-4172-88c1-3d4a8bf5a31b_vocals.mp3,1976_3_6a6e3a9e-9b87-4172-88c1-3d4a8bf5a31b_vocals.mp3,Johnnie Taylor,Disco Lady,success,/home/data/kevinzhang/research/fractal_analysis/results/audio_melody_f0/cache/clean_contours/suno_v4_5_1976_03.npz,49.83002267573696,0.8113044418026586,0.902143522833178,,0.615949885458068,0.03824289405684755,0.0036175710594315244
suno_v4_5_1961_04,suno_v4_5,1961,04,/home/data/kevinzhang/research/fractal_analysis/audio_data/suno_v4_5/vocals/batch_1/1961_4_82863157-18fe-4a29-8324-0a3357cbd963_vocals.mp3,1961_4_82863157-18fe-4a29-8324-0a3357cbd963_vocals.mp3,Roy Orbison,Crying,success,/home/data/kevinzhang/research/fractal_analysis/results/audio_melody_f0/cache/clean_contours/suno_v4_5_1961_04.npz,75.11655328798186,0.8912634807559118,0.9295208655332303,,0.5485250542599845,0.02761144377910845,0.00166333998669328
suno_v4_5_1978_05,suno_v4_5,1978,05,/home/data/kevinzhang/research/fractal_analysis/audio_data/suno_v4_5/vocals/batch_1/1978_5_75935b16-8614-4140-8bda-83fc78ed32de_vocals.mp3,1978_5_75935b16-8614-4140-8bda-83fc78ed32de_vocals.mp3,Exile,Kiss You All Over,success,/home/data/kevinzhang/research/fractal_analysis/results/audio_melody_f0/cache/clean_contours/suno_v4_5_1978_05.npz,63.738775510204086,0.8055213885472188,0.8819672131147541,,0.6159498854580681,0.049173553719008264,0.006198347107438017
suno_v4_5_1963_05,suno_v4_5,1963,05,/home/data/kevinzhang/research/fractal_analysis/audio_data/suno_v4_5/vocals/batch_1/1963_5_3b18c80b-c838-4c6d-999f-8c76f67e570e_vocals.mp3,1963_5_3b18c80b-c838-4c6d-999f-8c76f67e570e_vocals.mp3,Bobby Vinton,Blue Velvet,success,/home/data/kevinzhang/research/fractal_analysis/results/audio_melody_f0/cache/clean_contours/suno_v4_5_1963_05.npz,108.50684807256236,0.8540715829930339,0.9426492617162422,,0.48498680771591135,0.03814713896457766,0.001589464123524069
suno_v4_5_1978_03,suno_v4_5,1978,03,/home/data/kevinzhang/research/fractal_analysis/audio_data/suno_v4_5/vocals/batch_1/1978_3_546953c6-dc9f-4649-a250-fdb6aa2ac4a2_vocals.mp3,1978_3_546953c6-dc9f-4649-a250-fdb6aa2ac4a2_vocals.mp3,Debby Boone,You Light Up My Life,success,/home/data/kevinzhang/research/fractal_analysis/results/audio_melody_f0/cache/clean_contours/suno_v4_5_1978_03.npz,31.880997732426305,0.7890036994514606,0.8834668608885652,,0.8266685594724996,0.039603960396039604,0.0
billboard_2013_01,billboard,2013,01,/home/data/kevinzhang/research/fractal_analysis/audio_data/billboard/vocals/full_duration/2013_1_Macklemore and Ryan Lewis feat. Wanz_Thrift Shop_vocals.mp3,2013_1_Macklemore and Ryan Lewis feat. Wanz_Thrift Shop_vocals.mp3,Macklemore and Ryan Lewis feat. Wanz,Thrift Shop,skipped,/home/data/kevinzhang/research/fractal_analysis/results/audio_melody_f0/cache/clean_contours/billboard_2013_01.npz,28.37478458049887,0.5779331003494758,,too_short,,,
suno_v4_5_1970_02,suno_v4_5,1970,02,/home/data/kevinzhang/research/fractal_analysis/audio_data/suno_v4_5/vocals/batch_1/1970_2_08797dad-f38e-40cd-807b-658b5ed003bd_vocals.mp3,1970_2_08797dad-f38e-40cd-807b-658b5ed003bd_vocals.mp3,The Carpenters,(They Long To Be) Close To You,skipped,/home/data/kevinzhang/research/fractal_analysis/results/audio_melody_f0/cache/clean_contours/suno_v4_5_1970_02.npz,27.329886621315193,0.7654262275591487,,too_short,,,
suno_v4_5_1977_04,suno_v4_5,1977,04,/home/data/kevinzhang/research/fractal_analysis/audio_data/suno_v4_5/vocals/batch_1/1977_4_879f90e3-558c-4d9e-9002-c9bf158d2927_vocals.mp3,1977_4_879f90e3-558c-4d9e-9002-c9bf158d2927_vocals.mp3,Barbara Streisand,Evergreen (Love Theme from A Star Is Born),success,/home/data/kevinzhang/research/fractal_analysis/results/audio_melody_f0/cache/clean_contours/suno_v4_5_1977_04.npz,97.8488888888889,0.9141838260669504,0.9715234931181775,,0.8266685594724995,0.01832396774981676,0.0002443195699975568
billboard_2009_01,billboard,2009,01,/home/data/kevinzhang/research/fractal_analysis/audio_data/billboard/vocals/full_duration/2009_1_The Black Eyed Peas_Boom Boom Pow_vocals.mp3,2009_1_The Black Eyed Peas_Boom Boom Pow_vocals.mp3,The Black Eyed Peas,Boom Boom Pow,success,/home/data/kevinzhang/research/fractal_analysis/results/audio_melody_f0/cache/clean_contours/billboard_2009_01.npz,82.84879818594105,0.7966571243882168,0.8197869955156951,,0.06608151270920701,0.14158686730506156,0.004445964432284542
suno_v4_5_1969_04,suno_v4_5,1969,04,/home/data/kevinzhang/research/fractal_analysis/audio_data/suno_v4_5/vocals/batch_1/1969_4_1868834b-98c1-40dc-b1a6-e2e1630c989a_vocals.mp3,1969_4_1868834b-98c1-40dc-b1a6-e2e1630c989a_vocals.mp3,The Rolling Stones,Honky Tonk Women,success,/home/data/kevinzhang/research/fractal_analysis/results/audio_melody_f0/cache/clean_contours/suno_v4_5_1969_04.npz,44.58231292517007,0.6168755653185166,0.8765625,,0.1504646013433388,0.0980975029726516,0.004161712247324614
suno_v4_5_1979_01,suno_v4_5,1979,01,/home/data/kevinzhang/research/fractal_analysis/audio_data/suno_v4_5/vocals/batch_1/1979_1_53c00abc-1533-4748-a071-0ddc564f9a11_vocals.mp3,1979_1_53c00abc-1533-4748-a071-0ddc564f9a11_vocals.mp3,The Knack,My Sharona,success,/home/data/kevinzhang/research/fractal_analysis/results/audio_melody_f0/cache/clean_contours/suno_v4_5_1979_01.npz,34.969251700680275,0.7709820827158831,0.850597609561753,,0.24075439447557426,0.05390625,0.0109375
billboard_2010_04,billboard,2010,04,/home/data/kevinzhang/research/fractal_analysis/audio_data/billboard/vocals/full_duration/2010_4_Katy Perry feat. Snoop Dogg_California Gurls_vocals.mp3,2010_4_Katy Perry feat. Snoop Dogg_California Gurls_vocals.mp3,Katy Perry feat. Snoop Dogg,California Gurls,success,/home/data/kevinzhang/research/fractal_analysis/results/audio_melody_f0/cache/clean_contours/billboard_2010_04.npz,56.28517006802721,0.6394044665012407,0.7825907590759076,,0.32333605839064083,0.11023206751054852,0.012658227848101266
suno_v4_5_1983_01,suno_v4_5,1983,01,/home/data/kevinzhang/research/fractal_analysis/audio_data/suno_v4_5/vocals/batch_1/1983_1_0fdb5ce4-d38a-4dc2-a3ed-13e8c76d31b3_vocals.mp3,1983_1_0fdb5ce4-d38a-4dc2-a3ed-13e8c76d31b3_vocals.mp3,The Police,Every Breath You Take,success,/home/data/kevinzhang/research/fractal_analysis/results/audio_melody_f0/cache/clean_contours/suno_v4_5_1983_01.npz,30.162721088435376,0.5682240509689408,0.8198614318706697,,0.6159498854580681,0.039473684210526314,0.0
suno_v4_5_1980_04,suno_v4_5,1980,04,/home/data/kevinzhang/research/fractal_analysis/audio_data/suno_v4_5/vocals/batch_1/1980_4_70d15747-55fc-4854-93fb-4d66840c5ef8_vocals.mp3,1980_4_70d15747-55fc-4854-93fb-4d66840c5ef8_vocals.mp3,Michael Jackson,Rock with You,success,/home/data/kevinzhang/research/fractal_analysis/results/audio_melody_f0/cache/clean_contours/suno_v4_5_1980_04.npz,48.27428571428572,0.8115807400526397,0.8908128908128908,,0.8266685594724997,0.03403565640194489,0.002701242571582928
suno_v4_5_1990_04,suno_v4_5,1990,04,/home/data/kevinzhang/research/fractal_analysis/audio_data/suno_v4_5/vocals/batch_1/1990_4_604f8676-9386-4d40-b5b7-ff0dfae2f8f8_vocals.mp3,1990_4_604f8676-9386-4d40-b5b7-ff0dfae2f8f8_vocals.mp3,Bell Biv DeVoe,Poison,success,/home/data/kevinzhang/research/fractal_analysis/results/audio_melody_f0/cache/clean_contours/suno_v4_5_1990_04.npz,46.741768707483,0.7389433832386852,0.8385494287133631,,0.20650679911775227,0.08358032009484291,0.007113218731475993
suno_v4_5_1992_02,suno_v4_5,1992,02,/home/data/kevinzhang/research/fractal_analysis/audio_data/suno_v4_5/vocals/batch_1/1992_2_28336665-4f6a-4967-b2d3-5258ebbf4c5c_vocals.mp3,1992_2_28336665-4f6a-4967-b2d3-5258ebbf4c5c_vocals.mp3,Sir Mix-a-Lot,Baby Got Back,success,/home/data/kevinzhang/research/fractal_analysis/results/audio_melody_f0/cache/clean_contours/suno_v4_5_1992_02.npz,36.501768707482995,0.48061584121684287,0.5750636132315522,,0.047686993082531035,0.1406423034330011,0.0022148394241417496
suno_v4_5_1961_03,suno_v4_5,1961,03,/home/data/kevinzhang/research/fractal_analysis/audio_data/suno_v4_5/vocals/batch_1/1961_3_5717b8be-0b74-48f1-83ce-c39942c63e01_vocals.mp3,1961_3_5717b8be-0b74-48f1-83ce-c39942c63e01_vocals.mp3,The Highwaymen,Michael (Row the Boat Ashore),success,/home/data/kevinzhang/research/fractal_analysis/results/audio_melody_f0/cache/clean_contours/suno_v4_5_1961_03.npz,68.15056689342404,0.7871460674157303,0.8671209540034072,,0.8911444948731203,0.036949685534591194,0.0015723270440251573
suno_v4_5_1968_04,suno_v4_5,1968,04,/home/data/kevinzhang/research/fractal_analysis/audio_data/suno_v4_5/vocals/batch_1/1968_4_5e74eac7-5eb0-4f60-8a47-6715c1d4c765_vocals.mp3,1968_4_5e74eac7-5eb0-4f60-8a47-6715c1d4c765_vocals.mp3,Otis Redding,(Sittin' On) The Dock of the Bay,success,/home/data/kevinzhang/research/fractal_analysis/results/audio_melody_f0/cache/clean_contours/suno_v4_5_1968_04.npz,50.5730612244898,0.8094939093306542,0.8668503213957759,,0.6159498854580681,0.05617382087970323,0.0042395336512983575
suno_v4_5_1985_03,suno_v4_5,1985,03,/home/data/kevinzhang/research/fractal_analysis/audio_data/suno_v4_5/vocals/batch_1/1985_3_a88e6339-56c1-457f-822b-faf82de087e7_vocals.mp3,1985_3_a88e6339-56c1-457f-822b-faf82de087e7_vocals.mp3,Wham!,Wake Me Up Before You Go-Go,skipped,/home/data/kevinzhang/research/fractal_analysis/results/audio_melody_f0/cache/clean_contours/suno_v4_5_1985_03.npz,23.986213151927437,0.6076792292434118,,too_short,,,
suno_v4_5_1978_01,suno_v4_5,1978,01,/home/data/kevinzhang/research/fractal_analysis/audio_data/suno_v4_5/vocals/batch_1/1978_1_44a435d4-1435-48f2-ae33-ffd7663be2d9_vocals.mp3,1978_1_44a435d4-1435-48f2-ae33-ffd7663be2d9_vocals.mp3,Andy Gibb,Shadow Dancing,success,/home/data/kevinzhang/research/fractal_analysis/results/audio_melody_f0/cache/clean_contours/suno_v4_5_1978_01.npz,46.834648526077096,0.5668380462724936,0.8468021814576103,,0.4260623290432815,0.05741066198008202,0.0023432923257176333
suno_v4_5_1983_04,suno_v4_5,1983,04,/home/data/kevinzhang/research/fractal_analysis/audio_data/suno_v4_5/vocals/batch_1/1983_4_f0729098-84bc-4791-82c4-63e9e8da30eb_vocals.mp3,1983_4_f0729098-84bc-4791-82c4-63e9e8da30eb_vocals.mp3,Men at Work,Down Under,skipped,/home/data/kevinzhang/research/fractal_analysis/results/audio_melody_f0/cache/clean_contours/suno_v4_5_1983_04.npz,14.907210884353741,0.4890261532395847,,too_short,,,
suno_v4_5_1962_05,suno_v4_5,1962,05,/home/data/kevinzhang/research/fractal_analysis/audio_data/suno_v4_5/vocals/batch_1/1962_5_6c939f70-9859-486a-bf5d-81faa11e921d_vocals.mp3,1962_5_6c939f70-9859-486a-bf5d-81faa11e921d_vocals.mp3,David Rose,The Stripper,skipped,/home/data/kevinzhang/research/fractal_analysis/results/audio_melody_f0/cache/clean_contours/suno_v4_5_1962_05.npz,11.470657596371883,0.43520198643873553,,too_short,,,
suno_v4_5_1984_05,suno_v4_5,1984,05,/home/data/kevinzhang/research/fractal_analysis/audio_data/suno_v4_5/vocals/batch_1/1984_5_fa53a038-86c4-4e30-89c4-49031d3b96b3_vocals.mp3,1984_5_fa53a038-86c4-4e30-89c4-49031d3b96b3_vocals.mp3,Phil Collins,Against All Odds (Take a Look at Me Now),success,/home/data/kevinzhang/research/fractal_analysis/results/audio_melody_f0/cache/clean_contours/suno_v4_5_1984_05.npz,69.79918367346939,0.8482384823848238,0.9151696606786427,,0.7571601330199094,0.03381818181818182,0.001090909090909091
suno_v4_5_1991_02,suno_v4_5,1991,02,/home/data/kevinzhang/research/fractal_analysis/audio_data/suno_v4_5/vocals/batch_1/1991_2_7f71c928-8c16-4c24-af15-0d11cf68509d_vocals.mp3,1991_2_7f71c928-8c16-4c24-af15-0d11cf68509d_vocals.mp3,Color Me Badd,I Wanna Sex You Up,success,/home/data/kevinzhang/research/fractal_analysis/results/audio_melody_f0/cache/clean_contours/suno_v4_5_1991_02.npz,52.407437641723355,0.7839553972433019,0.8338502436863092,,0.5485250542599845,0.063264221158958,0.002126528442317916
suno_v4_5_1992_01,suno_v4_5,1992,01,/home/data/kevinzhang/research/fractal_analysis/audio_data/suno_v4_5/vocals/batch_1/1992_1_5a130a57-b3b1-4748-8f1e-34188d389589_vocals.mp3,1992_1_5a130a57-b3b1-4748-8f1e-34188d389589_vocals.mp3,Boyz II Men,End of the Road,success,/home/data/kevinzhang/research/fractal_analysis/results/audio_melody_f0/cache/clean_contours/suno_v4_5_1992_01.npz,71.91219954648527,0.8650816384989974,0.9237972231191476,,0.7571601330199093,0.043356643356643354,0.0013986013986013986
suno_v4_5_1983_03,suno_v4_5,1983,03,/home/data/kevinzhang/research/fractal_analysis/audio_data/suno_v4_5/vocals/batch_1/1983_3_49d6e51b-59ee-4605-9371-9a94259cff23_vocals.mp3,1983_3_49d6e51b-59ee-4605-9371-9a94259cff23_vocals.mp3,Irene Cara,Flashdance...What a Feeling,success,/home/data/kevinzhang/research/fractal_analysis/results/audio_melody_f0/cache/clean_contours/suno_v4_5_1983_03.npz,59.48952380952381,0.6621026894865526,0.760343481654957,,0.3233360583906408,0.055983564458140726,0.005649717514124294
suno_v4_5_1984_02,suno_v4_5,1984,02,/home/data/kevinzhang/research/fractal_analysis/audio_data/suno_v4_5/vocals/batch_1/1984_2_1f7283db-6540-4a53-8fb8-5b28464fe3d8_vocals.mp3,1984_2_1f7283db-6540-4a53-8fb8-5b28464fe3d8_vocals.mp3,Tina Turner,What's Love Got to Do with It,success,/home/data/kevinzhang/research/fractal_analysis/results/audio_melody_f0/cache/clean_contours/suno_v4_5_1984_02.npz,42.98013605442177,0.5974683544303797,0.7849810913019989,,0.2796051653363588,0.07024793388429752,0.008264462809917356
suno_v4_5_1974_03,suno_v4_5,1974,03,/home/data/kevinzhang/research/fractal_analysis/audio_data/suno_v4_5/vocals/batch_1/1974_3_3bf4d3a6-4da2-4ed8-85e7-0cbe42fa7293_vocals.mp3,1974_3_3bf4d3a6-4da2-4ed8-85e7-0cbe42fa7293_vocals.mp3,Love Unlimited Orchestra,Love's Theme,skipped,/home/data/kevinzhang/research/fractal_analysis/results/audio_melody_f0/cache/clean_contours/suno_v4_5_1974_03.npz,22.221496598639455,0.1599095587088726,,too_short,,,
suno_v4_5_1995_01,suno_v4_5,1995,01,/home/data/kevinzhang/research/fractal_analysis/audio_data/suno_v4_5/vocals/batch_1/1995_1_0ea676df-cdba-452b-a82c-53c05ed4a490_vocals.mp3,1995_1_0ea676df-cdba-452b-a82c-53c05ed4a490_vocals.mp3,Coolio feat. L.V.,Gangsta's Paradise,skipped,/home/data/kevinzhang/research/fractal_analysis/results/audio_melody_f0/cache/clean_contours/suno_v4_5_1995_01.npz,19.24934240362812,0.52636899747262,,too_short,,,
suno_v4_5_1992_03,suno_v4_5,1992,03,/home/data/kevinzhang/research/fractal_analysis/audio_data/suno_v4_5/vocals/batch_1/1992_3_7277b891-97f9-4297-a779-af32412c9537_vocals.mp3,1992_3_7277b891-97f9-4297-a779-af32412c9537_vocals.mp3,Kris Kross,Jump,success,/home/data/kevinzhang/research/fractal_analysis/results/audio_melody_f0/cache/clean_contours/suno_v4_5_1992_03.npz,51.478639455782314,0.7840175953079179,0.8123590437528191,,0.12793708630129041,0.07722222222222222,0.0016666666666666668
suno_v4_5_1983_05,suno_v4_5,1983,05,/home/data/kevinzhang/research/fractal_analysis/audio_data/suno_v4_5/vocals/batch_1/1983_5_8f0ef202-0254-4289-8af8-ca1fb1349520_vocals.mp3,1983_5_8f0ef202-0254-4289-8af8-ca1fb1349520_vocals.mp3,Michael Jackson,Beat It,skipped,/home/data/kevinzhang/research/fractal_analysis/results/audio_melody_f0/cache/clean_contours/suno_v4_5_1983_05.npz,14.396371882086168,0.5216270730614074,,too_short,,,
suno_v4_5_1990_05,suno_v4_5,1990,05,/home/data/kevinzhang/research/fractal_analysis/audio_data/suno_v4_5/vocals/batch_1/1990_5_600eec5e-e38f-41a1-a945-b72f0141ac07_vocals.mp3,1990_5_600eec5e-e38f-41a1-a945-b72f0141ac07_vocals.mp3,Madonna,Vogue,success,/home/data/kevinzhang/research/fractal_analysis/results/audio_melody_f0/cache/clean_contours/suno_v4_5_1990_05.npz,33.8314739229025,0.7220186072737524,0.7433081674673988,,0.27960516533635893,0.0822550831792976,0.0046210720887245845
suno_v4_5_1984_01,suno_v4_5,1984,01,/home/data/kevinzhang/research/fractal_analysis/audio_data/suno_v4_5/vocals/batch_1/1984_1_0b978930-db6c-457c-99ee-dca2a415cf53_vocals.mp3,1984_1_0b978930-db6c-457c-99ee-dca2a415cf53_vocals.mp3,Prince,When Doves Cry,success,/home/data/kevinzhang/research/fractal_analysis/results/audio_melody_f0/cache/clean_contours/suno_v4_5_1984_01.npz,67.0592290249433,0.6456541421457673,0.8729224376731302,,0.32333605839064083,0.03650793650793651,0.004761904761904762
suno_v4_5_1991_01,suno_v4_5,1991,01,/home/data/kevinzhang/research/fractal_analysis/audio_data/suno_v4_5/vocals/batch_1/1991_1_3fa4bc7c-27e8-476d-be75-2587b1c03590_vocals.mp3,1991_1_3fa4bc7c-27e8-476d-be75-2587b1c03590_vocals.mp3,Bryan Adams,(Everything I Do) I Do It For You,success,/home/data/kevinzhang/research/fractal_analysis/results/audio_melody_f0/cache/clean_contours/suno_v4_5_1991_01.npz,69.26512471655329,0.7789221218961625,0.9068052296345961,,0.6159498854580682,0.04659763313609468,0.0007396449704142012
suno_v4_5_1985_02,suno_v4_5,1985,02,/home/data/kevinzhang/research/fractal_analysis/audio_data/suno_v4_5/vocals/batch_1/1985_2_39aa963b-2d18-43c7-911b-98b7c3123434_vocals.mp3,1985_2_39aa963b-2d18-43c7-911b-98b7c3123434_vocals.mp3,Madonna,Like a Virgin,success,/home/data/kevinzhang/research/fractal_analysis/results/audio_melody_f0/cache/clean_contours/suno_v4_5_1985_02.npz,32.879455782312924,0.4733009708737864,0.7761299435028248,,0.37213589829750865,0.07923497267759563,0.0
suno_v4_5_1991_03,suno_v4_5,1991,03,/home/data/kevinzhang/research/fractal_analysis/audio_data/suno_v4_5/vocals/batch_1/1991_3_7d9b7b1a-2d3c-477f-85e6-839b2a03af0e_vocals.mp3,1991_3_7d9b7b1a-2d3c-477f-85e6-839b2a03af0e_vocals.mp3,C&C Music Factory,Gonna Make You Sweat,success,/home/data/kevinzhang/research/fractal_analysis/results/audio_melody_f0/cache/clean_contours/suno_v4_5_1991_03.npz,82.87201814058957,0.8847209515096066,0.844494256094144,,0.7571601330199094,0.04845668768669101,0.0009956853634251576
suno_v4_5_1993_01,suno_v4_5,1993,01,/home/data/kevinzhang/research/fractal_analysis/audio_data/suno_v4_5/vocals/batch_1/1993_1_676ae956-f284-4404-8ab2-6097e46cdcae_vocals.mp3,1993_1_676ae956-f284-4404-8ab2-6097e46cdcae_vocals.mp3,Whitney Houston,I Will Always Love You,success,/home/data/kevinzhang/research/fractal_analysis/results/audio_melody_f0/cache/clean_contours/suno_v4_5_1993_01.npz,96.61823129251701,0.8751593981127264,0.867579908675799,,0.4849868077159113,0.031864782488223886,0.006650041562759767
suno_v4_5_1983_02,suno_v4_5,1983,02,/home/data/kevinzhang/research/fractal_analysis/audio_data/suno_v4_5/vocals/batch_1/1983_2_c651e64d-fedc-4055-ba09-f8bbb91ff940_vocals.mp3,1983_2_c651e64d-fedc-4055-ba09-f8bbb91ff940_vocals.mp3,Michael Jackson,Billie Jean,success,/home/data/kevinzhang/research/fractal_analysis/results/audio_melody_f0/cache/clean_contours/suno_v4_5_1983_02.npz,63.5762358276644,0.6673230499945302,0.656318480642805,,0.3721358982975086,0.08630289532293986,0.0038975501113585748
suno_v4_5_1980_05,suno_v4_5,1980,05,/home/data/kevinzhang/research/fractal_analysis/audio_data/suno_v4_5/vocals/batch_1/1980_5_40c4df46-2d8d-4acb-a027-eb52c581eeb2_vocals.mp3,1980_5_40c4df46-2d8d-4acb-a027-eb52c581eeb2_vocals.mp3,Captain & Tennille,Do That To Me One More Time,skipped,/home/data/kevinzhang/research/fractal_analysis/results/audio_melody_f0/cache/clean_contours/suno_v4_5_1980_05.npz,26.586848072562358,0.7393410852713178,,too_short,,,
suno_v4_5_1997_05,suno_v4_5,1997,05,/home/data/kevinzhang/research/fractal_analysis/audio_data/suno_v4_5/vocals/batch_1/1997_5_43f51e5f-354d-4efe-9e43-1769ffd1bc49_vocals.mp3,1997_5_43f51e5f-354d-4efe-9e43-1769ffd1bc49_vocals.mp3,Diddy feat. Mase,Can't Nobody Hold Me Down,skipped,/home/data/kevinzhang/research/fractal_analysis/results/audio_melody_f0/cache/clean_contours/suno_v4_5_1997_05.npz,9.427301587301587,0.38105331811511495,,too_short,,,
suno_v4_5_1993_02,suno_v4_5,1993,02,/home/data/kevinzhang/research/fractal_analysis/audio_data/suno_v4_5/vocals/batch_1/1993_2_6c8ba089-1d39-4436-aee2-a2452c7a99f3_vocals.mp3,1993_2_6c8ba089-1d39-4436-aee2-a2452c7a99f3_vocals.mp3,Tag Team,Whoomp! (There It Is),success,/home/data/kevinzhang/research/fractal_analysis/results/audio_melody_f0/cache/clean_contours/suno_v4_5_1993_02.npz,33.8314739229025,0.7246175243393602,0.4790665751544269,,0.32333605839064083,0.08177905308464849,0.00860832137733142
suno_v4_5_1995_03,suno_v4_5,1995,03,/home/data/kevinzhang/research/fractal_analysis/audio_data/suno_v4_5/vocals/batch_1/1995_3_d3e0769e-6acb-4853-80d7-0d05328ebcf7_vocals.mp3,1995_3_d3e0769e-6acb-4853-80d7-0d05328ebcf7_vocals.mp3,TLC,Creep,success,/home/data/kevinzhang/research/fractal_analysis/results/audio_melody_f0/cache/clean_contours/suno_v4_5_1995_03.npz,54.00961451247166,0.8363028953229399,0.8611349957007739,,0.6159498854580681,0.052947052947052944,0.0014985014985014985
suno_v4_5_1979_03,suno_v4_5,1979,03,/home/data/kevinzhang/research/fractal_analysis/audio_data/suno_v4_5/vocals/batch_1/1979_3_449ae90a-21c2-40b1-b21e-f6006409fb9d_vocals.mp3,1979_3_449ae90a-21c2-40b1-b21e-f6006409fb9d_vocals.mp3,Chic,Le Freak,skipped,/home/data/kevinzhang/research/fractal_analysis/results/audio_melody_f0/cache/clean_contours/suno_v4_5_1979_03.npz,25.332970521541952,0.5502848814098317,,too_short,,,
suno_v4_5_1979_04,suno_v4_5,1979,04,/home/data/kevinzhang/research/fractal_analysis/audio_data/suno_v4_5/vocals/batch_1/1979_4_546418c2-000f-4079-8dab-b050060eb713_vocals.mp3,1979_4_546418c2-000f-4079-8dab-b050060eb713_vocals.mp3,Rod Stewart,Do Ya Think I'm Sexy?,success,/home/data/kevinzhang/research/fractal_analysis/results/audio_melody_f0/cache/clean_contours/suno_v4_5_1979_04.npz,35.48009070294785,0.5410086602139582,0.8285340314136126,,0.24075439447557434,0.0466403162055336,0.0031620553359683794
suno_v4_5_1980_01,suno_v4_5,1980,01,/home/data/kevinzhang/research/fractal_analysis/audio_data/suno_v4_5/vocals/batch_1/1980_1_4f5ffff3-5cc2-4724-8be0-a366488fdb87_vocals.mp3,1980_1_4f5ffff3-5cc2-4724-8be0-a366488fdb87_vocals.mp3,Blondie,Call Me,success,/home/data/kevinzhang/research/fractal_analysis/results/audio_melody_f0/cache/clean_contours/suno_v4_5_1980_01.npz,32.76335600907029,0.7045454545454546,0.8979447200566973,,0.37213589829401816,0.04344391785150079,0.0039494470774091624
suno_v4_5_1982_01,suno_v4_5,1982,01,/home/data/kevinzhang/research/fractal_analysis/audio_data/suno_v4_5/vocals/batch_1/1982_1_8764661f-f3a3-4d6f-87dc-35d92862d6f4_vocals.mp3,1982_1_8764661f-f3a3-4d6f-87dc-35d92862d6f4_vocals.mp3,Olivia Newton-John,Physical,success,/home/data/kevinzhang/research/fractal_analysis/results/audio_melody_f0/cache/clean_contours/suno_v4_5_1982_01.npz,39.47392290249433,0.5477767265846736,0.74,,0.32333605839064083,0.06284805091487669,0.003977724741447892
suno_v4_5_1999_02,suno_v4_5,1999,02,/home/data/kevinzhang/research/fractal_analysis/audio_data/suno_v4_5/vocals/batch_1/1999_2_25374fbf-e827-4416-af00-337da82c6067_vocals.mp3,1999_2_25374fbf-e827-4416-af00-337da82c6067_vocals.mp3,TLC,No Scrubs,success,/home/data/kevinzhang/research/fractal_analysis/results/audio_melody_f0/cache/clean_contours/suno_v4_5_1999_02.npz,40.867120181405895,0.7978832867852418,0.8119318181818181,,0.07797523762294817,0.08403361344537816,0.0035014005602240898
suno_v4_5_1980_02,suno_v4_5,1980,02,/home/data/kevinzhang/research/fractal_analysis/audio_data/suno_v4_5/vocals/batch_1/1980_2_583e05a9-5c11-4828-874f-609b8ff74bb5_vocals.mp3,1980_2_583e05a9-5c11-4828-874f-609b8ff74bb5_vocals.mp3,Pink Floyd,"Another Brick in the Wall, Part II",success,/home/data/kevinzhang/research/fractal_analysis/results/audio_melody_f0/cache/clean_contours/suno_v4_5_1980_02.npz,43.90893424036281,0.6028060591010678,0.71602326811211,,0.20650679911775227,0.07390983000739099,0.007390983000739098
suno_v4_5_1991_04,suno_v4_5,1991,04,/home/data/kevinzhang/research/fractal_analysis/audio_data/suno_v4_5/vocals/batch_1/1991_4_71120b3a-06d7-41b4-aab0-48461ff8bf8a_vocals.mp3,1991_4_71120b3a-06d7-41b4-aab0-48461ff8bf8a_vocals.mp3,Paula Abdul,Rush Rush,success,/home/data/kevinzhang/research/fractal_analysis/results/audio_melody_f0/cache/clean_contours/suno_v4_5_1991_04.npz,33.41351473922902,0.816999535531816,0.8651841556636554,,0.5485250542599845,0.03938906752411576,0.0040192926045016075
suno_v4_5_1996_01,suno_v4_5,1996,01,/home/data/kevinzhang/research/fractal_analysis/audio_data/suno_v4_5/vocals/batch_1/1996_1_9db51319-48ca-4ae7-a9b3-319d3561ddaf_vocals.mp3,1996_1_9db51319-48ca-4ae7-a9b3-319d3561ddaf_vocals.mp3,Los del Rio,Macarena (Bayside Boys Remix),success,/home/data/kevinzhang/research/fractal_analysis/results/audio_melody_f0/cache/clean_contours/suno_v4_5_1996_01.npz,62.94929705215419,0.7051132686084143,0.8085577277757285,,0.3233360583906409,0.06937471474212688,0.004107713372889092
suno_v4_5_1984_03,suno_v4_5,1984,03,/home/data/kevinzhang/research/fractal_analysis/audio_data/suno_v4_5/vocals/batch_1/1984_3_2a3e5a4d-6cb2-4f7c-82ae-f3ef3e8a2414_vocals.mp3,1984_3_2a3e5a4d-6cb2-4f7c-82ae-f3ef3e8a2414_vocals.mp3,Paul McCartney and Michael Jackson,Say Say Say,success,/home/data/kevinzhang/research/fractal_analysis/results/audio_melody_f0/cache/clean_contours/suno_v4_5_1984_03.npz,66.40907029478458,0.727403156384505,0.858041958041958,,0.6159498854580681,0.05218100285364859,0.0008153281695882593
suno_v4_5_1995_05,suno_v4_5,1995,05,/home/data/kevinzhang/research/fractal_analysis/audio_data/suno_v4_5/vocals/batch_1/1995_5_00b2996b-14f2-44ce-a00e-869fda079a93_vocals.mp3,1995_5_00b2996b-14f2-44ce-a00e-869fda079a93_vocals.mp3,Boyz II Men,On Bended Knee,skipped,/home/data/kevinzhang/research/fractal_analysis/results/audio_melody_f0/cache/clean_contours/suno_v4_5_1995_05.npz,28.93206349206349,0.6532576505429417,,too_short,,,
suno_v4_5_1979_02,suno_v4_5,1979,02,/home/data/kevinzhang/research/fractal_analysis/audio_data/suno_v4_5/vocals/batch_1/1979_2_51ffa9f9-fe06-45a2-a78d-b3da5885d1a1_vocals.mp3,1979_2_51ffa9f9-fe06-45a2-a78d-b3da5885d1a1_vocals.mp3,Donna Summer,Bad Girls,skipped,/home/data/kevinzhang/research/fractal_analysis/results/audio_melody_f0/cache/clean_contours/suno_v4_5_1979_02.npz,23.56825396825397,0.5164717116256863,,too_short,,,
suno_v4_5_1981_02,suno_v4_5,1981,02,/home/data/kevinzhang/research/fractal_analysis/audio_data/suno_v4_5/vocals/batch_1/1981_2_41ee99b7-203a-4d7c-bdd8-d8eebbecf04b_vocals.mp3,1981_2_41ee99b7-203a-4d7c-bdd8-d8eebbecf04b_vocals.mp3,Diana Ross and Lionel Richie,Endless Love,success,/home/data/kevinzhang/research/fractal_analysis/results/audio_melody_f0/cache/clean_contours/suno_v4_5_1981_02.npz,79.1568253968254,0.8149986934935981,0.9310648283954239,,0.6860828109301793,0.039079735266309486,0.001575795776867318
suno_v4_5_1999_04,suno_v4_5,1999,04,/home/data/kevinzhang/research/fractal_analysis/audio_data/suno_v4_5/vocals/batch_1/1999_4_0079c944-bd99-45dc-9ede-f5e7bbe85b01_vocals.mp3,1999_4_0079c944-bd99-45dc-9ede-f5e7bbe85b01_vocals.mp3,Whitney Houston feat. Faith Evans and Kelly Price,Heartbreak Hotel,success,/home/data/kevinzhang/research/fractal_analysis/results/audio_melody_f0/cache/clean_contours/suno_v4_5_1999_04.npz,60.952380952380956,0.8823442791930496,0.8948571428571429,,0.8266685594724994,0.036201022146507666,0.0017035775127768314
suno_v4_5_1969_02,suno_v4_5,1969,02,/home/data/kevinzhang/research/fractal_analysis/audio_data/suno_v4_5/vocals/batch_1/1969_2_5de1b63b-31bf-4353-af8b-cdd4e4edb4ff_vocals.mp3,1969_2_5de1b63b-31bf-4353-af8b-cdd4e4edb4ff_vocals.mp3,The 5th Dimension,Aquarius/Let the Sunshine In (The Flesh Failures),success,/home/data/kevinzhang/research/fractal_analysis/results/audio_melody_f0/cache/clean_contours/suno_v4_5_1969_02.npz,38.730884353741494,0.8328504165157552,0.9094724220623501,,0.7571601330199093,0.055408970976253295,0.0006596306068601583
suno_v4_5_1987_04,suno_v4_5,1987,04,/home/data/kevinzhang/research/fractal_analysis/audio_data/suno_v4_5/vocals/batch_1/1987_4_83b25858-6a36-42ca-9bfa-7f6022d4e1c9_vocals.mp3,1987_4_83b25858-6a36-42ca-9bfa-7f6022d4e1c9_vocals.mp3,Whitney Houston,I Wanna Dance with Somebody (Who Loves Me),success,/home/data/kevinzhang/research/fractal_analysis/results/audio_melody_f0/cache/clean_contours/suno_v4_5_1987_04.npz,58.978684807256236,0.6597462514417531,0.8720472440944882,,0.3233360583906409,0.06278229448961156,0.002258355916892502
suno_v4_5_1980_03,suno_v4_5,1980,03,/home/data/kevinzhang/research/fractal_analysis/audio_data/suno_v4_5/vocals/batch_1/1980_3_4b4c1f78-3b1b-4733-84f5-efcb9c2b0584_vocals.mp3,1980_3_4b4c1f78-3b1b-4733-84f5-efcb9c2b0584_vocals.mp3,Olivia Newton-John,Magic,success,/home/data/kevinzhang/research/fractal_analysis/results/audio_melody_f0/cache/clean_contours/suno_v4_5_1980_03.npz,74.53605442176871,0.7499070516792663,0.8881619937694704,,0.6860828109301792,0.04421052631578947,0.002456140350877193
suno_v4_5_1998_05,suno_v4_5,1998,05,/home/data/kevinzhang/research/fractal_analysis/audio_data/suno_v4_5/vocals/batch_1/1998_5_3abe90a2-85d4-4016-84ac-8caba7fc2980_vocals.mp3,1998_5_3abe90a2-85d4-4016-84ac-8caba7fc2980_vocals.mp3,LeAnn Rimes,How Do I Live,success,/home/data/kevinzhang/research/fractal_analysis/results/audio_melody_f0/cache/clean_contours/suno_v4_5_1998_05.npz,36.08380952380953,0.7762673103798755,0.8635778635778636,,0.4849868077159113,0.049217002237136466,0.0037285607755406414
suno_v4_5_1982_05,suno_v4_5,1982,05,/home/data/kevinzhang/research/fractal_analysis/audio_data/suno_v4_5/vocals/batch_1/1982_5_71224555-81f7-4fac-936a-b3d926149776_vocals.mp3,1982_5_71224555-81f7-4fac-936a-b3d926149776_vocals.mp3,The J. Geils Band,Centerfold,skipped,/home/data/kevinzhang/research/fractal_analysis/results/audio_melody_f0/cache/clean_contours/suno_v4_5_1982_05.npz,28.65342403628118,0.594059405940594,,too_short,,,
suno_v4_5_1984_04,suno_v4_5,1984,04,/home/data/kevinzhang/research/fractal_analysis/audio_data/suno_v4_5/vocals/batch_1/1984_4_301b6a30-c6b6-4aac-9b40-bc1b429c0a37_vocals.mp3,1984_4_301b6a30-c6b6-4aac-9b40-bc1b429c0a37_vocals.mp3,Kenny Loggins,Footloose,success,/home/data/kevinzhang/research/fractal_analysis/results/audio_melody_f0/cache/clean_contours/suno_v4_5_1984_04.npz,52.15201814058957,0.7422793112872369,0.8882457702582368,,0.5485250542599845,0.09127382146439318,0.004012036108324975
suno_v4_5_1994_05,suno_v4_5,1994,05,/home/data/kevinzhang/research/fractal_analysis/audio_data/suno_v4_5/vocals/batch_1/1994_5_4fba0974-728f-4876-9a3c-baf6eccdca25_vocals.mp3,1994_5_4fba0974-728f-4876-9a3c-baf6eccdca25_vocals.mp3,Mariah Carey,Hero,success,/home/data/kevinzhang/research/fractal_analysis/results/audio_melody_f0/cache/clean_contours/suno_v4_5_1994_05.npz,147.8878911564626,0.8115045261831099,0.9130161720835296,,0.8911444948731202,0.03629170966632267,0.003955968352253182
suno_v4_5_1988_03,suno_v4_5,1988,03,/home/data/kevinzhang/research/fractal_analysis/audio_data/suno_v4_5/vocals/batch_1/1988_3_1144016d-da31-429c-a66a-f3aee3229653_vocals.mp3,1988_3_1144016d-da31-429c-a66a-f3aee3229653_vocals.mp3,George Harrison,Got My Mind Set On You,success,/home/data/kevinzhang/research/fractal_analysis/results/audio_melody_f0/cache/clean_contours/suno_v4_5_1988_03.npz,47.275827664399095,0.8933778857837181,0.9091355599214146,,0.7571601330199094,0.03783783783783784,0.005945945945945946
suno_v4_5_1994_02,suno_v4_5,1994,02,/home/data/kevinzhang/research/fractal_analysis/audio_data/suno_v4_5/vocals/batch_1/1994_2_77449d5e-5144-42a0-8b7f-a9ddad6a1b4d_vocals.mp3,1994_2_77449d5e-5144-42a0-8b7f-a9ddad6a1b4d_vocals.mp3,All-4-One,I Swear,success,/home/data/kevinzhang/research/fractal_analysis/results/audio_melody_f0/cache/clean_contours/suno_v4_5_1994_02.npz,44.257233560090704,0.8600715137067938,0.8646379853095488,,0.6159498854580681,0.03885853066180935,0.006071645415907711
suno_v4_5_1982_03,suno_v4_5,1982,03,/home/data/kevinzhang/research/fractal_analysis/audio_data/suno_v4_5/vocals/batch_1/1982_3_465f9364-10d7-412a-84fc-b057a678636c_vocals.mp3,1982_3_465f9364-10d7-412a-84fc-b057a678636c_vocals.mp3,Joan Jett & The Blackhearts,I Love Rock 'N Roll,skipped,/home/data/kevinzhang/research/fractal_analysis/results/audio_melody_f0/cache/clean_contours/suno_v4_5_1982_03.npz,25.309750566893424,0.47996272134203166,,too_short,,,
suno_v4_5_1996_02,suno_v4_5,1996,02,/home/data/kevinzhang/research/fractal_analysis/audio_data/suno_v4_5/vocals/batch_1/1996_2_20f49cd2-06dd-47fc-bdbb-a3e4515dfe41_vocals.mp3,1996_2_20f49cd2-06dd-47fc-bdbb-a3e4515dfe41_vocals.mp3,Mariah Carey and Boyz II Men,One Sweet Day,success,/home/data/kevinzhang/research/fractal_analysis/results/audio_melody_f0/cache/clean_contours/suno_v4_5_1996_02.npz,51.68761904761905,0.8475569165224338,0.8755615453728661,,0.8266685594724996,0.033880903490759756,0.004620123203285421
suno_v4_5_2001_01,suno_v4_5,2001,01,/home/data/kevinzhang/research/fractal_analysis/audio_data/suno_v4_5/vocals/batch_1/2001_1_572bcca4-e540-45b8-96d0-8f5f77288cea_vocals.mp3,2001_1_572bcca4-e540-45b8-96d0-8f5f77288cea_vocals.mp3,Lifehouse,Hanging By A Moment,success,/home/data/kevinzhang/research/fractal_analysis/results/audio_melody_f0/cache/clean_contours/suno_v4_5_2001_01.npz,59.187664399092974,0.7351524879614767,0.8874068262063555,,0.615949885458068,0.04599734630694383,0.007076514816452897
suno_v4_5_1991_05,suno_v4_5,1991,05,/home/data/kevinzhang/research/fractal_analysis/audio_data/suno_v4_5/vocals/batch_1/1991_5_2a935fc7-fdb1-45bb-a534-3153ef6ac6c2_vocals.mp3,1991_5_2a935fc7-fdb1-45bb-a534-3153ef6ac6c2_vocals.mp3,Timmy T,One More Try,skipped,/home/data/kevinzhang/research/fractal_analysis/results/audio_melody_f0/cache/clean_contours/suno_v4_5_1991_05.npz,21.223038548752836,0.8005914659907055,,too_short,,,
suno_v4_5_1995_02,suno_v4_5,1995,02,/home/data/kevinzhang/research/fractal_analysis/audio_data/suno_v4_5/vocals/batch_1/1995_2_1ff51490-1f46-4179-a448-389912c34172_vocals.mp3,1995_2_1ff51490-1f46-4179-a448-389912c34172_vocals.mp3,TLC,Waterfalls,success,/home/data/kevinzhang/research/fractal_analysis/results/audio_melody_f0/cache/clean_contours/suno_v4_5_1995_02.npz,47.22938775510204,0.8200968795764335,0.9070796460176991,,0.48498680771591124,0.05368763557483731,0.0027114967462039045
suno_v4_5_1993_03,suno_v4_5,1993,03,/home/data/kevinzhang/research/fractal_analysis/audio_data/suno_v4_5/vocals/batch_1/1993_3_90edf90c-3cf6-4696-8f86-7b66668fb570_vocals.mp3,1993_3_90edf90c-3cf6-4696-8f86-7b66668fb570_vocals.mp3,UB40,Can't Help Falling in Love,success,/home/data/kevinzhang/research/fractal_analysis/results/audio_melody_f0/cache/clean_contours/suno_v4_5_1993_03.npz,61.486439909297054,0.7975966410887505,0.879154078549849,,0.6860828109301792,0.04211431027073485,0.0017189514396218307
suno_v4_5_1981_03,suno_v4_5,1981,03,/home/data/kevinzhang/research/fractal_analysis/audio_data/suno_v4_5/vocals/batch_1/1981_3_632ada89-70fc-4a48-a007-821ec867fa1d_vocals.mp3,1981_3_632ada89-70fc-4a48-a007-821ec867fa1d_vocals.mp3,Kenny Rogers,Lady,success,/home/data/kevinzhang/research/fractal_analysis/results/audio_melody_f0/cache/clean_contours/suno_v4_5_1981_03.npz,40.24018140589569,0.8070279928528886,0.896133871898442,,0.8266685594724995,0.04252577319587629,0.001288659793814433
suno_v4_5_1988_02,suno_v4_5,1988,02,/home/data/kevinzhang/research/fractal_analysis/audio_data/suno_v4_5/vocals/batch_1/1988_2_bea80949-4a3a-40c0-a17a-cc0828b58226_vocals.mp3,1988_2_bea80949-4a3a-40c0-a17a-cc0828b58226_vocals.mp3,INXS,Need You Tonight,skipped,/home/data/kevinzhang/research/fractal_analysis/results/audio_melody_f0/cache/clean_contours/suno_v4_5_1988_02.npz,17.554285714285715,0.6529345372460497,,too_short,,,
suno_v4_5_1985_01,suno_v4_5,1985,01,/home/data/kevinzhang/research/fractal_analysis/audio_data/suno_v4_5/vocals/batch_1/1985_1_9fb9b600-eb41-41aa-936f-d553b8bbeb3a_vocals.mp3,1985_1_9fb9b600-eb41-41aa-936f-d553b8bbeb3a_vocals.mp3,George Michael,Careless Whisper,success,/home/data/kevinzhang/research/fractal_analysis/results/audio_melody_f0/cache/clean_contours/suno_v4_5_1985_01.npz,45.627210884353744,0.674947097249057,0.8748091603053435,,0.5485250542599845,0.05878928987194412,0.002328288707799767
suno_v4_5_1994_01,suno_v4_5,1994,01,/home/data/kevinzhang/research/fractal_analysis/audio_data/suno_v4_5/vocals/batch_1/1994_1_7c67367b-ce0c-4f3c-b90c-59061f678c8f_vocals.mp3,1994_1_7c67367b-ce0c-4f3c-b90c-59061f678c8f_vocals.mp3,Ace of Base,The Sign,success,/home/data/kevinzhang/research/fractal_analysis/results/audio_melody_f0/cache/clean_contours/suno_v4_5_1994_01.npz,32.833015873015874,0.7082480257385201,0.7842998585572843,,0.42606232904328145,0.06498194945848375,0.0009025270758122744
suno_v4_5_1989_05,suno_v4_5,1989,05,/home/data/kevinzhang/research/fractal_analysis/audio_data/suno_v4_5/vocals/batch_1/1989_5_39635d53-1697-445c-8f1a-b5e15e7d2ff6_vocals.mp3,1989_5_39635d53-1697-445c-8f1a-b5e15e7d2ff6_vocals.mp3,Janet Jackson,Miss You Much,skipped,/home/data/kevinzhang/research/fractal_analysis/results/audio_melody_f0/cache/clean_contours/suno_v4_5_1989_05.npz,22.105396825396827,0.5231191222570533,,too_short,,,
suno_v4_5_1999_03,suno_v4_5,1999,03,/home/data/kevinzhang/research/fractal_analysis/audio_data/suno_v4_5/vocals/batch_1/1999_3_2ee0e793-ce8b-4e83-ba01-0f5823db3753_vocals.mp3,1999_3_2ee0e793-ce8b-4e83-ba01-0f5823db3753_vocals.mp3,Monica,Angel of Mine,success,/home/data/kevinzhang/research/fractal_analysis/results/audio_melody_f0/cache/clean_contours/suno_v4_5_1999_03.npz,31.579138321995465,0.839343414760243,0.861764705882353,,0.6860828109301793,0.06917164816396243,0.0008539709649871904
suno_v4_5_2005_02,suno_v4_5,2005,02,/home/data/kevinzhang/research/fractal_analysis/audio_data/suno_v4_5/vocals/batch_1/2005_2_956909a2-f87c-4e45-8c2f-854e10c4b16f_vocals.mp3,2005_2_956909a2-f87c-4e45-8c2f-854e10c4b16f_vocals.mp3,Gwen Stefani,Hollaback Girl,success,/home/data/kevinzhang/research/fractal_analysis/results/audio_melody_f0/cache/clean_contours/suno_v4_5_2005_02.npz,43.32843537414966,0.7105547828774532,0.7877813504823151,,0.24075439447557428,0.08645336963921035,0.002722940776038121
suno_v4_5_2001_02,suno_v4_5,2001,02,/home/data/kevinzhang/research/fractal_analysis/audio_data/suno_v4_5/vocals/batch_1/2001_2_1dfcfbaf-f369-49ea-bd1d-b4453b34bef4_vocals.mp3,2001_2_1dfcfbaf-f369-49ea-bd1d-b4453b34bef4_vocals.mp3,Alicia Keys,Fallin',success,/home/data/kevinzhang/research/fractal_analysis/results/audio_melody_f0/cache/clean_contours/suno_v4_5_2001_02.npz,62.136598639455784,0.7062409754532328,0.8213751868460388,,0.8266685594724995,0.06144742831133364,0.0013654984069185253
suno_v4_5_1989_02,suno_v4_5,1989,02,/home/data/kevinzhang/research/fractal_analysis/audio_data/suno_v4_5/vocals/batch_1/1989_2_659199c6-5881-477a-8162-f747d9cae69d_vocals.mp3,1989_2_659199c6-5881-477a-8162-f747d9cae69d_vocals.mp3,Bobby Brown,My Prerogative,success,/home/data/kevinzhang/research/fractal_analysis/results/audio_melody_f0/cache/clean_contours/suno_v4_5_1989_02.npz,52.964716553287985,0.5250774866159481,0.4831214379658045,,0.17653060863289757,0.08174386920980926,0.006357856494096276
suno_v4_5_1985_05,suno_v4_5,1985,05,/home/data/kevinzhang/research/fractal_analysis/audio_data/suno_v4_5/vocals/batch_1/1985_5_8542b600-d71f-4c1a-b8ff-8c2b11676bc5_vocals.mp3,1985_5_8542b600-d71f-4c1a-b8ff-8c2b11676bc5_vocals.mp3,Chaka Khan,I Feel for You,success,/home/data/kevinzhang/research/fractal_analysis/results/audio_melody_f0/cache/clean_contours/suno_v4_5_1985_05.npz,37.77886621315193,0.45714285714285713,0.4665027658266749,,0.1765306086328976,0.10290237467018469,0.009234828496042216
suno_v4_5_1982_04,suno_v4_5,1982,04,/home/data/kevinzhang/research/fractal_analysis/audio_data/suno_v4_5/vocals/batch_1/1982_4_6a6be99c-9d66-4925-9ab9-502efed8d4da_vocals.mp3,1982_4_6a6be99c-9d66-4925-9ab9-502efed8d4da_vocals.mp3,Paul McCartney and Stevie Wonder,Ebony and Ivory,success,/home/data/kevinzhang/research/fractal_analysis/results/audio_melody_f0/cache/clean_contours/suno_v4_5_1982_04.npz,50.61950113378685,0.7355007740859831,0.8981651376146789,,0.7571601330199093,0.04445579969340828,0.002043944813490036
suno_v4_5_1986_04,suno_v4_5,1986,04,/home/data/kevinzhang/research/fractal_analysis/audio_data/suno_v4_5/vocals/batch_1/1986_4_30ea7a1c-8c84-4d0a-8f24-ff2e13dfda62_vocals.mp3,1986_4_30ea7a1c-8c84-4d0a-8f24-ff2e13dfda62_vocals.mp3,Patti LaBelle feat. Michael McDonald,On My Own,success,/home/data/kevinzhang/research/fractal_analysis/results/audio_melody_f0/cache/clean_contours/suno_v4_5_1986_04.npz,109.11056689342404,0.8214332162830017,0.881464141306661,,0.7571601330199094,0.04395073653706834,0.004588263704419222
suno_v4_5_1995_04,suno_v4_5,1995,04,/home/data/kevinzhang/research/fractal_analysis/audio_data/suno_v4_5/vocals/batch_1/1995_4_4cd1800b-8395-4856-8b13-342bd2fd4409_vocals.mp3,1995_4_4cd1800b-8395-4856-8b13-342bd2fd4409_vocals.mp3,Seal,Kiss from a Rose,success,/home/data/kevinzhang/research/fractal_analysis/results/audio_melody_f0/cache/clean_contours/suno_v4_5_1995_04.npz,36.617868480725626,0.7546960210058574,0.7381103360811667,,0.6860828109301793,0.043852106620808254,0.0008598452278589854
suno_v4_5_1996_04,suno_v4_5,1996,04,/home/data/kevinzhang/research/fractal_analysis/audio_data/suno_v4_5/vocals/batch_1/1996_4_20b81d7f-e6dd-477c-b242-1bf11aae06ce_vocals.mp3,1996_4_20b81d7f-e6dd-477c-b242-1bf11aae06ce_vocals.mp3,The Tony Rich Project,Nobody Knows,success,/home/data/kevinzhang/research/fractal_analysis/results/audio_melody_f0/cache/clean_contours/suno_v4_5_1996_04.npz,75.27909297052155,0.8760480398821663,0.905613818630475,,0.8266685594724995,0.03236797274275979,0.001362862010221465
suno_v4_5_1989_04,suno_v4_5,1989,04,/home/data/kevinzhang/research/fractal_analysis/audio_data/suno_v4_5/vocals/batch_1/1989_4_16199ddd-1c14-400b-a04b-f1da9eae6029_vocals.mp3,1989_4_16199ddd-1c14-400b-a04b-f1da9eae6029_vocals.mp3,Paula Abdul,Straight Up,success,/home/data/kevinzhang/research/fractal_analysis/results/audio_melody_f0/cache/clean_contours/suno_v4_5_1989_04.npz,72.14439909297052,0.8124912477244084,0.8326359832635983,,0.3721358982975087,0.06419180201082754,0.00580046403712297
suno_v4_5_1982_02,suno_v4_5,1982,02,/home/data/kevinzhang/research/fractal_analysis/audio_data/suno_v4_5/vocals/batch_1/1982_2_675cdded-9dfe-4c11-a9a1-5a85693a2c96_vocals.mp3,1982_2_675cdded-9dfe-4c11-a9a1-5a85693a2c96_vocals.mp3,Survivor,Eye of the Tiger,skipped,/home/data/kevinzhang/research/fractal_analysis/results/audio_melody_f0/cache/clean_contours/suno_v4_5_1982_02.npz,10.193560090702949,0.3036499821662109,,too_short,,,
suno_v4_5_1999_01,suno_v4_5,1999,01,/home/data/kevinzhang/research/fractal_analysis/audio_data/suno_v4_5/vocals/batch_1/1999_1_1ac27ecb-25b5-4ab4-9cd9-cef7ee71c3fe_vocals.mp3,1999_1_1ac27ecb-25b5-4ab4-9cd9-cef7ee71c3fe_vocals.mp3,Cher,Believe,success,/home/data/kevinzhang/research/fractal_analysis/results/audio_melody_f0/cache/clean_contours/suno_v4_5_1999_01.npz,54.68299319727891,0.7411722315637761,0.8042462845010616,,0.4849868077159113,0.0612783940834654,0.004226096143687269
suno_v4_5_1988_01,suno_v4_5,1988,01,/home/data/kevinzhang/research/fractal_analysis/audio_data/suno_v4_5/vocals/batch_1/1988_1_26c06005-0e4b-401f-90d4-b9f0ba00dfe8_vocals.mp3,1988_1_26c06005-0e4b-401f-90d4-b9f0ba00dfe8_vocals.mp3,George Michael,Faith,success,/home/data/kevinzhang/research/fractal_analysis/results/audio_melody_f0/cache/clean_contours/suno_v4_5_1988_01.npz,52.77895691609977,0.6221580203492023,0.8543774747030356,,0.5485250542599845,0.06594538897475528,0.002575991756826378
suno_v4_5_1981_04,suno_v4_5,1981,04,/home/data/kevinzhang/research/fractal_analysis/audio_data/suno_v4_5/vocals/batch_1/1981_4_04a63d2b-83f9-4bd1-9031-eb235414a57e_vocals.mp3,1981_4_04a63d2b-83f9-4bd1-9031-eb235414a57e_vocals.mp3,John Lennon,(Just Like) Starting Over,skipped,/home/data/kevinzhang/research/fractal_analysis/results/audio_melody_f0/cache/clean_contours/suno_v4_5_1981_04.npz,29.280362811791385,0.6893180734382451,,too_short,,,
suno_v4_5_1993_05,suno_v4_5,1993,05,/home/data/kevinzhang/research/fractal_analysis/audio_data/suno_v4_5/vocals/batch_1/1993_5_0d2709da-6a8f-4f58-87bc-847855042b64_vocals.mp3,1993_5_0d2709da-6a8f-4f58-87bc-847855042b64_vocals.mp3,Silk,Freak Me,success,/home/data/kevinzhang/research/fractal_analysis/results/audio_melody_f0/cache/clean_contours/suno_v4_5_1993_05.npz,66.45551020408163,0.8342049196203758,0.9074074074074074,,0.6159498854580681,0.038135593220338986,0.005778120184899846
suno_v4_5_1981_01,suno_v4_5,1981,01,/home/data/kevinzhang/research/fractal_analysis/audio_data/suno_v4_5/vocals/batch_1/1981_1_92095f6d-3779-4945-8702-5e3c8ce69677_vocals.mp3,1981_1_92095f6d-3779-4945-8702-5e3c8ce69677_vocals.mp3,Kim Carnes,Bette Davis Eyes,success,/home/data/kevinzhang/research/fractal_analysis/results/audio_melody_f0/cache/clean_contours/suno_v4_5_1981_01.npz,44.90739229024943,0.6785793317105554,0.93846949327818,,0.5485250542599847,0.03252480705622933,0.0027563395810363835
suno_v4_5_1994_04,suno_v4_5,1994,04,/home/data/kevinzhang/research/fractal_analysis/audio_data/suno_v4_5/vocals/batch_1/1994_4_2dfea0ce-cd38-425e-bbc4-cd5d2e885c26_vocals.mp3,1994_4_2dfea0ce-cd38-425e-bbc4-cd5d2e885c26_vocals.mp3,Celine Dion,The Power of Love,success,/home/data/kevinzhang/research/fractal_analysis/results/audio_melody_f0/cache/clean_contours/suno_v4_5_1994_04.npz,32.8562358276644,0.8062226543509966,0.8996466431095407,,0.6860828109301794,0.040880503144654086,0.003930817610062893
suno_v4_5_1994_03,suno_v4_5,1994,03,/home/data/kevinzhang/research/fractal_analysis/audio_data/suno_v4_5/vocals/batch_1/1994_3_4a6814a7-046e-4f27-88c7-0cb807418fa0_vocals.mp3,1994_3_4a6814a7-046e-4f27-88c7-0cb807418fa0_vocals.mp3,Boyz II Men,I'll Make Love to You,success,/home/data/kevinzhang/research/fractal_analysis/results/audio_melody_f0/cache/clean_contours/suno_v4_5_1994_03.npz,41.33151927437642,0.8526565277503456,0.8915730337078651,,0.6860828109301793,0.05737704918032787,0.0025220680958385876
suno_v4_5_1979_05,suno_v4_5,1979,05,/home/data/kevinzhang/research/fractal_analysis/audio_data/suno_v4_5/vocals/batch_1/1979_5_1a5f49dc-97d8-4f10-9414-148b0eaa8937_vocals.mp3,1979_5_1a5f49dc-97d8-4f10-9414-148b0eaa8937_vocals.mp3,Peaches & Herb,Reunited,success,/home/data/kevinzhang/research/fractal_analysis/results/audio_melody_f0/cache/clean_contours/suno_v4_5_1979_05.npz,31.393378684807256,0.7843691148775894,0.7396449704142012,,0.6860828109301795,0.06006006006006006,0.01001001001001001
suno_v4_5_1996_03,suno_v4_5,1996,03,/home/data/kevinzhang/research/fractal_analysis/audio_data/suno_v4_5/vocals/batch_1/1996_3_50cbcbd0-53e2-4089-8c75-1158cae86d23_vocals.mp3,1996_3_50cbcbd0-53e2-4089-8c75-1158cae86d23_vocals.mp3,Celine Dion,Because You Loved Me,success,/home/data/kevinzhang/research/fractal_analysis/results/audio_melody_f0/cache/clean_contours/suno_v4_5_1996_03.npz,78.29768707482994,0.8859413596820964,0.9403914590747331,,0.8911444948731202,0.03627760252365931,0.0
suno_v4_5_2003_01,suno_v4_5,2003,01,/home/data/kevinzhang/research/fractal_analysis/audio_data/suno_v4_5/vocals/batch_1/2003_1_06fdece4-29b9-4cce-8efd-8f1359f8ae7b_vocals.mp3,2003_1_06fdece4-29b9-4cce-8efd-8f1359f8ae7b_vocals.mp3,50 Cent,In da Club,success,/home/data/kevinzhang/research/fractal_analysis/results/audio_melody_f0/cache/clean_contours/suno_v4_5_2003_01.npz,61.90439909297052,0.8639852188743604,0.8987246811702926,,0.3721358982975086,0.061377870563674324,0.0037578288100208767
suno_v4_5_2000_01,suno_v4_5,2000,01,/home/data/kevinzhang/research/fractal_analysis/audio_data/suno_v4_5/vocals/batch_1/2000_1_1798a20d-30f7-4ba2-a220-ada4c989b3dc_vocals.mp3,2000_1_1798a20d-30f7-4ba2-a220-ada4c989b3dc_vocals.mp3,Faith Hill,Breathe,success,/home/data/kevinzhang/research/fractal_analysis/results/audio_melody_f0/cache/clean_contours/suno_v4_5_2000_01.npz,39.10240362811791,0.7458484691229891,0.7998812351543944,,0.8266685594724995,0.045319465081723624,0.0007429420505200594
suno_v4_5_2008_01,suno_v4_5,2008,01,/home/data/kevinzhang/research/fractal_analysis/audio_data/suno_v4_5/vocals/batch_1/2008_1_923989fb-11a3-4ed4-a363-acac9abd0149_vocals.mp3,2008_1_923989fb-11a3-4ed4-a363-acac9abd0149_vocals.mp3,Flo Rida feat. T-Pain,Low,success,/home/data/kevinzhang/research/fractal_analysis/results/audio_melody_f0/cache/clean_contours/suno_v4_5_2008_01.npz,110.94494331065759,0.8764373823959858,0.8773545416492257,,0.42606231688038865,0.06156048675733715,0.0026246719160104987
suno_v4_5_2006_03,suno_v4_5,2006,03,/home/data/kevinzhang/research/fractal_analysis/audio_data/suno_v4_5/vocals/batch_1/2006_3_706891cd-cc4e-46bf-8b57-c143c306b096_vocals.mp3,2006_3_706891cd-cc4e-46bf-8b57-c143c306b096_vocals.mp3,Nelly Furtado feat. Timbaland,Promiscuous,success,/home/data/kevinzhang/research/fractal_analysis/results/audio_melody_f0/cache/clean_contours/suno_v4_5_2006_03.npz,81.8271201814059,0.723879380603097,0.7846197502837684,,0.37213589829750865,0.05788712011577424,0.01085383502170767
suno_v4_5_1986_01,suno_v4_5,1986,01,/home/data/kevinzhang/research/fractal_analysis/audio_data/suno_v4_5/vocals/batch_1/1986_1_2791dfb7-a906-41df-bf63-ce47862bd4d8_vocals.mp3,1986_1_2791dfb7-a906-41df-bf63-ce47862bd4d8_vocals.mp3,Dionne and Friends,That's What Friends Are For,success,/home/data/kevinzhang/research/fractal_analysis/results/audio_melody_f0/cache/clean_contours/suno_v4_5_1986_01.npz,135.41877551020409,0.8532658693652254,0.9218106995884774,,0.7571601330199094,0.03274418604651163,0.0005581395348837209
suno_v4_5_1997_01b,suno_v4_5,1997,01b,/home/data/kevinzhang/research/fractal_analysis/audio_data/suno_v4_5/vocals/batch_1/1997_1b_534717c3-511e-48e7-afa4-af7c4a285233_vocals.mp3,1997_1b_534717c3-511e-48e7-afa4-af7c4a285233_vocals.mp3,Elton John,Candle in the Wind,success,/home/data/kevinzhang/research/fractal_analysis/results/audio_melody_f0/cache/clean_contours/suno_v4_5_1997_01b.npz,46.37024943310658,0.8303201696798304,0.927891837756635,,0.7571600648054788,0.03941684665226782,0.0005399568034557236
suno_v4_5_2000_02,suno_v4_5,2000,02,/home/data/kevinzhang/research/fractal_analysis/audio_data/suno_v4_5/vocals/batch_1/2000_2_c6c9a5eb-5392-4885-bdbb-a4305125d243_vocals.mp3,2000_2_c6c9a5eb-5392-4885-bdbb-a4305125d243_vocals.mp3,Santana feat. Rob Thomas,Smooth,success,/home/data/kevinzhang/research/fractal_analysis/results/audio_melody_f0/cache/clean_contours/suno_v4_5_2000_02.npz,33.90113378684807,0.7385534173855341,0.6773972602739726,,0.615949885458068,0.05465587044534413,0.010121457489878543
suno_v4_5_1987_05,suno_v4_5,1987,05,/home/data/kevinzhang/research/fractal_analysis/audio_data/suno_v4_5/vocals/batch_1/1987_5_49abf6a3-3b68-4854-acc5-3f75c4857a6b_vocals.mp3,1987_5_49abf6a3-3b68-4854-acc5-3f75c4857a6b_vocals.mp3,Starship,Nothing's Gonna Stop Us Now,success,/home/data/kevinzhang/research/fractal_analysis/results/audio_melody_f0/cache/clean_contours/suno_v4_5_1987_05.npz,54.12571428571429,0.6651031894934334,0.5937365937365937,,0.42606232904328145,0.046276211135213303,0.009399855386840203
suno_v4_5_1987_01,suno_v4_5,1987,01,/home/data/kevinzhang/research/fractal_analysis/audio_data/suno_v4_5/vocals/batch_1/1987_1_b7789bb8-291f-44c4-b4c6-7597057483d6_vocals.mp3,1987_1_b7789bb8-291f-44c4-b4c6-7597057483d6_vocals.mp3,The Bangles,Walk Like an Egyptian,success,/home/data/kevinzhang/research/fractal_analysis/results/audio_melody_f0/cache/clean_contours/suno_v4_5_1987_01.npz,36.664308390022676,0.5952552986512524,0.7530082330588981,,0.8911444948731203,0.026936026936026935,0.0008417508417508417
suno_v4_5_2003_04,suno_v4_5,2003,04,/home/data/kevinzhang/research/fractal_analysis/audio_data/suno_v4_5/vocals/batch_1/2003_4_c8c63055-f85e-4f99-8b26-b2f4889905ca_vocals.mp3,2003_4_c8c63055-f85e-4f99-8b26-b2f4889905ca_vocals.mp3,Beyonce featuring Jay-Z,Crazy in Love,skipped,/home/data/kevinzhang/research/fractal_analysis/results/audio_melody_f0/cache/clean_contours/suno_v4_5_2003_04.npz,23.26639455782313,0.6875549416049228,,too_short,,,
suno_v4_5_2002_01,suno_v4_5,2002,01,/home/data/kevinzhang/research/fractal_analysis/audio_data/suno_v4_5/vocals/batch_1/2002_1_40a863e3-974b-41b2-b223-8645f3aca042_vocals.mp3,2002_1_40a863e3-974b-41b2-b223-8645f3aca042_vocals.mp3,Nickelback,How You Remind Me,skipped,/home/data/kevinzhang/research/fractal_analysis/results/audio_melody_f0/cache/clean_contours/suno_v4_5_2002_01.npz,14.419591836734694,0.5287817938420348,,too_short,,,
suno_v4_5_2003_02,suno_v4_5,2003,02,/home/data/kevinzhang/research/fractal_analysis/audio_data/suno_v4_5/vocals/batch_1/2003_2_8623def1-5177-4af3-a699-f8031149cd68_vocals.mp3,2003_2_8623def1-5177-4af3-a699-f8031149cd68_vocals.mp3,R. Kelly,Ignition,success,/home/data/kevinzhang/research/fractal_analysis/results/audio_melody_f0/cache/clean_contours/suno_v4_5_2003_02.npz,130.68190476190478,0.7948645598194131,0.894633972992182,,0.5485250542599844,0.052840683353198255,0.0011918951132300357
suno_v4_5_2006_02,suno_v4_5,2006,02,/home/data/kevinzhang/research/fractal_analysis/audio_data/suno_v4_5/vocals/batch_1/2006_2_7d4c4667-30f9-4dbd-a90e-d49713f9422b_vocals.mp3,2006_2_7d4c4667-30f9-4dbd-a90e-d49713f9422b_vocals.mp3,Sean Paul,Temperature,success,/home/data/kevinzhang/research/fractal_analysis/results/audio_melody_f0/cache/clean_contours/suno_v4_5_2006_02.npz,45.00027210884354,0.76010955372966,0.826625386996904,,0.24075439447557428,0.061211742660836975,0.008744534665833853
suno_v4_5_1989_03,suno_v4_5,1989,03,/home/data/kevinzhang/research/fractal_analysis/audio_data/suno_v4_5/vocals/batch_1/1989_3_11106dfd-7a89-4f2a-91bb-5b0b621ab9d3_vocals.mp3,1989_3_11106dfd-7a89-4f2a-91bb-5b0b621ab9d3_vocals.mp3,Poison,Every Rose Has Its Thorn,success,/home/data/kevinzhang/research/fractal_analysis/results/audio_melody_f0/cache/clean_contours/suno_v4_5_1989_03.npz,67.3146485260771,0.7733849834795489,0.8930665746809244,,0.4260623290432814,0.06375579598145285,0.008500772797527048
suno_v4_5_1999_05,suno_v4_5,1999,05,/home/data/kevinzhang/research/fractal_analysis/audio_data/suno_v4_5/vocals/batch_1/1999_5_e4be8f06-e782-47b4-8672-042b995895c7_vocals.mp3,1999_5_e4be8f06-e782-47b4-8672-042b995895c7_vocals.mp3,Britney Spears,...Baby One More Time,success,/home/data/kevinzhang/research/fractal_analysis/results/audio_melody_f0/cache/clean_contours/suno_v4_5_1999_05.npz,41.88879818594104,0.8764740917212627,0.9157427937915743,,0.6860828109301793,0.06299212598425197,0.0024227740763173833
suno_v4_5_2000_04,suno_v4_5,2000,04,/home/data/kevinzhang/research/fractal_analysis/audio_data/suno_v4_5/vocals/batch_1/2000_4_28bd6fc2-bf81-465d-8ada-c4e47ae86c7b_vocals.mp3,2000_4_28bd6fc2-bf81-465d-8ada-c4e47ae86c7b_vocals.mp3,Joe,I Wanna Know,success,/home/data/kevinzhang/research/fractal_analysis/results/audio_melody_f0/cache/clean_contours/suno_v4_5_2000_04.npz,77.43854875283446,0.8491228070175438,0.8860569715142429,,0.7571601330199093,0.046039268788083954,0.002369668246445498
suno_v4_5_2002_05,suno_v4_5,2002,05,/home/data/kevinzhang/research/fractal_analysis/audio_data/suno_v4_5/vocals/batch_1/2002_5_4b3a3a62-a56c-43a0-a453-c15cc7880308_vocals.mp3,2002_5_4b3a3a62-a56c-43a0-a453-c15cc7880308_vocals.mp3,The Calling,Wherever You Will Go,success,/home/data/kevinzhang/research/fractal_analysis/results/audio_melody_f0/cache/clean_contours/suno_v4_5_2002_05.npz,36.19990929705215,0.7639703008987886,0.8203976908274535,,0.48498680771591124,0.07746478873239436,0.004694835680751174
suno_v4_5_1990_01,suno_v4_5,1990,01,/home/data/kevinzhang/research/fractal_analysis/audio_data/suno_v4_5/vocals/batch_1/1990_1_222ea175-f919-4d79-b7a2-a8ea5d89e375_vocals.mp3,1990_1_222ea175-f919-4d79-b7a2-a8ea5d89e375_vocals.mp3,Wilson Phillips,Hold On,success,/home/data/kevinzhang/research/fractal_analysis/results/audio_melody_f0/cache/clean_contours/suno_v4_5_1990_01.npz,58.39818594104309,0.7329350591879633,0.8548707753479126,,0.24075439447557428,0.04560260586319218,0.005583992554676594
suno_v4_5_1987_03,suno_v4_5,1987,03,/home/data/kevinzhang/research/fractal_analysis/audio_data/suno_v4_5/vocals/batch_1/1987_3_8d5e8ad0-72ab-4d1f-884b-2b37ed280700_vocals.mp3,1987_3_8d5e8ad0-72ab-4d1f-884b-2b37ed280700_vocals.mp3,Gregory Abbott,Shake You Down,success,/home/data/kevinzhang/research/fractal_analysis/results/audio_melody_f0/cache/clean_contours/suno_v4_5_1987_03.npz,46.32380952380952,0.6897163120567376,0.9012531328320802,,0.7571601330199093,0.03672787979966611,0.0
suno_v4_5_2004_04,suno_v4_5,2004,04,/home/data/kevinzhang/research/fractal_analysis/audio_data/suno_v4_5/vocals/batch_1/2004_4_877dc110-71cd-479c-8503-1d08b04b91bf_vocals.mp3,2004_4_877dc110-71cd-479c-8503-1d08b04b91bf_vocals.mp3,Maroon 5,This Love,skipped,/home/data/kevinzhang/research/fractal_analysis/results/audio_melody_f0/cache/clean_contours/suno_v4_5_2004_04.npz,23.243174603174605,0.6351864883884588,,too_short,,,
suno_v4_5_2002_02,suno_v4_5,2002,02,/home/data/kevinzhang/research/fractal_analysis/audio_data/suno_v4_5/vocals/batch_1/2002_2_0c187f0b-bad2-4e4f-a7fb-8ff08861d47a_vocals.mp3,2002_2_0c187f0b-bad2-4e4f-a7fb-8ff08861d47a_vocals.mp3,Ashanti,Foolish,success,/home/data/kevinzhang/research/fractal_analysis/results/audio_melody_f0/cache/clean_contours/suno_v4_5_2002_02.npz,81.3859410430839,0.7864972014925373,0.8673323823109843,,0.8266685594724995,0.041790062520565975,0.0029615004935834156
suno_v4_5_2007_05,suno_v4_5,2007,05,/home/data/kevinzhang/research/fractal_analysis/audio_data/suno_v4_5/vocals/batch_1/2007_5_20c2329c-9140-4173-bc75-b8ec5891d2eb_vocals.mp3,2007_5_20c2329c-9140-4173-bc75-b8ec5891d2eb_vocals.mp3,T-Pain feat. Yung Joc,Buy U a Drank (Shawty Snappin'),success,/home/data/kevinzhang/research/fractal_analysis/results/audio_melody_f0/cache/clean_contours/suno_v4_5_2007_05.npz,52.82539682539683,0.6289592760180995,0.8465934065934065,,0.12793708630129036,0.09090909090909091,0.002077922077922078
suno_v4_5_2001_04,suno_v4_5,2001,04,/home/data/kevinzhang/research/fractal_analysis/audio_data/suno_v4_5/vocals/batch_1/2001_4_40283611-4abc-4722-9ef5-b6cde87dff3a_vocals.mp3,2001_4_40283611-4abc-4722-9ef5-b6cde87dff3a_vocals.mp3,Train,Drops of Jupiter (Tell Me),skipped,/home/data/kevinzhang/research/fractal_analysis/results/audio_melody_f0/cache/clean_contours/suno_v4_5_2001_04.npz,23.962993197278912,0.7841837338700131,,too_short,,,
suno_v4_5_1997_02a,suno_v4_5,1997,02a,/home/data/kevinzhang/research/fractal_analysis/audio_data/suno_v4_5/vocals/batch_1/1997_2a_2e64a85c-5e76-48f8-8adb-0dec0c2e8ef2_vocals.mp3,1997_2a_2e64a85c-5e76-48f8-8adb-0dec0c2e8ef2_vocals.mp3,Jewel,Foolish Games,success,/home/data/kevinzhang/research/fractal_analysis/results/audio_melody_f0/cache/clean_contours/suno_v4_5_1997_02a.npz,30.766439909297052,0.7485729112610275,0.8060377358490566,,0.8266685594724995,0.056232427366447985,0.004686035613870665
suno_v4_5_2002_03,suno_v4_5,2002,03,/home/data/kevinzhang/research/fractal_analysis/audio_data/suno_v4_5/vocals/batch_1/2002_3_394e74b5-cb54-4a09-9d39-1ec79fe7ce45_vocals.mp3,2002_3_394e74b5-cb54-4a09-9d39-1ec79fe7ce45_vocals.mp3,Nelly,Hot in Herre,success,/home/data/kevinzhang/research/fractal_analysis/results/audio_melody_f0/cache/clean_contours/suno_v4_5_2002_03.npz,59.419863945578236,0.7279521674140508,0.7561547479484173,,0.32333605839064083,0.07859358841778696,0.010858324715615306
suno_v4_5_1988_04,suno_v4_5,1988,04,/home/data/kevinzhang/research/fractal_analysis/audio_data/suno_v4_5/vocals/batch_1/1988_4_2eec48ad-8f05-4e70-a42c-230f84ae5463_vocals.mp3,1988_4_2eec48ad-8f05-4e70-a42c-230f84ae5463_vocals.mp3,Rick Astley,Never Gonna Give You Up,success,/home/data/kevinzhang/research/fractal_analysis/results/audio_melody_f0/cache/clean_contours/suno_v4_5_1988_04.npz,63.92453514739229,0.7042917961109193,0.8452597166727207,,0.2796051653363589,0.07437661220980224,0.007738607050730868
suno_v4_5_1986_03,suno_v4_5,1986,03,/home/data/kevinzhang/research/fractal_analysis/audio_data/suno_v4_5/vocals/batch_1/1986_3_06286642-d01e-4379-b2f4-6a3ae584c59f_vocals.mp3,1986_3_06286642-d01e-4379-b2f4-6a3ae584c59f_vocals.mp3,Klymaxx,I Miss You,skipped,/home/data/kevinzhang/research/fractal_analysis/results/audio_melody_f0/cache/clean_contours/suno_v4_5_1986_03.npz,26.40108843537415,0.8540332906530089,,too_short,,,
suno_v4_5_2005_03,suno_v4_5,2005,03,/home/data/kevinzhang/research/fractal_analysis/audio_data/suno_v4_5/vocals/batch_1/2005_3_61b23f19-d499-4525-91e1-96a109d5b545_vocals.mp3,2005_3_61b23f19-d499-4525-91e1-96a109d5b545_vocals.mp3,Mario,Let Me Love You,skipped,/home/data/kevinzhang/research/fractal_analysis/results/audio_melody_f0/cache/clean_contours/suno_v4_5_2005_03.npz,28.560544217687074,0.8344979771974991,,too_short,,,
suno_v4_5_1996_05,suno_v4_5,1996,05,/home/data/kevinzhang/research/fractal_analysis/audio_data/suno_v4_5/vocals/batch_1/1996_5_0b9a5a39-e977-44b6-b866-f47f643e87d7_vocals.mp3,1996_5_0b9a5a39-e977-44b6-b866-f47f643e87d7_vocals.mp3,Mariah Carey,Always Be My Baby,success,/home/data/kevinzhang/research/fractal_analysis/results/audio_melody_f0/cache/clean_contours/suno_v4_5_1996_05.npz,78.5298866213152,0.826515524889108,0.8849793021880544,,0.5458172889439871,0.05982620320855615,0.001002673796791444
suno_v4_5_1997_03,suno_v4_5,1997,03,/home/data/kevinzhang/research/fractal_analysis/audio_data/suno_v4_5/vocals/batch_1/1997_3_b1c45779-5312-4e11-83e6-aed44832fa73_vocals.mp3,1997_3_b1c45779-5312-4e11-83e6-aed44832fa73_vocals.mp3,Diddy feat. Faith Evans and 112,I'll Be Missing You,success,/home/data/kevinzhang/research/fractal_analysis/results/audio_melody_f0/cache/clean_contours/suno_v4_5_1997_03.npz,59.37342403628118,0.6375951490130306,0.779037935080172,,0.24075439447557434,0.09593169261677549,0.0025113008538422904
suno_v4_5_2012_02,suno_v4_5,2012,02,/home/data/kevinzhang/research/fractal_analysis/audio_data/suno_v4_5/vocals/batch_1/2012_2_93cee518-9728-4abc-93e4-fb1f19dbd646_vocals.mp3,2012_2_93cee518-9728-4abc-93e4-fb1f19dbd646_vocals.mp3,Carly Rae Jepsen,Call Me Maybe,success,/home/data/kevinzhang/research/fractal_analysis/results/audio_melody_f0/cache/clean_contours/suno_v4_5_2012_02.npz,41.07609977324263,0.786693847294292,0.8224985867721877,,0.5485250542599844,0.07565337001375516,0.0041265474552957355
suno_v4_5_1986_02,suno_v4_5,1986,02,/home/data/kevinzhang/research/fractal_analysis/audio_data/suno_v4_5/vocals/batch_1/1986_2_c5d45390-85ff-402d-867a-748ae1285035_vocals.mp3,1986_2_c5d45390-85ff-402d-867a-748ae1285035_vocals.mp3,Lionel Richie,"Say You, Say Me",success,/home/data/kevinzhang/research/fractal_analysis/results/audio_melody_f0/cache/clean_contours/suno_v4_5_1986_02.npz,52.54675736961451,0.7941519228731857,0.9155987627043747,,0.6860828109301792,0.04056011588604539,0.0024142926122646064
suno_v4_5_1986_05,suno_v4_5,1986,05,/home/data/kevinzhang/research/fractal_analysis/audio_data/suno_v4_5/vocals/batch_1/1986_5_66440aff-fc63-4d6d-be19-a1fbce3dd038_vocals.mp3,1986_5_66440aff-fc63-4d6d-be19-a1fbce3dd038_vocals.mp3,Mr. Mister,Broken Wings,success,/home/data/kevinzhang/research/fractal_analysis/results/audio_melody_f0/cache/clean_contours/suno_v4_5_1986_05.npz,40.774240362811796,0.6562400255346313,0.8849658314350797,,0.24075439447557426,0.09079201545396008,0.000643915003219575
suno_v4_5_2004_05,suno_v4_5,2004,05,/home/data/kevinzhang/research/fractal_analysis/audio_data/suno_v4_5/vocals/batch_1/2004_5_48f1dd16-0416-4419-8a36-8a6b550a6af2_vocals.mp3,2004_5_48f1dd16-0416-4419-8a36-8a6b550a6af2_vocals.mp3,OutKast feat. Sleepy Brown,The Way You Move,success,/home/data/kevinzhang/research/fractal_analysis/results/audio_melody_f0/cache/clean_contours/suno_v4_5_2004_05.npz,49.5978231292517,0.58296488946684,0.825374531835206,,0.42606232904328145,0.07945516458569807,0.0022701475595913734
suno_v4_5_1989_01,suno_v4_5,1989,01,/home/data/kevinzhang/research/fractal_analysis/audio_data/suno_v4_5/vocals/batch_1/1989_1_3da5e4ca-753d-498b-8bbe-89327cf39579_vocals.mp3,1989_1_3da5e4ca-753d-498b-8bbe-89327cf39579_vocals.mp3,Chicago,Look Away,skipped,/home/data/kevinzhang/research/fractal_analysis/results/audio_melody_f0/cache/clean_contours/suno_v4_5_1989_01.npz,26.122448979591837,0.7535969185453721,,too_short,,,
suno_v4_5_2008_04,suno_v4_5,2008,04,/home/data/kevinzhang/research/fractal_analysis/audio_data/suno_v4_5/vocals/batch_1/2008_4_77370198-1cbd-45ad-a0e0-b5cb5554e94e_vocals.mp3,2008_4_77370198-1cbd-45ad-a0e0-b5cb5554e94e_vocals.mp3,Lil Wayne feat. Static Major,Lollipop,success,/home/data/kevinzhang/research/fractal_analysis/results/audio_melody_f0/cache/clean_contours/suno_v4_5_2008_04.npz,140.27174603174603,0.8560583054965077,0.9029961926833305,,0.7571601330199091,0.04657132379904657,0.0011001100110011
suno_v4_5_1998_03,suno_v4_5,1998,03,/home/data/kevinzhang/research/fractal_analysis/audio_data/suno_v4_5/vocals/batch_1/1998_3_d6eb1b3b-005e-48d4-a86a-fafb820f410c_vocals.mp3,1998_3_d6eb1b3b-005e-48d4-a86a-fafb820f410c_vocals.mp3,Shania Twain,You're Still the One,success,/home/data/kevinzhang/research/fractal_analysis/results/audio_melody_f0/cache/clean_contours/suno_v4_5_1998_03.npz,35.619410430839004,0.7380922458212894,0.515645371577575,,0.37213589829750865,0.06835443037974684,0.020253164556962026
suno_v4_5_1990_02,suno_v4_5,1990,02,/home/data/kevinzhang/research/fractal_analysis/audio_data/suno_v4_5/vocals/batch_1/1990_2_0ac01e7c-ba5d-477c-b004-cdd906b06cc8_vocals.mp3,1990_2_0ac01e7c-ba5d-477c-b004-cdd906b06cc8_vocals.mp3,Roxette,It Must Have Been Love,success,/home/data/kevinzhang/research/fractal_analysis/results/audio_melody_f0/cache/clean_contours/suno_v4_5_1990_02.npz,125.94503401360545,0.8291918755401901,0.8696533923303835,,0.6860828109301792,0.035199321458863446,0.0014843087362171332
suno_v4_5_2001_05,suno_v4_5,2001,05,/home/data/kevinzhang/research/fractal_analysis/audio_data/suno_v4_5/vocals/batch_1/2001_5_d4a6f313-cb4c-45ae-ac03-b93d0d5906af_vocals.mp3,2001_5_d4a6f313-cb4c-45ae-ac03-b93d0d5906af_vocals.mp3,Jennifer Lopez feat. Ja Rule,I'm Real (Murder Remix),success,/home/data/kevinzhang/research/fractal_analysis/results/audio_melody_f0/cache/clean_contours/suno_v4_5_2001_05.npz,34.22621315192744,0.45212102308172175,0.7123473541383989,,0.06608151270920702,0.14775977121067682,0.0009532888465204957
suno_v4_5_1992_04,suno_v4_5,1992,04,/home/data/kevinzhang/research/fractal_analysis/audio_data/suno_v4_5/vocals/batch_1/1992_4_1107a962-b863-4fee-91bf-6251cc2324aa_vocals.mp3,1992_4_1107a962-b863-4fee-91bf-6251cc2324aa_vocals.mp3,Vanessa Williams,Save the Best for Last,success,/home/data/kevinzhang/research/fractal_analysis/results/audio_melody_f0/cache/clean_contours/suno_v4_5_1992_04.npz,72.02829931972789,0.8465413028878442,0.8684719535783365,,0.8911444948731202,0.027478648347567768,0.0033419977720014855
suno_v4_5_1985_04,suno_v4_5,1985,04,/home/data/kevinzhang/research/fractal_analysis/audio_data/suno_v4_5/vocals/batch_1/1985_4_50547d5f-e824-4bb7-ae47-394c6c7e6c38_vocals.mp3,1985_4_50547d5f-e824-4bb7-ae47-394c6c7e6c38_vocals.mp3,Foreigner,I Want to Know What Love Is,success,/home/data/kevinzhang/research/fractal_analysis/results/audio_melody_f0/cache/clean_contours/suno_v4_5_1985_04.npz,45.72009070294785,0.7002077767883645,0.8770949720670391,,0.3721358982975087,0.06488991888760139,0.006952491309385863
suno_v4_5_2013_05,suno_v4_5,2013,05,/home/data/kevinzhang/research/fractal_analysis/audio_data/suno_v4_5/vocals/batch_1/2013_5_0cf0c466-e565-4e04-ad74-c1f549583f55_vocals.mp3,2013_5_0cf0c466-e565-4e04-ad74-c1f549583f55_vocals.mp3,Macklemore and Ryan Lewis feat. Ray Dalton,Can't Hold Us,success,/home/data/kevinzhang/research/fractal_analysis/results/audio_melody_f0/cache/clean_contours/suno_v4_5_2013_05.npz,56.099410430839,0.8516445066480056,0.8936258278145696,,0.5485250542599847,0.06209453197405004,0.0004633920296570899
suno_v4_5_2005_04,suno_v4_5,2005,04,/home/data/kevinzhang/research/fractal_analysis/audio_data/suno_v4_5/vocals/batch_1/2005_4_5722c8e5-526c-4d50-b8cb-4f1cfb206e66_vocals.mp3,2005_4_5722c8e5-526c-4d50-b8cb-4f1cfb206e66_vocals.mp3,Kelly Clarkson,Since U Been Gone,success,/home/data/kevinzhang/research/fractal_analysis/results/audio_melody_f0/cache/clean_contours/suno_v4_5_2005_04.npz,34.94603174603175,0.6608435238332917,0.7754152823920266,,0.3721358982975087,0.07632933104631218,0.007718696397941681
suno_v4_5_1987_02,suno_v4_5,1987,02,/home/data/kevinzhang/research/fractal_analysis/audio_data/suno_v4_5/vocals/batch_1/1987_2_3cdf3b91-bb8d-4d0e-9e68-35f93cf02290_vocals.mp3,1987_2_3cdf3b91-bb8d-4d0e-9e68-35f93cf02290_vocals.mp3,Heart,Alone,success,/home/data/kevinzhang/research/fractal_analysis/results/audio_melody_f0/cache/clean_contours/suno_v4_5_1987_02.npz,67.03600907029478,0.6945792462570987,0.8479390370626948,,0.37213589829750876,0.052308949734368615,0.008173273395995096
suno_v4_5_2010_04,suno_v4_5,2010,04,/home/data/kevinzhang/research/fractal_analysis/audio_data/suno_v4_5/vocals/batch_1/2010_4_62970d6e-8216-45a7-bab5-b1b95b01d345_vocals.mp3,2010_4_62970d6e-8216-45a7-bab5-b1b95b01d345_vocals.mp3,Katy Perry feat. Snoop Dogg,California Gurls,success,/home/data/kevinzhang/research/fractal_analysis/results/audio_melody_f0/cache/clean_contours/suno_v4_5_2010_04.npz,38.42902494331066,0.7478528601523254,0.748036253776435,,0.3233360583906409,0.07033144704931285,0.008084074373484237
suno_v4_5_1992_05,suno_v4_5,1992,05,/home/data/kevinzhang/research/fractal_analysis/audio_data/suno_v4_5/vocals/batch_1/1992_5_31b7d7ef-dd1a-4219-9219-c1573da6f900_vocals.mp3,1992_5_31b7d7ef-dd1a-4219-9219-c1573da6f900_vocals.mp3,TLC,Baby-Baby-Baby,success,/home/data/kevinzhang/research/fractal_analysis/results/audio_melody_f0/cache/clean_contours/suno_v4_5_1992_05.npz,35.20145124716554,0.6939853850477796,0.8232189973614775,,0.1765306086328976,0.07137129109863673,0.0056134723336006415
suno_v4_5_1990_03,suno_v4_5,1990,03,/home/data/kevinzhang/research/fractal_analysis/audio_data/suno_v4_5/vocals/batch_1/1990_3_35c7cece-bab7-425b-88f4-f02f2804ca37_vocals.mp3,1990_3_35c7cece-bab7-425b-88f4-f02f2804ca37_vocals.mp3,Sinead O'Connor,Nothing Compares 2 U,success,/home/data/kevinzhang/research/fractal_analysis/results/audio_melody_f0/cache/clean_contours/suno_v4_5_1990_03.npz,64.27283446712018,0.7336463223787167,0.7738439306358381,,0.8911444948731203,0.03503035964502569,0.004670714619336758
suno_v4_5_2007_03,suno_v4_5,2007,03,/home/data/kevinzhang/research/fractal_analysis/audio_data/suno_v4_5/vocals/batch_1/2007_3_02a9d1cf-b199-4505-9a12-781b0b2d340d_vocals.mp3,2007_3_02a9d1cf-b199-4505-9a12-781b0b2d340d_vocals.mp3,Gwen Stefani feat. Akon,The Sweet Escape,success,/home/data/kevinzhang/research/fractal_analysis/results/audio_melody_f0/cache/clean_contours/suno_v4_5_2007_03.npz,102.65541950113379,0.8143602764846946,0.8468672246098168,,0.8266685594724996,0.042212129308041677,0.0008014961261020571
suno_v4_5_2003_03,suno_v4_5,2003,03,/home/data/kevinzhang/research/fractal_analysis/audio_data/suno_v4_5/vocals/batch_1/2003_3_b0de3c73-9ea7-459f-8c07-764ece5fb154_vocals.mp3,2003_3_b0de3c73-9ea7-459f-8c07-764ece5fb154_vocals.mp3,Sean Paul,Get Busy,success,/home/data/kevinzhang/research/fractal_analysis/results/audio_melody_f0/cache/clean_contours/suno_v4_5_2003_03.npz,79.43546485260771,0.7122469299701294,0.847413037123648,,0.42606232904328145,0.06797791580400277,0.005521048999309869
suno_v4_5_1997_02b,suno_v4_5,1997,02b,/home/data/kevinzhang/research/fractal_analysis/audio_data/suno_v4_5/vocals/batch_1/1997_2b_ae822f71-4553-4d3d-ad71-11bab890e559_vocals.mp3,1997_2b_ae822f71-4553-4d3d-ad71-11bab890e559_vocals.mp3,Jewel,You Were Meant for Me,skipped,/home/data/kevinzhang/research/fractal_analysis/results/audio_melody_f0/cache/clean_contours/suno_v4_5_1997_02b.npz,23.777233560090703,0.7926129572077456,,too_short,,,
suno_v4_5_2012_05,suno_v4_5,2012,05,/home/data/kevinzhang/research/fractal_analysis/audio_data/suno_v4_5/vocals/batch_1/2012_5_0592db54-641e-49ae-b165-614440bb5876_vocals.mp3,2012_5_0592db54-641e-49ae-b165-614440bb5876_vocals.mp3,Ellie Goulding,Lights,success,/home/data/kevinzhang/research/fractal_analysis/results/audio_melody_f0/cache/clean_contours/suno_v4_5_2012_05.npz,52.87183673469388,0.6575942437040513,0.8981115502854633,,0.6860828109301793,0.04060665362035225,0.0009784735812133072
suno_v4_5_2010_05,suno_v4_5,2010,05,/home/data/kevinzhang/research/fractal_analysis/audio_data/suno_v4_5/vocals/batch_1/2010_5_5c966463-350a-4b21-b327-6b9609ca39c1_vocals.mp3,2010_5_5c966463-350a-4b21-b327-6b9609ca39c1_vocals.mp3,Usher feat. will.i.am,OMG,success,/home/data/kevinzhang/research/fractal_analysis/results/audio_melody_f0/cache/clean_contours/suno_v4_5_2010_05.npz,46.37024943310658,0.8395769061260467,0.8362543815723585,,0.1504646013433388,0.10185739964050329,0.0
suno_v4_5_2004_03,suno_v4_5,2004,03,/home/data/kevinzhang/research/fractal_analysis/audio_data/suno_v4_5/vocals/batch_1/2004_3_1f9cb3e0-82f8-4adf-b0ad-7b40a0209b6d_vocals.mp3,2004_3_1f9cb3e0-82f8-4adf-b0ad-7b40a0209b6d_vocals.mp3,Alicia Keys,If I Ain't Got You,success,/home/data/kevinzhang/research/fractal_analysis/results/audio_melody_f0/cache/clean_contours/suno_v4_5_2004_03.npz,74.74503401360545,0.8733026719229084,0.9304131717924822,,0.8911444948731202,0.035738142952571814,0.001002004008016032
suno_v4_5_1993_04,suno_v4_5,1993,04,/home/data/kevinzhang/research/fractal_analysis/audio_data/suno_v4_5/vocals/batch_1/1993_4_269ede9c-223e-40e4-a5a9-2fdf9f934b22_vocals.mp3,1993_4_269ede9c-223e-40e4-a5a9-2fdf9f934b22_vocals.mp3,Janet Jackson,That's the Way Love Goes,success,/home/data/kevinzhang/research/fractal_analysis/results/audio_melody_f0/cache/clean_contours/suno_v4_5_1993_04.npz,55.100952380952386,0.867078496112472,0.8845343447113359,,0.8266685594724995,0.03193517635843661,0.00047664442326024784
suno_v4_5_2010_01,suno_v4_5,2010,01,/home/data/kevinzhang/research/fractal_analysis/audio_data/suno_v4_5/vocals/batch_1/2010_1_4bf7db08-9dba-4fc2-b3b3-d7034e6061d4_vocals.mp3,2010_1_4bf7db08-9dba-4fc2-b3b3-d7034e6061d4_vocals.mp3,Kesha,Tik Tok,success,/home/data/kevinzhang/research/fractal_analysis/results/audio_melody_f0/cache/clean_contours/suno_v4_5_2010_01.npz,45.743310657596375,0.7469327221248483,0.8979695431472081,,0.6860828109301793,0.04694570135746606,0.003959276018099547
suno_v4_5_1998_01,suno_v4_5,1998,01,/home/data/kevinzhang/research/fractal_analysis/audio_data/suno_v4_5/vocals/batch_1/1998_1_69fb7d9b-655a-4c5a-b60c-10c3e15a7d92_vocals.mp3,1998_1_69fb7d9b-655a-4c5a-b60c-10c3e15a7d92_vocals.mp3,Next,Too Close,success,/home/data/kevinzhang/research/fractal_analysis/results/audio_melody_f0/cache/clean_contours/suno_v4_5_1998_01.npz,50.80526077097506,0.8257191201353637,0.8743144424131627,,0.6860828109301793,0.0596234309623431,0.0010460251046025104
suno_v4_5_2013_04,suno_v4_5,2013,04,/home/data/kevinzhang/research/fractal_analysis/audio_data/suno_v4_5/vocals/batch_1/2013_4_03e9943c-e6ce-4c0d-a210-1fe173eb4da1_vocals.mp3,2013_4_03e9943c-e6ce-4c0d-a210-1fe173eb4da1_vocals.mp3,Baauer,Harlem Shake,success,/home/data/kevinzhang/research/fractal_analysis/results/audio_melody_f0/cache/clean_contours/suno_v4_5_2013_04.npz,31.532698412698412,0.6506798970966556,0.7378497790868925,,0.034897428019625254,0.10789210789210789,0.01098901098901099
suno_v4_5_2012_03,suno_v4_5,2012,03,/home/data/kevinzhang/research/fractal_analysis/audio_data/suno_v4_5/vocals/batch_1/2012_3_b0c6cc78-8794-4bbd-951c-c4504470cbce_vocals.mp3,2012_3_b0c6cc78-8794-4bbd-951c-c4504470cbce_vocals.mp3,Fun feat. Janelle Monae,We Are Young,success,/home/data/kevinzhang/research/fractal_analysis/results/audio_melody_f0/cache/clean_contours/suno_v4_5_2012_03.npz,91.74204081632654,0.8669601022291638,0.8926853961022526,,0.6159498854580683,0.05360181508791832,0.00935904707884288
suno_v4_5_2014_04,suno_v4_5,2014,04,/home/data/kevinzhang/research/fractal_analysis/audio_data/suno_v4_5/vocals/batch_1/2014_4_16f40cce-7806-483e-9642-4374844a4688_vocals.mp3,2014_4_16f40cce-7806-483e-9642-4374844a4688_vocals.mp3,Iggy Azalea feat. Charli XCX,Fancy,success,/home/data/kevinzhang/research/fractal_analysis/results/audio_melody_f0/cache/clean_contours/suno_v4_5_2014_04.npz,31.7881179138322,0.7686260496694658,0.7589481373265157,,0.2407543944755743,0.10500963391136801,0.002890173410404624
suno_v4_5_2016_01,suno_v4_5,2016,01,/home/data/kevinzhang/research/fractal_analysis/audio_data/suno_v4_5/vocals/batch_1/2016_1_5e6b57ed-0d17-46bb-be74-9d96a4d6c4d8_vocals.mp3,2016_1_5e6b57ed-0d17-46bb-be74-9d96a4d6c4d8_vocals.mp3,Justin Bieber,Love Yourself,success,/home/data/kevinzhang/research/fractal_analysis/results/audio_melody_f0/cache/clean_contours/suno_v4_5_2016_01.npz,82.63981859410431,0.7953655352480418,0.7968530486091598,,0.6860828109301793,0.06278659611992946,0.0021164021164021165
suno_v4_5_1998_04,suno_v4_5,1998,04,/home/data/kevinzhang/research/fractal_analysis/audio_data/suno_v4_5/vocals/batch_1/1998_4_4e2def5e-94d9-4117-8bab-81e75463e76e_vocals.mp3,1998_4_4e2def5e-94d9-4117-8bab-81e75463e76e_vocals.mp3,Savage Garden,Truly Madly Deeply,success,/home/data/kevinzhang/research/fractal_analysis/results/audio_melody_f0/cache/clean_contours/suno_v4_5_1998_04.npz,157.0829931972789,0.8043777217510887,0.8878048780487805,,0.5485250542599847,0.04029975020815987,0.002997502081598668
suno_v4_5_2007_04,suno_v4_5,2007,04,/home/data/kevinzhang/research/fractal_analysis/audio_data/suno_v4_5/vocals/batch_1/2007_4_211c19fd-b3c7-4b02-bb8d-a6143d76faec_vocals.mp3,2007_4_211c19fd-b3c7-4b02-bb8d-a6143d76faec_vocals.mp3,Fergie,Big Girls Don't Cry (Personal),skipped,/home/data/kevinzhang/research/fractal_analysis/results/audio_melody_f0/cache/clean_contours/suno_v4_5_2007_04.npz,24.195192743764174,0.7577866514546492,,too_short,,,
suno_v4_5_2017_02,suno_v4_5,2017,02,/home/data/kevinzhang/research/fractal_analysis/audio_data/suno_v4_5/vocals/batch_1/2017_2_b130bc07-b60c-4e00-9ed2-79b6a5c2fef0_vocals.mp3,2017_2_b130bc07-b60c-4e00-9ed2-79b6a5c2fef0_vocals.mp3,Luis Fonsi and Daddy Yankee feat. Justin Bieber,Despacito (Remix),success,/home/data/kevinzhang/research/fractal_analysis/results/audio_melody_f0/cache/clean_contours/suno_v4_5_2017_02.npz,32.13641723356009,0.8147130153597413,0.8598265895953757,,0.6159498854580681,0.04625735912531539,0.005046257359125316
suno_v4_5_2016_05,suno_v4_5,2016,05,/home/data/kevinzhang/research/fractal_analysis/audio_data/suno_v4_5/vocals/batch_1/2016_5_1f519212-7319-4106-a633-ee647db00b88_vocals.mp3,2016_5_1f519212-7319-4106-a633-ee647db00b88_vocals.mp3,Twenty One Pilots,Stressed Out,success,/home/data/kevinzhang/research/fractal_analysis/results/audio_melody_f0/cache/clean_contours/suno_v4_5_2016_05.npz,76.579410430839,0.7498884094628776,0.7216494845360825,,0.6860828109301794,0.03909205548549811,0.0008406893652795292
suno_v4_5_2000_03,suno_v4_5,2000,03,/home/data/kevinzhang/research/fractal_analysis/audio_data/suno_v4_5/vocals/batch_1/2000_3_21338439-ea07-4722-9643-1ad2ade054fa_vocals.mp3,2000_3_21338439-ea07-4722-9643-1ad2ade054fa_vocals.mp3,Santana feat. The Product G&B,Maria Maria,success,/home/data/kevinzhang/research/fractal_analysis/results/audio_melody_f0/cache/clean_contours/suno_v4_5_2000_03.npz,54.28825396825397,0.7079610073111292,0.8845166809238666,,0.615949885458068,0.06289308176100629,0.0024189646831156266
suno_v4_5_2020_05,suno_v4_5,2020,05,/home/data/kevinzhang/research/fractal_analysis/audio_data/suno_v4_5/vocals/batch_1/2020_5_1f6499e7-7aa6-4138-8843-c56d72c8ca13_vocals.mp3,2020_5_1f6499e7-7aa6-4138-8843-c56d72c8ca13_vocals.mp3,DaBaby feat. Roddy Ricch,Rockstar,skipped,/home/data/kevinzhang/research/fractal_analysis/results/audio_melody_f0/cache/clean_contours/suno_v4_5_2020_05.npz,15.557369614512472,0.2972402882756196,,too_short,,,
suno_v4_5_2001_03,suno_v4_5,2001,03,/home/data/kevinzhang/research/fractal_analysis/audio_data/suno_v4_5/vocals/batch_1/2001_3_ab444e39-09d3-40de-a795-d454555e82a5_vocals.mp3,2001_3_ab444e39-09d3-40de-a795-d454555e82a5_vocals.mp3,Janet Jackson,All For You,success,/home/data/kevinzhang/research/fractal_analysis/results/audio_melody_f0/cache/clean_contours/suno_v4_5_2001_03.npz,53.91673469387755,0.8545261481284842,0.8682170542635659,,0.48498680771591135,0.03970223325062035,0.0034739454094292804
yue_1950_04,yue,1950,04,/home/data/kevinzhang/research/fractal_analysis/audio_data/YuE/vocals/1950_4_Gary & Bing Crosby_Sam's Song_vocals.mp3,1950_4_Gary & Bing Crosby_Sam's Song_vocals.mp3,Gary & Bing Crosby,Sam's Song,success,/home/data/kevinzhang/research/fractal_analysis/results/audio_melody_f0/cache/clean_contours/yue_1950_04.npz,32.15963718820862,0.4225059382422803,0.7162454873646209,,0.3233360583906408,0.10090817356205853,0.0
suno_v4_5_2008_03,suno_v4_5,2008,03,/home/data/kevinzhang/research/fractal_analysis/audio_data/suno_v4_5/vocals/batch_1/2008_3_32f4109c-866f-4e53-a47e-b1304e5655a7_vocals.mp3,2008_3_32f4109c-866f-4e53-a47e-b1304e5655a7_vocals.mp3,Alicia Keys,No One,success,/home/data/kevinzhang/research/fractal_analysis/results/audio_melody_f0/cache/clean_contours/suno_v4_5_2008_03.npz,54.33469387755102,0.8246826835902086,0.8641025641025641,,0.6860828109301793,0.05244928253339931,0.0
suno_v4_5_2011_03,suno_v4_5,2011,03,/home/data/kevinzhang/research/fractal_analysis/audio_data/suno_v4_5/vocals/batch_1/2011_3_00831101-c044-44f6-9703-74a63ae18ded_vocals.mp3,2011_3_00831101-c044-44f6-9703-74a63ae18ded_vocals.mp3,Katy Perry,Firework,success,/home/data/kevinzhang/research/fractal_analysis/results/audio_melody_f0/cache/clean_contours/suno_v4_5_2011_03.npz,60.74340136054422,0.6328538054838313,0.9208715596330275,,0.7571601330199094,0.04152823920265781,0.0020764119601328905
suno_v4_5_1997_01a,suno_v4_5,1997,01a,/home/data/kevinzhang/research/fractal_analysis/audio_data/suno_v4_5/vocals/batch_1/1997_1a_1cb2218b-6e3b-4ca0-965b-1ba3c217f167_vocals.mp3,1997_1a_1cb2218b-6e3b-4ca0-965b-1ba3c217f167_vocals.mp3,Elton John,Something About The Way You Look Tonight,success,/home/data/kevinzhang/research/fractal_analysis/results/audio_melody_f0/cache/clean_contours/suno_v4_5_1997_01a.npz,46.300589569161,0.7523919671958784,0.9107321965897693,,0.8911444948731203,0.03140495867768595,0.0
suno_v4_5_2022_03,suno_v4_5,2022,03,/home/data/kevinzhang/research/fractal_analysis/audio_data/suno_v4_5/vocals/batch_1/2022_3_ac3e73ab-483d-4b6b-a8ac-74775c037f7e_vocals.mp3,2022_3_ac3e73ab-483d-4b6b-a8ac-74775c037f7e_vocals.mp3,Kid Laroi and Justin Bieber,Stay,success,/home/data/kevinzhang/research/fractal_analysis/results/audio_melody_f0/cache/clean_contours/suno_v4_5_2022_03.npz,49.27274376417234,0.8053498564304066,0.8096135721017907,,0.5485250542599844,0.0629004076878276,0.0029120559114735
suno_v4_5_2004_01,suno_v4_5,2004,01,/home/data/kevinzhang/research/fractal_analysis/audio_data/suno_v4_5/vocals/batch_1/2004_1_011c0fd5-7fa0-4e10-80f8-ca1d99fc8893_vocals.mp3,2004_1_011c0fd5-7fa0-4e10-80f8-ca1d99fc8893_vocals.mp3,Usher feat. Lil John & Ludacris,Yeah!,success,/home/data/kevinzhang/research/fractal_analysis/results/audio_melody_f0/cache/clean_contours/suno_v4_5_2004_01.npz,93.62285714285714,0.6894766302826756,0.8077876984126984,,0.24075439447557428,0.09705159705159705,0.002457002457002457
suno_v4_5_2021_05,suno_v4_5,2021,05,/home/data/kevinzhang/research/fractal_analysis/audio_data/suno_v4_5/vocals/batch_1/2021_5_2b18c740-7392-4914-aae8-f7a0081fb145_vocals.mp3,2021_5_2b18c740-7392-4914-aae8-f7a0081fb145_vocals.mp3,Olivia Rodrigo,Good 4 U,success,/home/data/kevinzhang/research/fractal_analysis/results/audio_melody_f0/cache/clean_contours/suno_v4_5_2021_05.npz,43.83927437641724,0.6892417873267943,0.8554025423728814,,0.37213589829750865,0.055762081784386616,0.0024783147459727386
suno_v4_5_2020_02,suno_v4_5,2020,02,/home/data/kevinzhang/research/fractal_analysis/audio_data/suno_v4_5/vocals/batch_1/2020_2_60e927bd-384c-426b-a30d-98b194270da7_vocals.mp3,2020_2_60e927bd-384c-426b-a30d-98b194270da7_vocals.mp3,Post Malone,Circles,skipped,/home/data/kevinzhang/research/fractal_analysis/results/audio_melody_f0/cache/clean_contours/suno_v4_5_2020_02.npz,22.68589569160998,0.767356100689434,,too_short,,,
suno_v4_5_2021_04,suno_v4_5,2021,04,/home/data/kevinzhang/research/fractal_analysis/audio_data/suno_v4_5/vocals/batch_1/2021_4_5bd7eb54-0993-43a7-8eeb-cc82ebfbd12a_vocals.mp3,2021_4_5bd7eb54-0993-43a7-8eeb-cc82ebfbd12a_vocals.mp3,24kGoldn feat. Iann Dior,Mood,success,/home/data/kevinzhang/research/fractal_analysis/results/audio_melody_f0/cache/clean_contours/suno_v4_5_2021_04.npz,36.94294784580499,0.6162390488110138,0.8384663733500943,,0.4260623290432815,0.08852213053263316,0.0015003750937734434
suno_v4_5_2017_01,suno_v4_5,2017,01,/home/data/kevinzhang/research/fractal_analysis/audio_data/suno_v4_5/vocals/batch_1/2017_1_5c0c0d82-cb35-477d-98b8-14d5c7dba4cc_vocals.mp3,2017_1_5c0c0d82-cb35-477d-98b8-14d5c7dba4cc_vocals.mp3,Ed Sheeran,Shape of You,success,/home/data/kevinzhang/research/fractal_analysis/results/audio_melody_f0/cache/clean_contours/suno_v4_5_2017_01.npz,30.48780045351474,0.575672251161481,0.8057882711348058,,0.7571601330199094,0.06622516556291391,0.010406811731315043
suno_v4_5_2015_01,suno_v4_5,2015,01,/home/data/kevinzhang/research/fractal_analysis/audio_data/suno_v4_5/vocals/batch_1/2015_1_09645f39-6394-4f6c-b3fd-df5c4a3662cc_vocals.mp3,2015_1_09645f39-6394-4f6c-b3fd-df5c4a3662cc_vocals.mp3,Mark Ronson feat. Bruno Mars,Uptown Funk,skipped,/home/data/kevinzhang/research/fractal_analysis/results/audio_melody_f0/cache/clean_contours/suno_v4_5_2015_01.npz,20.805079365079365,0.5022550225502255,,too_short,,,
suno_v4_5_2005_05,suno_v4_5,2005,05,/home/data/kevinzhang/research/fractal_analysis/audio_data/suno_v4_5/vocals/batch_1/2005_5_6cd9e804-7480-4ba5-8846-c358cfe25e19_vocals.mp3,2005_5_6cd9e804-7480-4ba5-8846-c358cfe25e19_vocals.mp3,Ciara feat. Missy Elliot,"1, 2 Step",success,/home/data/kevinzhang/research/fractal_analysis/results/audio_melody_f0/cache/clean_contours/suno_v4_5_2005_05.npz,64.1102947845805,0.8081614214726698,0.8529518290474466,,0.32333605839064083,0.0875106202209006,0.0016992353440951572
yue_1956_03,yue,1956,03,/home/data/kevinzhang/research/fractal_analysis/audio_data/YuE/vocals/1956_3_Nelson Riddle_Lisbon Antigua_vocals.mp3,1956_3_Nelson Riddle_Lisbon Antigua_vocals.mp3,Nelson Riddle,Lisbon Antigua,skipped,/home/data/kevinzhang/research/fractal_analysis/results/audio_melody_f0/cache/clean_contours/yue_1956_03.npz,17.34530612244898,0.7696717040125065,,too_short,,,
suno_v4_5_2016_04,suno_v4_5,2016,04,/home/data/kevinzhang/research/fractal_analysis/audio_data/suno_v4_5/vocals/batch_1/2016_4_49232771-d1fe-4cb1-b3e0-a378325ffb74_vocals.mp3,2016_4_49232771-d1fe-4cb1-b3e0-a378325ffb74_vocals.mp3,Rihanna feat. Drake,Work,success,/home/data/kevinzhang/research/fractal_analysis/results/audio_melody_f0/cache/clean_contours/suno_v4_5_2016_04.npz,79.9695238095238,0.7625538020086083,0.8173635307781649,,0.4849868077159113,0.060767590618336885,0.0010660980810234541
suno_v4_5_2014_05,suno_v4_5,2014,05,/home/data/kevinzhang/research/fractal_analysis/audio_data/suno_v4_5/vocals/batch_1/2014_5_5818cbfa-7a4a-4093-823d-f8d70b18d39c_vocals.mp3,2014_5_5818cbfa-7a4a-4093-823d-f8d70b18d39c_vocals.mp3,OneRepublic,Counting Stars,success,/home/data/kevinzhang/research/fractal_analysis/results/audio_melody_f0/cache/clean_contours/suno_v4_5_2014_05.npz,32.298956916099776,0.7237791342952276,0.8612508986340762,,0.15046460134333883,0.05430242272347535,0.000835421888053467
suno_v4_5_2016_02,suno_v4_5,2016,02,/home/data/kevinzhang/research/fractal_analysis/audio_data/suno_v4_5/vocals/batch_1/2016_2_28fac2a1-9f0c-4ab4-a987-294ebe94e870_vocals.mp3,2016_2_28fac2a1-9f0c-4ab4-a987-294ebe94e870_vocals.mp3,Justin Bieber,Sorry,success,/home/data/kevinzhang/research/fractal_analysis/results/audio_melody_f0/cache/clean_contours/suno_v4_5_2016_02.npz,82.91845804988662,0.8534834623504575,0.8933071968636236,,0.6159498854580681,0.05456255879586077,0.0018814675446848542
suno_v4_5_2014_02,suno_v4_5,2014,02,/home/data/kevinzhang/research/fractal_analysis/audio_data/suno_v4_5/vocals/batch_1/2014_2_4c878000-0334-4788-ab2b-78c0d23a6664_vocals.mp3,2014_2_4c878000-0334-4788-ab2b-78c0d23a6664_vocals.mp3,Katy Perry and Juicy J,Dark Horse,success,/home/data/kevinzhang/research/fractal_analysis/results/audio_melody_f0/cache/clean_contours/suno_v4_5_2014_02.npz,32.229297052154195,0.7824671258609893,0.8357348703170029,,0.8266685594724996,0.03710094909404659,0.003451251078515962
suno_v4_5_2021_03,suno_v4_5,2021,03,/home/data/kevinzhang/research/fractal_analysis/audio_data/suno_v4_5/vocals/batch_1/2021_3_628430eb-0a58-449e-a458-a3f8ef2d7d4e_vocals.mp3,2021_3_628430eb-0a58-449e-a458-a3f8ef2d7d4e_vocals.mp3,The Weeknd,Blinding Lights,success,/home/data/kevinzhang/research/fractal_analysis/results/audio_melody_f0/cache/clean_contours/suno_v4_5_2021_03.npz,41.633378684807255,0.6154767250411615,0.77356385945343,,0.3233360583906409,0.0707070707070707,0.0021645021645021645
suno_v4_5_1997_04,suno_v4_5,1997,04,/home/data/kevinzhang/research/fractal_analysis/audio_data/suno_v4_5/vocals/batch_1/1997_4_44c6e9d0-a65b-45ef-9af2-90c891dc791e_vocals.mp3,1997_4_44c6e9d0-a65b-45ef-9af2-90c891dc791e_vocals.mp3,Toni Braxton,Un-Break My Heart,success,/home/data/kevinzhang/research/fractal_analysis/results/audio_melody_f0/cache/clean_contours/suno_v4_5_1997_04.npz,61.045260770975055,0.8460579619819258,0.9094712818562191,,0.7571601330199094,0.045188284518828455,0.0033472803347280333
suno_v4_5_2021_02,suno_v4_5,2021,02,/home/data/kevinzhang/research/fractal_analysis/audio_data/suno_v4_5/vocals/batch_1/2021_2_c35268a4-bb1e-4a21-bff6-769ba71c9057_vocals.mp3,2021_2_c35268a4-bb1e-4a21-bff6-769ba71c9057_vocals.mp3,The Weeknd and Ariana Grande,Save Your Tears,success,/home/data/kevinzhang/research/fractal_analysis/results/audio_melody_f0/cache/clean_contours/suno_v4_5_2021_02.npz,47.763446712018144,0.6027314112291351,0.6650461837627613,,0.8266685594724995,0.03438185808339429,0.000731528895391368
suno_v4_5_2020_04,suno_v4_5,2020,04,/home/data/kevinzhang/research/fractal_analysis/audio_data/suno_v4_5/vocals/batch_1/2020_4_c8e5e9aa-53df-44ab-9eb4-1841be92b67b_vocals.mp3,2020_4_c8e5e9aa-53df-44ab-9eb4-1841be92b67b_vocals.mp3,Dua Lipa,Don't Start Now,success,/home/data/kevinzhang/research/fractal_analysis/results/audio_melody_f0/cache/clean_contours/suno_v4_5_2020_04.npz,36.96616780045352,0.726048130770395,0.7682160804020101,,0.8266685594724996,0.031096563011456628,0.0008183306055646482
suno_v4_5_2015_04,suno_v4_5,2015,04,/home/data/kevinzhang/research/fractal_analysis/audio_data/suno_v4_5/vocals/batch_1/2015_4_15807c5b-8878-4f65-ac39-8542284228d6_vocals.mp3,2015_4_15807c5b-8878-4f65-ac39-8542284228d6_vocals.mp3,Fetty Wap,Trap Queen,success,/home/data/kevinzhang/research/fractal_analysis/results/audio_melody_f0/cache/clean_contours/suno_v4_5_2015_04.npz,79.55156462585035,0.8790090687900907,0.8785755983654407,,0.615949885458068,0.07743436357593884,0.0013293452974410102
suno_v4_5_1998_02,suno_v4_5,1998,02,/home/data/kevinzhang/research/fractal_analysis/audio_data/suno_v4_5/vocals/batch_1/1998_2_9deb35b9-de43-41b6-bc53-83ed1d5cc528_vocals.mp3,1998_2_9deb35b9-de43-41b6-bc53-83ed1d5cc528_vocals.mp3,Brandy and Monica,The Boy Is Mine,skipped,/home/data/kevinzhang/research/fractal_analysis/results/audio_melody_f0/cache/clean_contours/suno_v4_5_1998_02.npz,24.891791383219957,0.7884083619068687,,too_short,,,
yue_1952_02,yue,1952,02,/home/data/kevinzhang/research/fractal_analysis/audio_data/YuE/vocals/1952_2_Kay Starr_Wheel of Fortune_vocals.mp3,1952_2_Kay Starr_Wheel of Fortune_vocals.mp3,Kay Starr,Wheel of Fortune,success,/home/data/kevinzhang/research/fractal_analysis/results/audio_melody_f0/cache/clean_contours/yue_1952_02.npz,43.560634920634925,0.9584647739221872,0.9717484008528785,,0.6860828109301793,0.05159165751920966,0.001646542261251372
yue_1957_03,yue,1957,03,/home/data/kevinzhang/research/fractal_analysis/audio_data/YuE/vocals/1957_3_The Diamonds_Little Darlin_vocals.mp3,1957_3_The Diamonds_Little Darlin_vocals.mp3,The Diamonds,Little Darlin,success,/home/data/kevinzhang/research/fractal_analysis/results/audio_melody_f0/cache/clean_contours/yue_1957_03.npz,33.18131519274377,0.8331880267364138,0.9160251924422673,,0.615949885458068,0.03669724770642202,0.0007645259938837921
suno_v4_5_2002_04,suno_v4_5,2002,04,/home/data/kevinzhang/research/fractal_analysis/audio_data/suno_v4_5/vocals/batch_1/2002_4_3b4c0e1d-4964-41fb-8cf6-2e24cfc32860_vocals.mp3,2002_4_3b4c0e1d-4964-41fb-8cf6-2e24cfc32860_vocals.mp3,Nelly feat. Kelly Rowland,Dilemma,success,/home/data/kevinzhang/research/fractal_analysis/results/audio_melody_f0/cache/clean_contours/suno_v4_5_2002_04.npz,35.944489795918365,0.8018006090295247,0.8708010335917312,,0.6860828109301793,0.05270972531551596,0.0007423904974016332
suno_v4_5_2017_03,suno_v4_5,2017,03,/home/data/kevinzhang/research/fractal_analysis/audio_data/suno_v4_5/vocals/batch_1/2017_3_64aebdbf-4c20-4b77-8b80-c1e9e6a64e09_vocals.mp3,2017_3_64aebdbf-4c20-4b77-8b80-c1e9e6a64e09_vocals.mp3,Bruno Mars,That's What I Like,success,/home/data/kevinzhang/research/fractal_analysis/results/audio_melody_f0/cache/clean_contours/suno_v4_5_2017_03.npz,121.13850340136055,0.8790935289494367,0.9058846080122676,,0.6159498854580681,0.04486772486772487,0.0044444444444444444
yue_1958_02a,yue,1958,02a,/home/data/kevinzhang/research/fractal_analysis/audio_data/YuE/vocals/1958_2a_The Everly Brothers_All I Have to Do Is Dream_vocals.mp3,1958_2a_The Everly Brothers_All I Have to Do Is Dream_vocals.mp3,The Everly Brothers,All I Have to Do Is Dream,skipped,/home/data/kevinzhang/research/fractal_analysis/results/audio_melody_f0/cache/clean_contours/yue_1958_02a.npz,23.127074829931974,0.6597175521183591,,too_short,,,
yue_1960_02,yue,1960,02,/home/data/kevinzhang/research/fractal_analysis/audio_data/YuE/vocals/1960_2_Jim Reeves_He'll Have to Go_vocals.mp3,1960_2_Jim Reeves_He'll Have to Go_vocals.mp3,Jim Reeves,He'll Have to Go,skipped,/home/data/kevinzhang/research/fractal_analysis/results/audio_melody_f0/cache/clean_contours/yue_1960_02.npz,19.388662131519276,0.8568443051201672,,too_short,,,
suno_v4_5_2022_05,suno_v4_5,2022,05,/home/data/kevinzhang/research/fractal_analysis/audio_data/suno_v4_5/vocals/batch_1/2022_5_07279304-bfe2-4da2-ac81-741143eab540_vocals.mp3,2022_5_07279304-bfe2-4da2-ac81-741143eab540_vocals.mp3,Ed Sheeran,Shivers,success,/home/data/kevinzhang/research/fractal_analysis/results/audio_melody_f0/cache/clean_contours/suno_v4_5_2022_05.npz,50.24798185941043,0.7508644821340359,0.839648798521257,,0.3721358982975087,0.06828193832599119,0.004405286343612335
yue_1956_02,yue,1956,02,/home/data/kevinzhang/research/fractal_analysis/audio_data/YuE/vocals/1956_2_Elvis Presley_Don't Be Cruel_vocals.mp3,1956_2_Elvis Presley_Don't Be Cruel_vocals.mp3,Elvis Presley,Don't Be Cruel,skipped,/home/data/kevinzhang/research/fractal_analysis/results/audio_melody_f0/cache/clean_contours/yue_1956_02.npz,16.857687074829933,0.7148997134670487,,too_short,,,
yue_1957_02,yue,1957,02,/home/data/kevinzhang/research/fractal_analysis/audio_data/YuE/vocals/1957_2_Pat Boone_Love Letters in the Sand_vocals.mp3,1957_2_Pat Boone_Love Letters in the Sand_vocals.mp3,Pat Boone,Love Letters in the Sand,success,/home/data/kevinzhang/research/fractal_analysis/results/audio_melody_f0/cache/clean_contours/yue_1957_02.npz,37.198367346938774,0.8357400722021661,0.8433208489388264,,0.10857977072874497,0.056296296296296296,0.0022222222222222222
suno_v4_5_2009_04,suno_v4_5,2009,04,/home/data/kevinzhang/research/fractal_analysis/audio_data/suno_v4_5/vocals/batch_1/2009_4_3c5cb8a6-e897-4407-8f63-c0e250b3766a_vocals.mp3,2009_4_3c5cb8a6-e897-4407-8f63-c0e250b3766a_vocals.mp3,The Black Eyed Peas,I Gotta Feeling,success,/home/data/kevinzhang/research/fractal_analysis/results/audio_melody_f0/cache/clean_contours/suno_v4_5_2009_04.npz,34.969251700680275,0.48522130532633156,0.8127490039840638,,0.2796051653363588,0.07195421095666395,0.006541291905151268
suno_v4_5_2024_02,suno_v4_5,2024,02,/home/data/kevinzhang/research/fractal_analysis/audio_data/suno_v4_5/vocals/batch_1/2024_2_34048527-4b27-4e65-ac7f-b76388ed605a_vocals.mp3,2024_2_34048527-4b27-4e65-ac7f-b76388ed605a_vocals.mp3,Shaboozey,A Bar Song (Tipsy),success,/home/data/kevinzhang/research/fractal_analysis/results/audio_melody_f0/cache/clean_contours/suno_v4_5_2024_02.npz,68.61496598639457,0.6778462654097172,0.8033840947546531,,0.3721358982975087,0.08386009270965024,0.007163927517909819
yue_1958_04,yue,1958,04,/home/data/kevinzhang/research/fractal_analysis/audio_data/YuE/vocals/1958_4_David Seville_Witch Doctor_vocals.mp3,1958_4_David Seville_Witch Doctor_vocals.mp3,David Seville,Witch Doctor,skipped,/home/data/kevinzhang/research/fractal_analysis/results/audio_melody_f0/cache/clean_contours/yue_1958_04.npz,15.766349206349206,0.5178190679256778,,too_short,,,
yue_1960_03,yue,1960,03,/home/data/kevinzhang/research/fractal_analysis/audio_data/YuE/vocals/1960_3_The Everly Brothers_Cathy's Clown_vocals.mp3,1960_3_The Everly Brothers_Cathy's Clown_vocals.mp3,The Everly Brothers,Cathy's Clown,skipped,/home/data/kevinzhang/research/fractal_analysis/results/audio_melody_f0/cache/clean_contours/yue_1960_03.npz,28.212244897959184,0.821501014198783,,too_short,,,
suno_v4_5_2014_03,suno_v4_5,2014,03,/home/data/kevinzhang/research/fractal_analysis/audio_data/suno_v4_5/vocals/batch_1/2014_3_454b1b36-b1fa-43f4-9605-310d03445249_vocals.mp3,2014_3_454b1b36-b1fa-43f4-9605-310d03445249_vocals.mp3,John Legend,All of Me,success,/home/data/kevinzhang/research/fractal_analysis/results/audio_melody_f0/cache/clean_contours/suno_v4_5_2014_03.npz,49.55138321995465,0.8571747627024009,0.8847235238987816,,0.7571601330199094,0.041865394806571275,0.001589825119236884
suno_v4_5_2016_03,suno_v4_5,2016,03,/home/data/kevinzhang/research/fractal_analysis/audio_data/suno_v4_5/vocals/batch_1/2016_3_bd16209a-052f-4692-b8a7-713444155eab_vocals.mp3,2016_3_bd16209a-052f-4692-b8a7-713444155eab_vocals.mp3,Drake feat. Wizkid and Kyla,One Dance,success,/home/data/kevinzhang/research/fractal_analysis/results/audio_melody_f0/cache/clean_contours/suno_v4_5_2016_03.npz,55.49569160997733,0.8491923122273317,0.9037656903765691,,0.6860828109301793,0.03890690134321445,0.0013895321908290875
yue_1958_01,yue,1958,01,/home/data/kevinzhang/research/fractal_analysis/audio_data/YuE/vocals/1958_1_Domenico Modugno_Volare (Nel blu dipinto di blu)_vocals.mp3,1958_1_Domenico Modugno_Volare (Nel blu dipinto di blu)_vocals.mp3,Domenico Modugno,Volare (Nel blu dipinto di blu),skipped,/home/data/kevinzhang/research/fractal_analysis/results/audio_melody_f0/cache/clean_contours/yue_1958_01.npz,24.473832199546486,0.8105130626377085,,too_short,,,
yue_1958_02b,yue,1958,02b,/home/data/kevinzhang/research/fractal_analysis/audio_data/YuE/vocals/1958_2b_The Everly Brothers_Claudette_vocals.mp3,1958_2b_The Everly Brothers_Claudette_vocals.mp3,The Everly Brothers,Claudette,skipped,/home/data/kevinzhang/research/fractal_analysis/results/audio_melody_f0/cache/clean_contours/yue_1958_02b.npz,10.54185941043084,0.7260950030845157,,too_short,,,
yue_1952_01,yue,1952,01,/home/data/kevinzhang/research/fractal_analysis/audio_data/YuE/vocals/1952_1_Leroy Anderson_Blue Tango_vocals.mp3,1952_1_Leroy Anderson_Blue Tango_vocals.mp3,Leroy Anderson,Blue Tango,success,/home/data/kevinzhang/research/fractal_analysis/results/audio_melody_f0/cache/clean_contours/yue_1952_01.npz,45.3253514739229,0.28527200353825743,0.30276639344262296,,0.10857977072874496,0.04745762711864407,0.013559322033898305
yue_1960_04,yue,1960,04,/home/data/kevinzhang/research/fractal_analysis/audio_data/YuE/vocals/1960_4_Johnny Preston_Running Bear_vocals.mp3,1960_4_Johnny Preston_Running Bear_vocals.mp3,Johnny Preston,Running Bear,success,/home/data/kevinzhang/research/fractal_analysis/results/audio_melody_f0/cache/clean_contours/yue_1960_04.npz,39.450702947845805,0.929350947731189,0.949970570924073,,0.24075439447557428,0.06261624302541847,0.0024798512089274642
yue_1950_03,yue,1950,03,/home/data/kevinzhang/research/fractal_analysis/audio_data/YuE/vocals/1950_3_Anton Karas_Third Man Theme_vocals.mp3,1950_3_Anton Karas_Third Man Theme_vocals.mp3,Anton Karas,Third Man Theme,skipped,/home/data/kevinzhang/research/fractal_analysis/results/audio_melody_f0/cache/clean_contours/yue_1950_03.npz,16.602267573696146,0.34279918864097364,,too_short,,,
yue_1956_05,yue,1956,05,/home/data/kevinzhang/research/fractal_analysis/audio_data/YuE/vocals/1956_5_Gogi Grant_The Wayward Wind_vocals.mp3,1956_5_Gogi Grant_The Wayward Wind_vocals.mp3,Gogi Grant,The Wayward Wind,skipped,/home/data/kevinzhang/research/fractal_analysis/results/audio_melody_f0/cache/clean_contours/yue_1956_05.npz,28.026485260770976,0.8651897242517087,,too_short,,,
suno_v4_5_2018_02,suno_v4_5,2018,02,/home/data/kevinzhang/research/fractal_analysis/audio_data/suno_v4_5/vocals/batch_1/2018_2_954b9da3-1fcb-427c-98a3-ccad32ec2181_vocals.mp3,2018_2_954b9da3-1fcb-427c-98a3-ccad32ec2181_vocals.mp3,Ed Sheeran,Perfect,skipped,/home/data/kevinzhang/research/fractal_analysis/results/audio_melody_f0/cache/clean_contours/suno_v4_5_2018_02.npz,19.922721088435374,0.685968284478616,,too_short,,,
suno_v4_5_2022_01,suno_v4_5,2022,01,/home/data/kevinzhang/research/fractal_analysis/audio_data/suno_v4_5/vocals/batch_1/2022_1_cdbdca20-c1de-4ed1-a151-948e42b357fb_vocals.mp3,2022_1_cdbdca20-c1de-4ed1-a151-948e42b357fb_vocals.mp3,Glass Animals,Heat Waves,success,/home/data/kevinzhang/research/fractal_analysis/results/audio_melody_f0/cache/clean_contours/suno_v4_5_2022_01.npz,60.58086167800454,0.8354107648725212,0.9241088539670371,,0.7571601330199093,0.03278008298755187,0.0016597510373443983
suno_v4_5_2020_03,suno_v4_5,2020,03,/home/data/kevinzhang/research/fractal_analysis/audio_data/suno_v4_5/vocals/batch_1/2020_3_122976ab-2caf-49e0-b273-ae5df0088da1_vocals.mp3,2020_3_122976ab-2caf-49e0-b273-ae5df0088da1_vocals.mp3,Roddy Ricch,The Box,success,/home/data/kevinzhang/research/fractal_analysis/results/audio_melody_f0/cache/clean_contours/suno_v4_5_2020_03.npz,89.11818594104308,0.7723790763843291,0.8387180823345493,,0.3721358982975087,0.049098819142324425,0.003418272218769422
suno_v4_5_2007_02,suno_v4_5,2007,02,/home/data/kevinzhang/research/fractal_analysis/audio_data/suno_v4_5/vocals/batch_1/2007_2_6e8383a4-7ef8-4500-9275-436107abeef3_vocals.mp3,2007_2_6e8383a4-7ef8-4500-9275-436107abeef3_vocals.mp3,Rihanna feat. Jay-Z,Umbrella,success,/home/data/kevinzhang/research/fractal_analysis/results/audio_melody_f0/cache/clean_contours/suno_v4_5_2007_02.npz,41.86557823129252,0.7861866274797943,0.8369384359400999,,0.48498680771591124,0.06631299734748011,0.005968169761273209
yue_1960_01,yue,1960,01,"/home/data/kevinzhang/research/fractal_analysis/audio_data/YuE/vocals/1960_1_Percy Faith_The Theme from ""A Summer Place""_vocals.mp3","1960_1_Percy Faith_The Theme from ""A Summer Place""_vocals.mp3",Percy Faith,The Theme from 'A Summer Place',skipped,/home/data/kevinzhang/research/fractal_analysis/results/audio_melody_f0/cache/clean_contours/yue_1960_01.npz,17.368526077097506,0.2528931245745405,,too_short,,,
yue_1950_02,yue,1950,02,/home/data/kevinzhang/research/fractal_analysis/audio_data/YuE/vocals/1950_2_Nat King Cole_Mona Lisa_vocals.mp3,1950_2_Nat King Cole_Mona Lisa_vocals.mp3,Nat King Cole,Mona Lisa,skipped,/home/data/kevinzhang/research/fractal_analysis/results/audio_melody_f0/cache/clean_contours/yue_1950_02.npz,16.532607709750568,0.8039426523297492,,too_short,,,
suno_v4_5_2023_01,suno_v4_5,2023,01,/home/data/kevinzhang/research/fractal_analysis/audio_data/suno_v4_5/vocals/batch_1/2023_1_b7784b0c-4d80-4a3c-b25f-5da2817a2055_vocals.mp3,2023_1_b7784b0c-4d80-4a3c-b25f-5da2817a2055_vocals.mp3,Morgan Wallen,Last Night,skipped,/home/data/kevinzhang/research/fractal_analysis/results/audio_melody_f0/cache/clean_contours/suno_v4_5_2023_01.npz,26.447528344671202,0.6366054801808991,,too_short,,,
suno_v4_5_2006_04,suno_v4_5,2006,04,/home/data/kevinzhang/research/fractal_analysis/audio_data/suno_v4_5/vocals/batch_1/2006_4_6be383b5-7f77-444c-947e-ddafad997c4c_vocals.mp3,2006_4_6be383b5-7f77-444c-947e-ddafad997c4c_vocals.mp3,James Blunt,You're Beautiful,skipped,/home/data/kevinzhang/research/fractal_analysis/results/audio_melody_f0/cache/clean_contours/suno_v4_5_2006_04.npz,28.723083900226758,0.7776286353467562,,too_short,,,
suno_v4_5_2023_04,suno_v4_5,2023,04,/home/data/kevinzhang/research/fractal_analysis/audio_data/suno_v4_5/vocals/batch_1/2023_4_24718d21-fc55-45f7-b3d6-3fc956f40c59_vocals.mp3,2023_4_24718d21-fc55-45f7-b3d6-3fc956f40c59_vocals.mp3,Taylor Swift,Anti-Hero,skipped,/home/data/kevinzhang/research/fractal_analysis/results/audio_melody_f0/cache/clean_contours/suno_v4_5_2023_04.npz,23.1502947845805,0.7382912290661369,,too_short,,,
suno_v4_5_2000_05,suno_v4_5,2000,05,/home/data/kevinzhang/research/fractal_analysis/audio_data/suno_v4_5/vocals/batch_1/2000_5_76aa38de-a976-4066-9578-8db81ed69e0c_vocals.mp3,2000_5_76aa38de-a976-4066-9578-8db81ed69e0c_vocals.mp3,Vertical Horizon,Everything You Want,skipped,/home/data/kevinzhang/research/fractal_analysis/results/audio_melody_f0/cache/clean_contours/suno_v4_5_2000_05.npz,23.359274376417233,0.6928634948866162,,too_short,,,
suno_v4_5_2015_02,suno_v4_5,2015,02,/home/data/kevinzhang/research/fractal_analysis/audio_data/suno_v4_5/vocals/batch_1/2015_2_485305d2-9ab2-4376-9a40-30c7c4baa47b_vocals.mp3,2015_2_485305d2-9ab2-4376-9a40-30c7c4baa47b_vocals.mp3,Ed Sheeran,Thinking Out Loud,success,/home/data/kevinzhang/research/fractal_analysis/results/audio_melody_f0/cache/clean_contours/suno_v4_5_2015_02.npz,34.22621315192744,0.8030009186485659,0.8704206241519674,,0.7571601330199093,0.05382215288611544,0.0046801872074883
suno_v4_5_2023_03,suno_v4_5,2023,03,/home/data/kevinzhang/research/fractal_analysis/audio_data/suno_v4_5/vocals/batch_1/2023_3_e9a3ef39-234c-4baf-a785-0708d4ec49fd_vocals.mp3,2023_3_e9a3ef39-234c-4baf-a785-0708d4ec49fd_vocals.mp3,SZA,Kill Bill,success,/home/data/kevinzhang/research/fractal_analysis/results/audio_melody_f0/cache/clean_contours/suno_v4_5_2023_03.npz,174.93913832199547,0.9342978497478099,0.9342978497478099,,0.7571601330199094,0.03339016766126741,0.0025575447570332483
suno_v4_5_2020_01,suno_v4_5,2020,01,/home/data/kevinzhang/research/fractal_analysis/audio_data/suno_v4_5/vocals/batch_1/2020_1_7f873593-96a8-421e-a4e3-5a012a784ef9_vocals.mp3,2020_1_7f873593-96a8-421e-a4e3-5a012a784ef9_vocals.mp3,The Weeknd,Blinding Lights,success,/home/data/kevinzhang/research/fractal_analysis/results/audio_melody_f0/cache/clean_contours/suno_v4_5_2020_01.npz,53.3362358276644,0.7828970331588133,0.8794079233783195,,0.3721358982975087,0.08568598315998019,0.0
yue_1960_05,yue,1960,05,/home/data/kevinzhang/research/fractal_analysis/audio_data/YuE/vocals/1960_5_Mark Dinning_Teen Angel_vocals.mp3,1960_5_Mark Dinning_Teen Angel_vocals.mp3,Mark Dinning,Teen Angel,skipped,/home/data/kevinzhang/research/fractal_analysis/results/audio_melody_f0/cache/clean_contours/yue_1960_05.npz,19.853061224489796,0.7693493678692569,,too_short,,,
suno_v4_5_2003_05,suno_v4_5,2003,05,/home/data/kevinzhang/research/fractal_analysis/audio_data/suno_v4_5/vocals/batch_1/2003_5_57f35110-45f7-4015-a216-fc92a6357bb4_vocals.mp3,2003_5_57f35110-45f7-4015-a216-fc92a6357bb4_vocals.mp3,3 Doors Down,When I'm Gone,success,/home/data/kevinzhang/research/fractal_analysis/results/audio_melody_f0/cache/clean_contours/suno_v4_5_2003_05.npz,50.178321995464856,0.7227938506234112,0.8732068486811662,,0.6159498854580678,0.047189819724284196,0.004772004241781549
yue_1962_03,yue,1962,03,/home/data/kevinzhang/research/fractal_analysis/audio_data/YuE/vocals/1962_3_Dee Dee Sharp_Mashed Potato Time_vocals.mp3,1962_3_Dee Dee Sharp_Mashed Potato Time_vocals.mp3,Dee Dee Sharp,Mashed Potato Time,skipped,/home/data/kevinzhang/research/fractal_analysis/results/audio_melody_f0/cache/clean_contours/yue_1962_03.npz,24.473832199546486,0.5833872010342599,,too_short,,,
yue_1957_05,yue,1957,05,/home/data/kevinzhang/research/fractal_analysis/audio_data/YuE/vocals/1957_5_Jimmy Dorsey_So Rare_vocals.mp3,1957_5_Jimmy Dorsey_So Rare_vocals.mp3,Jimmy Dorsey,So Rare,success,/home/data/kevinzhang/research/fractal_analysis/results/audio_melody_f0/cache/clean_contours/yue_1957_05.npz,32.25251700680272,0.618607516943931,0.7667386609071274,,0.42606232904328145,0.06484962406015038,0.002819548872180451
suno_v4_5_2007_01,suno_v4_5,2007,01,/home/data/kevinzhang/research/fractal_analysis/audio_data/suno_v4_5/vocals/batch_1/2007_1_235472ea-78f6-43c8-a7f0-d2da936a9279_vocals.mp3,2007_1_235472ea-78f6-43c8-a7f0-d2da936a9279_vocals.mp3,Beyonce,Irreplaceable,success,/home/data/kevinzhang/research/fractal_analysis/results/audio_melody_f0/cache/clean_contours/suno_v4_5_2007_01.npz,70.03138321995465,0.838923337091319,0.8730106100795756,,0.5485250542599845,0.06800911854103343,0.001899696048632219
yue_1963_01,yue,1963,01,/home/data/kevinzhang/research/fractal_analysis/audio_data/YuE/vocals/1963_1_The Beach Boys_Surfin' USA_vocals.mp3,1963_1_The Beach Boys_Surfin' USA_vocals.mp3,The Beach Boys,Surfin' USA,success,/home/data/kevinzhang/research/fractal_analysis/results/audio_melody_f0/cache/clean_contours/yue_1963_01.npz,65.82857142857144,0.9035583638177586,0.9375661375661376,,0.2065067991177523,0.048927361686112156,0.0060218291305984195
yue_1950_01,yue,1950,01,/home/data/kevinzhang/research/fractal_analysis/audio_data/YuE/vocals/1950_1_Gordon Jenkins & The Weavers_Goodnight Irene_vocals.mp3,1950_1_Gordon Jenkins & The Weavers_Goodnight Irene_vocals.mp3,Gordon Jenkins & The Weavers,Goodnight Irene,success,/home/data/kevinzhang/research/fractal_analysis/results/audio_melody_f0/cache/clean_contours/yue_1950_01.npz,42.00489795918367,0.7455414012738854,0.9071310116086235,,0.4849868077159113,0.042682926829268296,0.003658536585365854
suno_v4_5_2021_01,suno_v4_5,2021,01,/home/data/kevinzhang/research/fractal_analysis/audio_data/suno_v4_5/vocals/batch_1/2021_1_4681d5fb-cd3f-49d8-b950-c884082292ee_vocals.mp3,2021_1_4681d5fb-cd3f-49d8-b950-c884082292ee_vocals.mp3,Dua Lipa,Levitating,success,/home/data/kevinzhang/research/fractal_analysis/results/audio_melody_f0/cache/clean_contours/suno_v4_5_2021_01.npz,35.71229024943311,0.7027315407597098,0.8010403120936281,,0.37213589829750865,0.059301380991064176,0.00974817221770918
yue_1961_03,yue,1961,03,/home/data/kevinzhang/research/fractal_analysis/audio_data/YuE/vocals/1961_3_The Highwaymen_Michael (Row the Boat Ashore)_vocals.mp3,1961_3_The Highwaymen_Michael (Row the Boat Ashore)_vocals.mp3,The Highwaymen,Michael (Row the Boat Ashore),skipped,/home/data/kevinzhang/research/fractal_analysis/results/audio_melody_f0/cache/clean_contours/yue_1961_03.npz,23.521814058956917,0.7931288343558283,,too_short,,,
suno_v4_5_1981_05,suno_v4_5,1981,05,/home/data/kevinzhang/research/fractal_analysis/audio_data/suno_v4_5/vocals/batch_1/1981_5_3a4a1015-cb65-41a4-8091-1942059603e8_vocals.mp3,1981_5_3a4a1015-cb65-41a4-8091-1942059603e8_vocals.mp3,Rick Springfield,Jessie's Girl,success,/home/data/kevinzhang/research/fractal_analysis/results/audio_melody_f0/cache/clean_contours/suno_v4_5_1981_05.npz,46.37024943310658,0.6291638341264446,0.8447671507260891,,0.2796051653363589,0.05219454329774614,0.008896797153024912
yue_1965_02,yue,1965,02,/home/data/kevinzhang/research/fractal_analysis/audio_data/YuE/vocals/1965_2_Four Tops_I Can't Help Myself (Sugar Pie Honey Bunch)_vocals.mp3,1965_2_Four Tops_I Can't Help Myself (Sugar Pie Honey Bunch)_vocals.mp3,Four Tops,I Can't Help Myself (Sugar Pie Honey Bunch),skipped,/home/data/kevinzhang/research/fractal_analysis/results/audio_melody_f0/cache/clean_contours/yue_1965_02.npz,27.00480725623583,0.6813040585495675,,too_short,,,
suno_v4_5_2013_01,suno_v4_5,2013,01,/home/data/kevinzhang/research/fractal_analysis/audio_data/suno_v4_5/vocals/batch_1/2013_1_593b03bc-fe03-425c-8300-2b56bebd2769_vocals.mp3,2013_1_593b03bc-fe03-425c-8300-2b56bebd2769_vocals.mp3,Macklemore and Ryan Lewis feat. Wanz,Thrift Shop,skipped,/home/data/kevinzhang/research/fractal_analysis/results/audio_melody_f0/cache/clean_contours/suno_v4_5_2013_01.npz,21.780317460317463,0.4470373746581586,,too_short,,,
yue_1965_03,yue,1965,03,/home/data/kevinzhang/research/fractal_analysis/audio_data/YuE/vocals/1965_3_The Rolling Stones_(I Can't Get No) Satisfaction_vocals.mp3,1965_3_The Rolling Stones_(I Can't Get No) Satisfaction_vocals.mp3,The Rolling Stones,(I Can't Get No) Satisfaction,success,/home/data/kevinzhang/research/fractal_analysis/results/audio_melody_f0/cache/clean_contours/yue_1965_03.npz,48.32072562358277,0.5121527777777778,0.8130706391158097,,0.20650679911775227,0.07628622117090479,0.002365464222353637
yue_1968_02,yue,1968,02,/home/data/kevinzhang/research/fractal_analysis/audio_data/YuE/vocals/1968_2_Paul Mauriat_Love is Blue_vocals.mp3,1968_2_Paul Mauriat_Love is Blue_vocals.mp3,Paul Mauriat,Love is Blue,skipped,/home/data/kevinzhang/research/fractal_analysis/results/audio_melody_f0/cache/clean_contours/yue_1968_02.npz,23.1502947845805,0.10948631421072366,,too_short,,,
yue_1953_03,yue,1953,03,/home/data/kevinzhang/research/fractal_analysis/audio_data/YuE/vocals/1953_3_Patti Page_(How Much Is) That Doggie in the Window_vocals.mp3,1953_3_Patti Page_(How Much Is) That Doggie in the Window_vocals.mp3,Patti Page,(How Much Is) That Doggie in the Window,skipped,/home/data/kevinzhang/research/fractal_analysis/results/audio_melody_f0/cache/clean_contours/yue_1953_03.npz,17.04344671201814,0.7768542199488491,,too_short,,,
yue_1951_04,yue,1951,04,/home/data/kevinzhang/research/fractal_analysis/audio_data/YuE/vocals/1951_4_Rosemary Clooney_Come on-a My House_vocals.mp3,1951_4_Rosemary Clooney_Come on-a My House_vocals.mp3,Rosemary Clooney,Come on-a My House,success,/home/data/kevinzhang/research/fractal_analysis/results/audio_melody_f0/cache/clean_contours/yue_1951_04.npz,39.96154195011338,0.7618729096989967,0.9128413712957583,,0.6860828109301792,0.062420382165605096,0.0
yue_1952_05,yue,1952,05,/home/data/kevinzhang/research/fractal_analysis/audio_data/YuE/vocals/1952_5_Vera Lynn_Auf Wiederseh’n Sweetheart_vocals.mp3,1952_5_Vera Lynn_Auf Wiederseh’n Sweetheart_vocals.mp3,Vera Lynn,Auf Wiederseh’n Sweetheart,success,/home/data/kevinzhang/research/fractal_analysis/results/audio_melody_f0/cache/clean_contours/yue_1952_05.npz,63.43691609977324,0.9418434528163863,0.9425329428989752,,0.615949885458068,0.04040404040404041,0.001554001554001554
yue_1955_01,yue,1955,01,/home/data/kevinzhang/research/fractal_analysis/audio_data/YuE/vocals/1955_1_Perez Prado_Cherry Pink and Apple Blossom White_vocals.mp3,1955_1_Perez Prado_Cherry Pink and Apple Blossom White_vocals.mp3,Perez Prado,Cherry Pink and Apple Blossom White,skipped,/home/data/kevinzhang/research/fractal_analysis/results/audio_melody_f0/cache/clean_contours/yue_1955_01.npz,38.47546485260771,0.1136761105281567,,low_region_voiced_coverage,,,
suno_v4_5_2015_03,suno_v4_5,2015,03,/home/data/kevinzhang/research/fractal_analysis/audio_data/suno_v4_5/vocals/batch_1/2015_3_a5b96ee6-bc10-4ce1-adf4-86b1a7e00b09_vocals.mp3,2015_3_a5b96ee6-bc10-4ce1-adf4-86b1a7e00b09_vocals.mp3,Wiz Khalifa feat. Charlie Puth,See You Again,success,/home/data/kevinzhang/research/fractal_analysis/results/audio_melody_f0/cache/clean_contours/suno_v4_5_2015_03.npz,34.27265306122449,0.5845246604717655,0.8130081300813008,,0.3721358982975087,0.08757297748123437,0.0050041701417848205
suno_v4_5_2024_03,suno_v4_5,2024,03,/home/data/kevinzhang/research/fractal_analysis/audio_data/suno_v4_5/vocals/batch_1/2024_3_946e3ef2-a11a-4d43-a6ba-af9e767fb47e_vocals.mp3,2024_3_946e3ef2-a11a-4d43-a6ba-af9e767fb47e_vocals.mp3,Benson Boone,Beautiful Things,success,/home/data/kevinzhang/research/fractal_analysis/results/audio_melody_f0/cache/clean_contours/suno_v4_5_2024_03.npz,44.30367346938775,0.846403110823072,0.90041928721174,,0.8266685594724996,0.037274315666860805,0.0023296447291788003
suno_v4_5_2012_04,suno_v4_5,2012,04,/home/data/kevinzhang/research/fractal_analysis/audio_data/suno_v4_5/vocals/batch_1/2012_4_78a6e6bd-4180-40f0-aaa3-2065883b4480_vocals.mp3,2012_4_78a6e6bd-4180-40f0-aaa3-2065883b4480_vocals.mp3,Maroon 5 feat. Wiz Khalifa,Payphone,success,/home/data/kevinzhang/research/fractal_analysis/results/audio_melody_f0/cache/clean_contours/suno_v4_5_2012_04.npz,42.120997732426304,0.8036036036036036,0.9007717750826902,,0.6860828109301793,0.054500918554807105,0.004286589099816289
yue_1970_01,yue,1970,01,/home/data/kevinzhang/research/fractal_analysis/audio_data/YuE/vocals/1970_1_Simon and Garfunkel_Bridge Over Troubled Water_vocals.mp3,1970_1_Simon and Garfunkel_Bridge Over Troubled Water_vocals.mp3,Simon and Garfunkel,Bridge Over Troubled Water,success,/home/data/kevinzhang/research/fractal_analysis/results/audio_melody_f0/cache/clean_contours/yue_1970_01.npz,77.78684807256236,0.9242871189773845,0.9232835820895522,,0.8911444948731203,0.022315653298835704,0.002263906856403622
yue_1970_05,yue,1970,05,/home/data/kevinzhang/research/fractal_analysis/audio_data/YuE/vocals/1970_5_Edwin Starr_War_vocals.mp3,1970_5_Edwin Starr_War_vocals.mp3,Edwin Starr,War,skipped,/home/data/kevinzhang/research/fractal_analysis/results/audio_melody_f0/cache/clean_contours/yue_1970_05.npz,9.566621315192744,0.4030595277685401,,too_short,,,
suno_v4_5_2017_04,suno_v4_5,2017,04,/home/data/kevinzhang/research/fractal_analysis/audio_data/suno_v4_5/vocals/batch_1/2017_4_cf7ffee7-ff7c-42e8-a106-8b2bbd687ed0_vocals.mp3,2017_4_cf7ffee7-ff7c-42e8-a106-8b2bbd687ed0_vocals.mp3,Kendrick Lamar,Humble,skipped,/home/data/kevinzhang/research/fractal_analysis/results/audio_melody_f0/cache/clean_contours/suno_v4_5_2017_04.npz,21.269478458049885,0.48497766950872917,,too_short,,,
yue_1954_05,yue,1954,05,/home/data/kevinzhang/research/fractal_analysis/audio_data/YuE/vocals/1954_5_Jo Stafford_Make Love to Me_vocals.mp3,1954_5_Jo Stafford_Make Love to Me_vocals.mp3,Jo Stafford,Make Love to Me,skipped,/home/data/kevinzhang/research/fractal_analysis/results/audio_melody_f0/cache/clean_contours/yue_1954_05.npz,22.755555555555556,0.8010909090909091,,too_short,,,
yue_1956_04,yue,1956,04,/home/data/kevinzhang/research/fractal_analysis/audio_data/YuE/vocals/1956_4_The Platters_My Prayer_vocals.mp3,1956_4_The Platters_My Prayer_vocals.mp3,The Platters,My Prayer,success,/home/data/kevinzhang/research/fractal_analysis/results/audio_melody_f0/cache/clean_contours/yue_1956_04.npz,83.12743764172336,0.9580088987764183,0.9622905027932961,,0.2065067991177523,0.04065040650406504,0.002613240418118467
yue_1971_02a,yue,1971,02a,/home/data/kevinzhang/research/fractal_analysis/audio_data/YuE/vocals/1971_2a_Rod Stewart_Maggie May_vocals.mp3,1971_2a_Rod Stewart_Maggie May_vocals.mp3,Rod Stewart,Maggie May,skipped,/home/data/kevinzhang/research/fractal_analysis/results/audio_melody_f0/cache/clean_contours/yue_1971_02a.npz,19.13324263038549,0.6971210340775558,,too_short,,,
yue_1957_01,yue,1957,01,/home/data/kevinzhang/research/fractal_analysis/audio_data/YuE/vocals/1957_1_Elvis Presley_All Shook Up_vocals.mp3,1957_1_Elvis Presley_All Shook Up_vocals.mp3,Elvis Presley,All Shook Up,success,/home/data/kevinzhang/research/fractal_analysis/results/audio_melody_f0/cache/clean_contours/yue_1957_01.npz,41.703038548752836,0.8984983314794216,0.8958797327394209,,0.32333605839064083,0.10634328358208955,0.0037313432835820895
yue_1968_04,yue,1968,04,/home/data/kevinzhang/research/fractal_analysis/audio_data/YuE/vocals/1968_4_Otis Redding_(Sittin' On) The Dock of the Bay_vocals.mp3,1968_4_Otis Redding_(Sittin' On) The Dock of the Bay_vocals.mp3,Otis Redding,(Sittin' On) The Dock of the Bay,skipped,/home/data/kevinzhang/research/fractal_analysis/results/audio_melody_f0/cache/clean_contours/yue_1968_04.npz,19.388662131519276,0.7189542483660131,,too_short,,,
yue_1955_04,yue,1955,04,/home/data/kevinzhang/research/fractal_analysis/audio_data/YuE/vocals/1955_4_Roger Williams_Autumn Leaves_vocals.mp3,1955_4_Roger Williams_Autumn Leaves_vocals.mp3,Roger Williams,Autumn Leaves,skipped,/home/data/kevinzhang/research/fractal_analysis/results/audio_melody_f0/cache/clean_contours/yue_1955_04.npz,15.39482993197279,0.24809923969587835,,too_short,,,
yue_1971_05,yue,1971,05,/home/data/kevinzhang/research/fractal_analysis/audio_data/YuE/vocals/1971_5_Bee Gees_How Can You Mend a Broken Heart_vocals.mp3,1971_5_Bee Gees_How Can You Mend a Broken Heart_vocals.mp3,Bee Gees,How Can You Mend a Broken Heart,skipped,/home/data/kevinzhang/research/fractal_analysis/results/audio_melody_f0/cache/clean_contours/yue_1971_05.npz,20.96761904761905,0.6098550724637681,,too_short,,,
yue_1953_02,yue,1953,02,/home/data/kevinzhang/research/fractal_analysis/audio_data/YuE/vocals/1953_2_Les Paul & Mary Ford_Vaya con Dios_vocals.mp3,1953_2_Les Paul & Mary Ford_Vaya con Dios_vocals.mp3,Les Paul & Mary Ford,Vaya con Dios,success,/home/data/kevinzhang/research/fractal_analysis/results/audio_melody_f0/cache/clean_contours/yue_1953_02.npz,60.116462585034014,0.4581988853036081,0.32444959443800697,,0.8266685594724996,0.026221692491060787,0.0
yue_1972_05,yue,1972,05,/home/data/kevinzhang/research/fractal_analysis/audio_data/YuE/vocals/1972_5_Sammy Davis Jr._The Candy Man_vocals.mp3,1972_5_Sammy Davis Jr._The Candy Man_vocals.mp3,Sammy Davis Jr.,The Candy Man,success,/home/data/kevinzhang/research/fractal_analysis/results/audio_melody_f0/cache/clean_contours/yue_1972_05.npz,45.139591836734695,0.7558933002481389,0.9279835390946503,,0.24075439447557428,0.06655574043261231,0.0033277870216306157
suno_v4_5_2009_03,suno_v4_5,2009,03,/home/data/kevinzhang/research/fractal_analysis/audio_data/suno_v4_5/vocals/batch_1/2009_3_6c65d1d0-4129-40d8-b566-00bd049588e8_vocals.mp3,2009_3_6c65d1d0-4129-40d8-b566-00bd049588e8_vocals.mp3,Lady Gaga feat. Colby O'Donis,Just Dance,success,/home/data/kevinzhang/research/fractal_analysis/results/audio_melody_f0/cache/clean_contours/suno_v4_5_2009_03.npz,30.812879818594105,0.6351906989933361,0.43406179351921625,,0.20650679911775227,0.08521739130434783,0.0052173913043478265
suno_v4_5_2005_01,suno_v4_5,2005,01,/home/data/kevinzhang/research/fractal_analysis/audio_data/suno_v4_5/vocals/batch_1/2005_1_85554972-c383-4686-8d54-767aa26a1ae7_vocals.mp3,2005_1_85554972-c383-4686-8d54-767aa26a1ae7_vocals.mp3,Mariah Carey,We Belong Together,success,/home/data/kevinzhang/research/fractal_analysis/results/audio_melody_f0/cache/clean_contours/suno_v4_5_2005_01.npz,34.15655328798186,0.8097132826214161,0.8653976886471788,,0.7571601330199094,0.03459119496855346,0.0047169811320754715
suno_v4_5_2009_05,suno_v4_5,2009,05,/home/data/kevinzhang/research/fractal_analysis/audio_data/suno_v4_5/vocals/batch_1/2009_5_4b7ec41c-63ee-4604-9312-fff3929aeb75_vocals.mp3,2009_5_4b7ec41c-63ee-4604-9312-fff3929aeb75_vocals.mp3,Taylor Swift,Love Story,success,/home/data/kevinzhang/research/fractal_analysis/results/audio_melody_f0/cache/clean_contours/suno_v4_5_2009_05.npz,45.302131519274376,0.7669232811255641,0.8154792414146591,,0.8266685594724995,0.050314465408805034,0.006289308176100629
suno_v4_5_2018_05,suno_v4_5,2018,05,/home/data/kevinzhang/research/fractal_analysis/audio_data/suno_v4_5/vocals/batch_1/2018_5_4e73f817-605e-42a1-8842-9582c202dcb5_vocals.mp3,2018_5_4e73f817-605e-42a1-8842-9582c202dcb5_vocals.mp3,Post Malone feat. 21 Savage,rockstar,success,/home/data/kevinzhang/research/fractal_analysis/results/audio_melody_f0/cache/clean_contours/suno_v4_5_2018_05.npz,99.49750566893424,0.8232595252343906,0.8882147024504085,,0.5485250542599844,0.06491458607095926,0.003416557161629435
suno_v4_5_2006_01,suno_v4_5,2006,01,/home/data/kevinzhang/research/fractal_analysis/audio_data/suno_v4_5/vocals/batch_1/2006_1_a0a72ad6-4a87-4210-ae0c-f419dbe2dcc5_vocals.mp3,2006_1_a0a72ad6-4a87-4210-ae0c-f419dbe2dcc5_vocals.mp3,Daniel Powter,Bad Day,skipped,/home/data/kevinzhang/research/fractal_analysis/results/audio_melody_f0/cache/clean_contours/suno_v4_5_2006_01.npz,23.127074829931974,0.7730117340286832,,too_short,,,
suno_v4_5_2006_05,suno_v4_5,2006,05,/home/data/kevinzhang/research/fractal_analysis/audio_data/suno_v4_5/vocals/batch_1/2006_5_104c3008-d865-48b5-9298-386a993c6267_vocals.mp3,2006_5_104c3008-d865-48b5-9298-386a993c6267_vocals.mp3,Shakira feat. Wyclef Jean,Hips Don't Lie,skipped,/home/data/kevinzhang/research/fractal_analysis/results/audio_melody_f0/cache/clean_contours/suno_v4_5_2006_05.npz,29.559002267573696,0.6399303695768612,,too_short,,,
suno_v4_5_2010_03,suno_v4_5,2010,03,/home/data/kevinzhang/research/fractal_analysis/audio_data/suno_v4_5/vocals/batch_1/2010_3_0ce8e22b-2f57-4020-a587-df5ec8d3de29_vocals.mp3,2010_3_0ce8e22b-2f57-4020-a587-df5ec8d3de29_vocals.mp3,Train,"Hey, Soul Sister",success,/home/data/kevinzhang/research/fractal_analysis/results/audio_melody_f0/cache/clean_contours/suno_v4_5_2010_03.npz,52.63963718820862,0.8383910678499857,0.8614909572121747,,0.3233360583906409,0.07274590163934426,0.005122950819672131
suno_v4_5_2008_02,suno_v4_5,2008,02,/home/data/kevinzhang/research/fractal_analysis/audio_data/suno_v4_5/vocals/batch_1/2008_2_0f2f846f-00b3-4525-ae62-de4986c6e494_vocals.mp3,2008_2_0f2f846f-00b3-4525-ae62-de4986c6e494_vocals.mp3,Leona Lewis,Bleeding Love,success,/home/data/kevinzhang/research/fractal_analysis/results/audio_melody_f0/cache/clean_contours/suno_v4_5_2008_02.npz,34.87637188208617,0.863982449348303,0.9454061251664447,,0.7919143462462044,0.02748414376321353,0.0028188865398167725
yue_1958_05,yue,1958,05,/home/data/kevinzhang/research/fractal_analysis/audio_data/YuE/vocals/1958_5_Perez Prado_Patricia_vocals.mp3,1958_5_Perez Prado_Patricia_vocals.mp3,Perez Prado,Patricia,skipped,/home/data/kevinzhang/research/fractal_analysis/results/audio_melody_f0/cache/clean_contours/yue_1958_05.npz,19.365442176870747,0.16887241926945473,,too_short,,,
suno_v4_5_2018_01,suno_v4_5,2018,01,/home/data/kevinzhang/research/fractal_analysis/audio_data/suno_v4_5/vocals/batch_1/2018_1_7c7415ff-cf82-476c-a246-e746943b3dd2_vocals.mp3,2018_1_7c7415ff-cf82-476c-a246-e746943b3dd2_vocals.mp3,Drake,God's Plan,success,/home/data/kevinzhang/research/fractal_analysis/results/audio_melody_f0/cache/clean_contours/suno_v4_5_2018_01.npz,79.43546485260771,0.834288521368921,0.87284419760304,,0.20650679911775233,0.07202680067001675,0.0006700167504187605
yue_1953_05,yue,1953,05,"/home/data/kevinzhang/research/fractal_analysis/audio_data/YuE/vocals/1953_5_Ames Brothers_You, You, You_vocals.mp3","1953_5_Ames Brothers_You, You, You_vocals.mp3",Ames Brothers,"You, You, You",success,/home/data/kevinzhang/research/fractal_analysis/results/audio_melody_f0/cache/clean_contours/yue_1953_05.npz,44.58231292517007,0.8177083333333334,0.8869791666666667,,0.20650679911775224,0.038190364277320796,0.005287896592244419
yue_1959_01,yue,1959,01,/home/data/kevinzhang/research/fractal_analysis/audio_data/YuE/vocals/1959_1_Johnny Horton_The Battle of New Orleans_vocals.mp3,1959_1_Johnny Horton_The Battle of New Orleans_vocals.mp3,Johnny Horton,The Battle of New Orleans,success,/home/data/kevinzhang/research/fractal_analysis/results/audio_melody_f0/cache/clean_contours/yue_1959_01.npz,63.76199546485261,0.8293302540415705,0.8889293517844137,,0.09203757081218102,0.075,0.0004098360655737705
yue_1958_03b,yue,1958,03b,/home/data/kevinzhang/research/fractal_analysis/audio_data/YuE/vocals/1958_3b_Elvis Presley_I Beg of You_vocals.mp3,1958_3b_Elvis Presley_I Beg of You_vocals.mp3,Elvis Presley,I Beg of You,skipped,/home/data/kevinzhang/research/fractal_analysis/results/audio_melody_f0/cache/clean_contours/yue_1958_03b.npz,25.472290249433108,0.636094674556213,,too_short,,,
yue_1959_04,yue,1959,04,/home/data/kevinzhang/research/fractal_analysis/audio_data/YuE/vocals/1959_4_Frankie Avalon_Venus_vocals.mp3,1959_4_Frankie Avalon_Venus_vocals.mp3,Frankie Avalon,Venus,skipped,/home/data/kevinzhang/research/fractal_analysis/results/audio_melody_f0/cache/clean_contours/yue_1959_04.npz,19.736961451247165,0.7396525293817067,,too_short,,,
yue_1956_01,yue,1956,01,/home/data/kevinzhang/research/fractal_analysis/audio_data/YuE/vocals/1956_1_Elvis Presley_Heartbreak Hotel_vocals.mp3,1956_1_Elvis Presley_Heartbreak Hotel_vocals.mp3,Elvis Presley,Heartbreak Hotel,success,/home/data/kevinzhang/research/fractal_analysis/results/audio_melody_f0/cache/clean_contours/yue_1956_01.npz,31.13795918367347,0.9160997732426304,0.9284116331096197,,0.2407543944755743,0.06270096463022508,0.002411575562700965
suno_v4_5_2015_05,suno_v4_5,2015,05,/home/data/kevinzhang/research/fractal_analysis/audio_data/suno_v4_5/vocals/batch_1/2015_5_9fb746d0-3eb2-4475-b934-7507389e6b6a_vocals.mp3,2015_5_9fb746d0-3eb2-4475-b934-7507389e6b6a_vocals.mp3,Maroon 5,Sugar,skipped,/home/data/kevinzhang/research/fractal_analysis/results/audio_melody_f0/cache/clean_contours/suno_v4_5_2015_05.npz,25.425850340136055,0.6888567293777135,,too_short,,,
yue_1959_03,yue,1959,03,/home/data/kevinzhang/research/fractal_analysis/audio_data/YuE/vocals/1959_3_Lloyd Price_Personality_vocals.mp3,1959_3_Lloyd Price_Personality_vocals.mp3,Lloyd Price,Personality,success,/home/data/kevinzhang/research/fractal_analysis/results/audio_melody_f0/cache/clean_contours/yue_1959_03.npz,105.27927437641723,0.9389630277838548,0.9466254962505514,,0.6860828109301792,0.037520391517128875,0.005826147751106968
suno_v4_5_2019_01,suno_v4_5,2019,01,/home/data/kevinzhang/research/fractal_analysis/audio_data/suno_v4_5/vocals/batch_1/2019_1_b13166fb-63ad-43e2-aadc-80efb17c3a37_vocals.mp3,2019_1_b13166fb-63ad-43e2-aadc-80efb17c3a37_vocals.mp3,Lil Nas X feat. Billy Ray Cyrus,Old Town Road - Remix,success,/home/data/kevinzhang/research/fractal_analysis/results/audio_melody_f0/cache/clean_contours/suno_v4_5_2019_01.npz,45.46467120181406,0.7671232876712328,0.8207354443309499,,0.10857977072874496,0.10709838107098381,0.0024906600249066002
yue_1959_05,yue,1959,05,/home/data/kevinzhang/research/fractal_analysis/audio_data/YuE/vocals/1959_5_Paul Anka_Lonely Boy_vocals.mp3,1959_5_Paul Anka_Lonely Boy_vocals.mp3,Paul Anka,Lonely Boy,skipped,/home/data/kevinzhang/research/fractal_analysis/results/audio_melody_f0/cache/clean_contours/yue_1959_05.npz,23.870113378684806,0.6469565217391304,,too_short,,,
suno_v4_5_2009_02,suno_v4_5,2009,02,/home/data/kevinzhang/research/fractal_analysis/audio_data/suno_v4_5/vocals/batch_1/2009_2_a07880a7-be38-4264-b52d-3ea2b33228d6_vocals.mp3,2009_2_a07880a7-be38-4264-b52d-3ea2b33228d6_vocals.mp3,Lady Gaga,Poker Face,success,/home/data/kevinzhang/research/fractal_analysis/results/audio_melody_f0/cache/clean_contours/suno_v4_5_2009_02.npz,48.251065759637186,0.8632978723404255,0.8378248315688162,,0.6860828109301793,0.041379310344827586,0.0011494252873563218
suno_v4_5_2011_02,suno_v4_5,2011,02,/home/data/kevinzhang/research/fractal_analysis/audio_data/suno_v4_5/vocals/batch_1/2011_2_1f019871-28bf-4a06-a5df-7283903cf4bf_vocals.mp3,2011_2_1f019871-28bf-4a06-a5df-7283903cf4bf_vocals.mp3,LMFAO feat. Lauren Bennett and GoonRock,Party Rock Anthem,success,/home/data/kevinzhang/research/fractal_analysis/results/audio_melody_f0/cache/clean_contours/suno_v4_5_2011_02.npz,33.34385487528345,0.5988126649076517,0.6246518105849582,,0.6159498854580682,0.06808035714285714,0.0033482142857142855
yue_1963_05,yue,1963,05,/home/data/kevinzhang/research/fractal_analysis/audio_data/YuE/vocals/1963_5_Bobby Vinton_Blue Velvet_vocals.mp3,1963_5_Bobby Vinton_Blue Velvet_vocals.mp3,Bobby Vinton,Blue Velvet,success,/home/data/kevinzhang/research/fractal_analysis/results/audio_melody_f0/cache/clean_contours/yue_1963_05.npz,82.91845804988662,0.9701739850869926,0.9784374124894988,,0.615949885458068,0.014600629831090752,0.000286286859433152
yue_1963_02,yue,1963,02,/home/data/kevinzhang/research/fractal_analysis/audio_data/YuE/vocals/1963_2_Skeeter Davis_The End of the World_vocals.mp3,1963_2_Skeeter Davis_The End of the World_vocals.mp3,Skeeter Davis,The End of the World,success,/home/data/kevinzhang/research/fractal_analysis/results/audio_melody_f0/cache/clean_contours/yue_1963_02.npz,34.481632653061226,0.9486910994764398,0.9474747474747475,,0.6159498854580681,0.029871977240398292,0.0
yue_1959_02,yue,1959,02,/home/data/kevinzhang/research/fractal_analysis/audio_data/YuE/vocals/1959_2_Bobby Darin_Mack the Knife_vocals.mp3,1959_2_Bobby Darin_Mack the Knife_vocals.mp3,Bobby Darin,Mack the Knife,skipped,/home/data/kevinzhang/research/fractal_analysis/results/audio_melody_f0/cache/clean_contours/yue_1959_02.npz,22.38403628117914,0.5730168911695531,,too_short,,,
yue_1966_05,yue,1966,05,/home/data/kevinzhang/research/fractal_analysis/audio_data/YuE/vocals/1966_5_Four Tops_Reach Out I'll Be There_vocals.mp3,1966_5_Four Tops_Reach Out I'll Be There_vocals.mp3,Four Tops,Reach Out I'll Be There,skipped,/home/data/kevinzhang/research/fractal_analysis/results/audio_melody_f0/cache/clean_contours/yue_1966_05.npz,23.73079365079365,0.6972245584524811,,too_short,,,
yue_1964_02,yue,1964,02,/home/data/kevinzhang/research/fractal_analysis/audio_data/YuE/vocals/1964_2_The Beatles_She Loves You_vocals.mp3,1964_2_The Beatles_She Loves You_vocals.mp3,The Beatles,She Loves You,success,/home/data/kevinzhang/research/fractal_analysis/results/audio_melody_f0/cache/clean_contours/yue_1964_02.npz,36.13024943310658,0.634009009009009,0.8650385604113111,,0.4849868077159113,0.04460966542750929,0.008178438661710037
yue_1965_04,yue,1965,04,/home/data/kevinzhang/research/fractal_analysis/audio_data/YuE/vocals/1965_4_We Five_You Were On My Mind_vocals.mp3,1965_4_We Five_You Were On My Mind_vocals.mp3,We Five,You Were On My Mind,success,/home/data/kevinzhang/research/fractal_analysis/results/audio_melody_f0/cache/clean_contours/yue_1965_04.npz,71.5871201814059,0.8533007334963325,0.918585793058709,,0.09203757081218103,0.04344754503708937,0.005298481102084069
yue_1961_04,yue,1961,04,/home/data/kevinzhang/research/fractal_analysis/audio_data/YuE/vocals/1961_4_Roy Orbison_Crying_vocals.mp3,1961_4_Roy Orbison_Crying_vocals.mp3,Roy Orbison,Crying,success,/home/data/kevinzhang/research/fractal_analysis/results/audio_melody_f0/cache/clean_contours/yue_1961_04.npz,54.10249433106576,0.865495608531995,0.9133047210300429,,0.37213589829750865,0.035731076633756464,0.0023507287259050304
yue_1967_01,yue,1967,01,/home/data/kevinzhang/research/fractal_analysis/audio_data/YuE/vocals/1967_1_Lulu_To Sir With Love_vocals.mp3,1967_1_Lulu_To Sir With Love_vocals.mp3,Lulu,To Sir With Love,success,/home/data/kevinzhang/research/fractal_analysis/results/audio_melody_f0/cache/clean_contours/yue_1967_01.npz,54.63655328798186,0.8927968486212718,0.8946026349341266,,0.7571601330199093,0.057034220532319393,0.007129277566539924
yue_1969_05,yue,1969,05,/home/data/kevinzhang/research/fractal_analysis/audio_data/YuE/vocals/1969_5_Sly and the Family Stone_Everyday People_vocals.mp3,1969_5_Sly and the Family Stone_Everyday People_vocals.mp3,Sly and the Family Stone,Everyday People,skipped,/home/data/kevinzhang/research/fractal_analysis/results/audio_melody_f0/cache/clean_contours/yue_1969_05.npz,24.589931972789117,0.62445295404814,,too_short,,,
yue_1961_01,yue,1961,01,/home/data/kevinzhang/research/fractal_analysis/audio_data/YuE/vocals/1961_1_Bobby Lewis_Tossin' and Turnin'_vocals.mp3,1961_1_Bobby Lewis_Tossin' and Turnin'_vocals.mp3,Bobby Lewis,Tossin' and Turnin',skipped,/home/data/kevinzhang/research/fractal_analysis/results/audio_melody_f0/cache/clean_contours/yue_1961_01.npz,7.778684807256236,0.5052187430601821,,too_short,,,
suno_v4_5_2010_02,suno_v4_5,2010,02,/home/data/kevinzhang/research/fractal_analysis/audio_data/suno_v4_5/vocals/batch_1/2010_2_25cc292c-27e4-4055-88d1-2d8722add12e_vocals.mp3,2010_2_25cc292c-27e4-4055-88d1-2d8722add12e_vocals.mp3,Lady Antebellum,Need You Now,skipped,/home/data/kevinzhang/research/fractal_analysis/results/audio_melody_f0/cache/clean_contours/suno_v4_5_2010_02.npz,19.82984126984127,0.6670422535211268,,too_short,,,
yue_1961_05,yue,1961,05,/home/data/kevinzhang/research/fractal_analysis/audio_data/YuE/vocals/1961_5_Del Shannon_Runaway_vocals.mp3,1961_5_Del Shannon_Runaway_vocals.mp3,Del Shannon,Runaway,skipped,/home/data/kevinzhang/research/fractal_analysis/results/audio_melody_f0/cache/clean_contours/yue_1961_05.npz,25.054331065759637,0.8997109183900378,,too_short,,,
suno_v4_5_2011_05,suno_v4_5,2011,05,/home/data/kevinzhang/research/fractal_analysis/audio_data/suno_v4_5/vocals/batch_1/2011_5_2deaa5e1-bd22-4968-af62-efd480ef9619_vocals.mp3,2011_5_2deaa5e1-bd22-4968-af62-efd480ef9619_vocals.mp3,"Pitbull feat. Ne-Yo, Afrojack and Nayer",Give Me Everything,success,/home/data/kevinzhang/research/fractal_analysis/results/audio_melody_f0/cache/clean_contours/suno_v4_5_2011_05.npz,56.95854875283447,0.7920190589636689,0.814512841418671,,0.5485250542599844,0.04807210816224337,0.00801201802704056
yue_1971_02b,yue,1971,02b,/home/data/kevinzhang/research/fractal_analysis/audio_data/YuE/vocals/1971_2b_Rod Stewart_Reason to Believe_vocals.mp3,1971_2b_Rod Stewart_Reason to Believe_vocals.mp3,Rod Stewart,Reason to Believe,skipped,/home/data/kevinzhang/research/fractal_analysis/results/audio_melody_f0/cache/clean_contours/yue_1971_02b.npz,17.87936507936508,0.5035683699685983,,too_short,,,
yue_1966_04,yue,1966,04,/home/data/kevinzhang/research/fractal_analysis/audio_data/YuE/vocals/1966_4_The Monkees_Last Train to Clarksville_vocals.mp3,1966_4_The Monkees_Last Train to Clarksville_vocals.mp3,The Monkees,Last Train to Clarksville,skipped,/home/data/kevinzhang/research/fractal_analysis/results/audio_melody_f0/cache/clean_contours/yue_1966_04.npz,15.836009070294786,0.6927332159919537,,too_short,,,
yue_1968_05,yue,1968,05,/home/data/kevinzhang/research/fractal_analysis/audio_data/YuE/vocals/1968_5_The Rascals_People Got to Be Free_vocals.mp3,1968_5_The Rascals_People Got to Be Free_vocals.mp3,The Rascals,People Got to Be Free,skipped,/home/data/kevinzhang/research/fractal_analysis/results/audio_melody_f0/cache/clean_contours/yue_1968_05.npz,24.543492063492064,0.6925985953538628,,too_short,,,
yue_1966_01,yue,1966,01,/home/data/kevinzhang/research/fractal_analysis/audio_data/YuE/vocals/1966_1_The Mamas & The Papas_California Dreamin'_vocals.mp3,1966_1_The Mamas & The Papas_California Dreamin'_vocals.mp3,The Mamas & The Papas,California Dreamin',skipped,/home/data/kevinzhang/research/fractal_analysis/results/audio_melody_f0/cache/clean_contours/yue_1966_01.npz,27.840725623582767,0.5284288698073799,,too_short,,,
yue_1971_03a,yue,1971,03a,/home/data/kevinzhang/research/fractal_analysis/audio_data/YuE/vocals/1971_3a_Carole King_I Feel the Earth Move_vocals.mp3,1971_3a_Carole King_I Feel the Earth Move_vocals.mp3,Carole King,I Feel the Earth Move,success,/home/data/kevinzhang/research/fractal_analysis/results/audio_melody_f0/cache/clean_contours/yue_1971_03a.npz,30.511020408163265,0.6588170865279299,0.8462709284627092,,0.6510163481846467,0.09720972097209721,0.0018001800180018
suno_v4_5_2023_05,suno_v4_5,2023,05,/home/data/kevinzhang/research/fractal_analysis/audio_data/suno_v4_5/vocals/batch_1/2023_5_5a86513a-9185-40e4-a691-3bb15728acdf_vocals.mp3,2023_5_5a86513a-9185-40e4-a691-3bb15728acdf_vocals.mp3,"Metro Boomin, The Weeknd and 21 Savage",Creepin',success,/home/data/kevinzhang/research/fractal_analysis/results/audio_melody_f0/cache/clean_contours/suno_v4_5_2023_05.npz,128.94040816326532,0.8538896276595744,0.9077975868899694,,0.615949885458068,0.03511904761904762,0.0011904761904761906
yue_1971_01,yue,1971,01,/home/data/kevinzhang/research/fractal_analysis/audio_data/YuE/vocals/1971_1_Three Dog Night_Joy To The World_vocals.mp3,1971_1_Three Dog Night_Joy To The World_vocals.mp3,Three Dog Night,Joy To The World,skipped,/home/data/kevinzhang/research/fractal_analysis/results/audio_melody_f0/cache/clean_contours/yue_1971_01.npz,8.70748299319728,0.4604564755838641,,too_short,,,
yue_1967_04,yue,1967,04,/home/data/kevinzhang/research/fractal_analysis/audio_data/YuE/vocals/1967_4_The Association_Windy_vocals.mp3,1967_4_The Association_Windy_vocals.mp3,The Association,Windy,skipped,/home/data/kevinzhang/research/fractal_analysis/results/audio_melody_f0/cache/clean_contours/yue_1967_04.npz,22.84843537414966,0.4540292640314479,,too_short,,,
yue_1971_03b,yue,1971,03b,/home/data/kevinzhang/research/fractal_analysis/audio_data/YuE/vocals/1971_3b_Carole King_It's Too Late_vocals.mp3,1971_3b_Carole King_It's Too Late_vocals.mp3,Carole King,It's Too Late,skipped,/home/data/kevinzhang/research/fractal_analysis/results/audio_melody_f0/cache/clean_contours/yue_1971_03b.npz,19.736961451247165,0.7476510067114094,,too_short,,,
yue_1954_01,yue,1954,01,/home/data/kevinzhang/research/fractal_analysis/audio_data/YuE/vocals/1954_1_Kitty Kallen_Little Things Mean a Lot_vocals.mp3,1954_1_Kitty Kallen_Little Things Mean a Lot_vocals.mp3,Kitty Kallen,Little Things Mean a Lot,success,/home/data/kevinzhang/research/fractal_analysis/results/audio_melody_f0/cache/clean_contours/yue_1954_01.npz,53.98639455782313,0.8951400526693799,0.9006451612903226,,0.6860828109301793,0.027233635929288104,0.0023889154323936935
yue_1963_03,yue,1963,03,/home/data/kevinzhang/research/fractal_analysis/audio_data/YuE/vocals/1963_3_The Cascades_Rhythm of the Rain_vocals.mp3,1963_3_The Cascades_Rhythm of the Rain_vocals.mp3,The Cascades,Rhythm of the Rain,success,/home/data/kevinzhang/research/fractal_analysis/results/audio_melody_f0/cache/clean_contours/yue_1963_03.npz,30.116281179138323,0.7349587101848211,0.89745566692367,,0.3990991136703951,0.0352536543422184,0.004299226139294927
yue_1968_01,yue,1968,01,/home/data/kevinzhang/research/fractal_analysis/audio_data/YuE/vocals/1968_1_The Beatles_Hey Jude_vocals.mp3,1968_1_The Beatles_Hey Jude_vocals.mp3,The Beatles,Hey Jude,skipped,/home/data/kevinzhang/research/fractal_analysis/results/audio_melody_f0/cache/clean_contours/yue_1968_01.npz,18.901043083900227,0.7044267877412032,,too_short,,,
yue_1970_02,yue,1970,02,/home/data/kevinzhang/research/fractal_analysis/audio_data/YuE/vocals/1970_2_The Carpenters_(They Long To Be) Close To You_vocals.mp3,1970_2_The Carpenters_(They Long To Be) Close To You_vocals.mp3,The Carpenters,(They Long To Be) Close To You,success,/home/data/kevinzhang/research/fractal_analysis/results/audio_melody_f0/cache/clean_contours/yue_1970_02.npz,32.833015873015874,0.7774294670846394,0.8486562942008486,,0.9459302094659092,0.026688907422852376,0.0025020850708924102
suno_v4_5_2004_02,suno_v4_5,2004,02,/home/data/kevinzhang/research/fractal_analysis/audio_data/suno_v4_5/vocals/batch_1/2004_2_9156b344-8f99-48c6-a459-885d7f7b44a4_vocals.mp3,2004_2_9156b344-8f99-48c6-a459-885d7f7b44a4_vocals.mp3,Usher,Burn,success,/home/data/kevinzhang/research/fractal_analysis/results/audio_melody_f0/cache/clean_contours/suno_v4_5_2004_02.npz,109.20344671201815,0.8842264914054601,0.8985753774186689,,0.8911444948731202,0.027218934911242602,0.0016568047337278107
suno_v4_5_2011_01,suno_v4_5,2011,01,/home/data/kevinzhang/research/fractal_analysis/audio_data/suno_v4_5/vocals/batch_1/2011_1_31935b90-da70-49c8-aef5-faeddb2f57d9_vocals.mp3,2011_1_31935b90-da70-49c8-aef5-faeddb2f57d9_vocals.mp3,Adele,Rolling in the Deep,success,/home/data/kevinzhang/research/fractal_analysis/results/audio_melody_f0/cache/clean_contours/suno_v4_5_2011_01.npz,39.31138321995465,0.7403171302313492,0.8422917897223863,,0.4849868077159113,0.07017543859649122,0.004912280701754386
yue_1969_03,yue,1969,03,/home/data/kevinzhang/research/fractal_analysis/audio_data/YuE/vocals/1969_3_The Temptations_I Can't Get Next to You_vocals.mp3,1969_3_The Temptations_I Can't Get Next to You_vocals.mp3,The Temptations,I Can't Get Next to You,skipped,/home/data/kevinzhang/research/fractal_analysis/results/audio_melody_f0/cache/clean_contours/yue_1969_03.npz,13.25859410430839,0.5420334507042254,,too_short,,,
suno_v4_5_2019_04,suno_v4_5,2019,04,/home/data/kevinzhang/research/fractal_analysis/audio_data/suno_v4_5/vocals/batch_1/2019_4_90432cb4-9f38-4b54-957c-35c4a0156295_vocals.mp3,2019_4_90432cb4-9f38-4b54-957c-35c4a0156295_vocals.mp3,Billie Eilish,Bad Guy,skipped,/home/data/kevinzhang/research/fractal_analysis/results/audio_melody_f0/cache/clean_contours/suno_v4_5_2019_04.npz,24.3112925170068,0.6282962261171641,,too_short,,,
yue_1962_05,yue,1962,05,/home/data/kevinzhang/research/fractal_analysis/audio_data/YuE/vocals/1962_5_David Rose_The Stripper_vocals.mp3,1962_5_David Rose_The Stripper_vocals.mp3,David Rose,The Stripper,skipped,/home/data/kevinzhang/research/fractal_analysis/results/audio_melody_f0/cache/clean_contours/yue_1962_05.npz,13.978412698412699,0.18191760845789282,,too_short,,,
suno_v4_5_2019_05,suno_v4_5,2019,05,/home/data/kevinzhang/research/fractal_analysis/audio_data/suno_v4_5/vocals/batch_1/2019_5_33298611-8172-41f1-8f83-1f76892994e1_vocals.mp3,2019_5_33298611-8172-41f1-8f83-1f76892994e1_vocals.mp3,Post Malone,Wow,success,/home/data/kevinzhang/research/fractal_analysis/results/audio_melody_f0/cache/clean_contours/suno_v4_5_2019_05.npz,50.991020408163266,0.7473540973692168,0.8142076502732241,,0.2796051653363589,0.06659205372132065,0.00391717963066592
yue_1983_01,yue,1983,01,/home/data/kevinzhang/research/fractal_analysis/audio_data/YuE/vocals/1983_1_The Police_Every Breath You Take_vocals.mp3,1983_1_The Police_Every Breath You Take_vocals.mp3,The Police,Every Breath You Take,skipped,/home/data/kevinzhang/research/fractal_analysis/results/audio_melody_f0/cache/clean_contours/yue_1983_01.npz,22.639455782312925,0.7282763532763533,,too_short,,,
yue_1971_04,yue,1971,04,/home/data/kevinzhang/research/fractal_analysis/audio_data/YuE/vocals/1971_4_The Osmonds_One Bad Apple_vocals.mp3,1971_4_The Osmonds_One Bad Apple_vocals.mp3,The Osmonds,One Bad Apple,success,/home/data/kevinzhang/research/fractal_analysis/results/audio_melody_f0/cache/clean_contours/yue_1971_04.npz,31.486258503401363,0.65716109810598,0.778023598820059,,0.24075439447557434,0.056925996204933584,0.012333965844402278
yue_1967_02,yue,1967,02,/home/data/kevinzhang/research/fractal_analysis/audio_data/YuE/vocals/1967_2_The Box Tops_The Letter_vocals.mp3,1967_2_The Box Tops_The Letter_vocals.mp3,The Box Tops,The Letter,skipped,/home/data/kevinzhang/research/fractal_analysis/results/audio_melody_f0/cache/clean_contours/yue_1967_02.npz,14.02485260770975,0.747504159733777,,too_short,,,
suno_v4_5_2008_05,suno_v4_5,2008,05,/home/data/kevinzhang/research/fractal_analysis/audio_data/suno_v4_5/vocals/batch_1/2008_5_8fe49f32-f464-4c3b-a97f-ba29f980ecca_vocals.mp3,2008_5_8fe49f32-f464-4c3b-a97f-ba29f980ecca_vocals.mp3,Timbaland feat. OneRepublic,Apologize,success,/home/data/kevinzhang/research/fractal_analysis/results/audio_melody_f0/cache/clean_contours/suno_v4_5_2008_05.npz,65.41061224489796,0.7615194425713644,0.8764643237486688,,0.8266685594724995,0.03606158833063209,0.002025931928687196
suno_v4_5_2013_03,suno_v4_5,2013,03,/home/data/kevinzhang/research/fractal_analysis/audio_data/suno_v4_5/vocals/batch_1/2013_3_0cbdb30b-1203-40e9-ab74-26a4a32256e6_vocals.mp3,2013_3_0cbdb30b-1203-40e9-ab74-26a4a32256e6_vocals.mp3,Imagine Dragons,Radioactive,skipped,/home/data/kevinzhang/research/fractal_analysis/results/audio_melody_f0/cache/clean_contours/suno_v4_5_2013_03.npz,25.26331065759637,0.6743198407431984,,too_short,,,
yue_1961_02,yue,1961,02,/home/data/kevinzhang/research/fractal_analysis/audio_data/YuE/vocals/1961_2_Patsy Cline and The Jordanaires_I Fall to Pieces_vocals.mp3,1961_2_Patsy Cline and The Jordanaires_I Fall to Pieces_vocals.mp3,Patsy Cline and The Jordanaires,I Fall to Pieces,success,/home/data/kevinzhang/research/fractal_analysis/results/audio_melody_f0/cache/clean_contours/yue_1961_02.npz,43.83927437641724,0.8441127694859039,0.8977754237288136,,0.7571601330199093,0.0525383707201889,0.0005903187721369539
suno_v4_5_2014_01,suno_v4_5,2014,01,/home/data/kevinzhang/research/fractal_analysis/audio_data/suno_v4_5/vocals/batch_1/2014_1_8f1f57e6-c40c-4cba-b30c-ec21581bdfaa_vocals.mp3,2014_1_8f1f57e6-c40c-4cba-b30c-ec21581bdfaa_vocals.mp3,Pharrell Williams,Happy,success,/home/data/kevinzhang/research/fractal_analysis/results/audio_melody_f0/cache/clean_contours/suno_v4_5_2014_01.npz,40.91356009070295,0.7853138246957473,0.837116912599319,,0.42606232904328156,0.07462686567164178,0.0
yue_1962_04,yue,1962,04,/home/data/kevinzhang/research/fractal_analysis/audio_data/YuE/vocals/1962_4_Bobby Vinton_Roses Are Red (My Love)_vocals.mp3,1962_4_Bobby Vinton_Roses Are Red (My Love)_vocals.mp3,Bobby Vinton,Roses Are Red (My Love),success,/home/data/kevinzhang/research/fractal_analysis/results/audio_melody_f0/cache/clean_contours/yue_1962_04.npz,31.579138321995465,0.8779327837666455,0.9169117647058823,,0.5485250542599844,0.03932584269662921,0.0032102728731942215
yue_1962_01,yue,1962,01,/home/data/kevinzhang/research/fractal_analysis/audio_data/YuE/vocals/1962_1_Acker Bilk_Stranger on the Shore_vocals.mp3,1962_1_Acker Bilk_Stranger on the Shore_vocals.mp3,Acker Bilk,Stranger on the Shore,skipped,/home/data/kevinzhang/research/fractal_analysis/results/audio_melody_f0/cache/clean_contours/yue_1962_01.npz,21.84997732426304,0.24636821820337979,,too_short,,,
yue_1988_01,yue,1988,01,/home/data/kevinzhang/research/fractal_analysis/audio_data/YuE/vocals/1988_1_George Michael_Faith_vocals.mp3,1988_1_George Michael_Faith_vocals.mp3,George Michael,Faith,success,/home/data/kevinzhang/research/fractal_analysis/results/audio_melody_f0/cache/clean_contours/yue_1988_01.npz,46.76498866213152,0.7514923028589381,0.8356504468718967,,0.2796051653363589,0.1361474435196195,0.0023781212841854932
yue_1987_05,yue,1987,05,/home/data/kevinzhang/research/fractal_analysis/audio_data/YuE/vocals/1987_5_Starship_Nothing's Gonna Stop Us Now_vocals.mp3,1987_5_Starship_Nothing's Gonna Stop Us Now_vocals.mp3,Starship,Nothing's Gonna Stop Us Now,success,/home/data/kevinzhang/research/fractal_analysis/results/audio_melody_f0/cache/clean_contours/yue_1987_05.npz,40.216961451247165,0.6257631257631258,0.8250577367205543,,0.1765306086328976,0.052521008403361345,0.004201680672268907
yue_1952_03,yue,1952,03,/home/data/kevinzhang/research/fractal_analysis/audio_data/YuE/vocals/1952_3_Johnnie Ray & The Four Lads_Cry_vocals.mp3,1952_3_Johnnie Ray & The Four Lads_Cry_vocals.mp3,Johnnie Ray & The Four Lads,Cry,success,/home/data/kevinzhang/research/fractal_analysis/results/audio_melody_f0/cache/clean_contours/yue_1952_03.npz,63.80843537414966,0.9079778830963665,0.9559679767103348,,0.42606232904328145,0.02513328255902513,0.0007616146230007616
yue_1964_05,yue,1964,05,/home/data/kevinzhang/research/fractal_analysis/audio_data/YuE/vocals/1964_5_The Beach Boys_I Get Around_vocals.mp3,1964_5_The Beach Boys_I Get Around_vocals.mp3,The Beach Boys,I Get Around,skipped,/home/data/kevinzhang/research/fractal_analysis/results/audio_melody_f0/cache/clean_contours/yue_1964_05.npz,20.29424036281179,0.7299524564183835,,too_short,,,
yue_1988_03,yue,1988,03,/home/data/kevinzhang/research/fractal_analysis/audio_data/YuE/vocals/1988_3_George Harrison_Got My Mind Set On You_vocals.mp3,1988_3_George Harrison_Got My Mind Set On You_vocals.mp3,George Harrison,Got My Mind Set On You,skipped,/home/data/kevinzhang/research/fractal_analysis/results/audio_melody_f0/cache/clean_contours/yue_1988_03.npz,15.39482993197279,0.5854037267080745,,too_short,,,
yue_1964_04,yue,1964,04,"/home/data/kevinzhang/research/fractal_analysis/audio_data/YuE/vocals/1964_4_Roy Orbison_Oh, Pretty Woman_vocals.mp3","1964_4_Roy Orbison_Oh, Pretty Woman_vocals.mp3",Roy Orbison,"Oh, Pretty Woman",success,/home/data/kevinzhang/research/fractal_analysis/results/audio_melody_f0/cache/clean_contours/yue_1964_04.npz,39.05596371882086,0.7763699714919227,0.8935790725326992,,0.615949885458068,0.047936085219707054,0.0039946737683089215
yue_1987_02,yue,1987,02,/home/data/kevinzhang/research/fractal_analysis/audio_data/YuE/vocals/1987_2_Heart_Alone_vocals.mp3,1987_2_Heart_Alone_vocals.mp3,Heart,Alone,skipped,/home/data/kevinzhang/research/fractal_analysis/results/audio_melody_f0/cache/clean_contours/yue_1987_02.npz,19.59764172335601,0.6033075151768893,,too_short,,,
yue_1962_02,yue,1962,02,/home/data/kevinzhang/research/fractal_analysis/audio_data/YuE/vocals/1962_2_Ray Charles_I Can't Stop Loving You_vocals.mp3,1962_2_Ray Charles_I Can't Stop Loving You_vocals.mp3,Ray Charles,I Can't Stop Loving You,skipped,/home/data/kevinzhang/research/fractal_analysis/results/audio_melody_f0/cache/clean_contours/yue_1962_02.npz,23.475374149659864,0.847877358490566,,too_short,,,
yue_1988_02,yue,1988,02,/home/data/kevinzhang/research/fractal_analysis/audio_data/YuE/vocals/1988_2_INXS_Need You Tonight_vocals.mp3,1988_2_INXS_Need You Tonight_vocals.mp3,INXS,Need You Tonight,skipped,/home/data/kevinzhang/research/fractal_analysis/results/audio_melody_f0/cache/clean_contours/yue_1988_02.npz,13.235374149659863,0.32926332926332924,,too_short,,,
yue_1969_04,yue,1969,04,/home/data/kevinzhang/research/fractal_analysis/audio_data/YuE/vocals/1969_4_The Rolling Stones_Honky Tonk Women_vocals.mp3,1969_4_The Rolling Stones_Honky Tonk Women_vocals.mp3,The Rolling Stones,Honky Tonk Women,skipped,/home/data/kevinzhang/research/fractal_analysis/results/audio_melody_f0/cache/clean_contours/yue_1969_04.npz,12.051156462585034,0.6764418377321603,,too_short,,,
yue_1987_03,yue,1987,03,/home/data/kevinzhang/research/fractal_analysis/audio_data/YuE/vocals/1987_3_Gregory Abbott_Shake You Down_vocals.mp3,1987_3_Gregory Abbott_Shake You Down_vocals.mp3,Gregory Abbott,Shake You Down,skipped,/home/data/kevinzhang/research/fractal_analysis/results/audio_melody_f0/cache/clean_contours/yue_1987_03.npz,21.455238095238094,0.7856461611826419,,too_short,,,
suno_v4_5_2011_04,suno_v4_5,2011,04,/home/data/kevinzhang/research/fractal_analysis/audio_data/suno_v4_5/vocals/batch_1/2011_4_98f20686-5ad8-48dd-8632-a26b7cc41a8a_vocals.mp3,2011_4_98f20686-5ad8-48dd-8632-a26b7cc41a8a_vocals.mp3,Katy Perry feat. Kanye West,E.T.,success,/home/data/kevinzhang/research/fractal_analysis/results/audio_melody_f0/cache/clean_contours/suno_v4_5_2011_04.npz,32.949115646258505,0.5797508549096239,0.8329809725158562,,0.4849868077159113,0.06773920406435224,0.009314140558848433
suno_v4_5_2009_01,suno_v4_5,2009,01,/home/data/kevinzhang/research/fractal_analysis/audio_data/suno_v4_5/vocals/batch_1/2009_1_14740a1e-92d9-4a93-b30e-04049a9fe981_vocals.mp3,2009_1_14740a1e-92d9-4a93-b30e-04049a9fe981_vocals.mp3,The Black Eyed Peas,Boom Boom Pow,success,/home/data/kevinzhang/research/fractal_analysis/results/audio_melody_f0/cache/clean_contours/suno_v4_5_2009_01.npz,53.173696145124715,0.6240203346748571,0.8244541484716157,,0.20650679911775227,0.08373078961314255,0.0047694753577106515
yue_1973_01,yue,1973,01,/home/data/kevinzhang/research/fractal_analysis/audio_data/YuE/vocals/1973_1_Tony Orlando and Dawn_Tie a Yellow Ribbon Round the Ole Oak Tree_vocals.mp3,1973_1_Tony Orlando and Dawn_Tie a Yellow Ribbon Round the Ole Oak Tree_vocals.mp3,Tony Orlando and Dawn,Tie a Yellow Ribbon Round the Ole Oak Tree,skipped,/home/data/kevinzhang/research/fractal_analysis/results/audio_melody_f0/cache/clean_contours/yue_1973_01.npz,21.687437641723356,0.7624353362514923,,too_short,,,
suno_v4_5_2018_03,suno_v4_5,2018,03,/home/data/kevinzhang/research/fractal_analysis/audio_data/suno_v4_5/vocals/batch_1/2018_3_ddf736fa-6f97-4506-b2b2-a81dafa8cd41_vocals.mp3,2018_3_ddf736fa-6f97-4506-b2b2-a81dafa8cd41_vocals.mp3,Bebe Rexha feat. Florida Georgia Line,Meant to Be,success,/home/data/kevinzhang/research/fractal_analysis/results/audio_melody_f0/cache/clean_contours/suno_v4_5_2018_03.npz,31.41659863945578,0.6518174364580487,0.639320029563932,,0.2407543944755743,0.06828703703703703,0.019675925925925927
yue_1967_03,yue,1967,03,/home/data/kevinzhang/research/fractal_analysis/audio_data/YuE/vocals/1967_3_Bobbie Gentry_Ode to Billie Joe_vocals.mp3,1967_3_Bobbie Gentry_Ode to Billie Joe_vocals.mp3,Bobbie Gentry,Ode to Billie Joe,success,/home/data/kevinzhang/research/fractal_analysis/results/audio_melody_f0/cache/clean_contours/yue_1967_03.npz,31.950657596371883,0.7543655413271245,0.6402616279069767,,0.5485250542599844,0.08636363636363636,0.004545454545454545
suno_v4_5_2018_04,suno_v4_5,2018,04,/home/data/kevinzhang/research/fractal_analysis/audio_data/suno_v4_5/vocals/batch_1/2018_4_6ff28b01-5a2c-4ef7-861e-54bc720c41d9_vocals.mp3,2018_4_6ff28b01-5a2c-4ef7-861e-54bc720c41d9_vocals.mp3,Camila Cabello feat. Young Thug,Havana,success,/home/data/kevinzhang/research/fractal_analysis/results/audio_melody_f0/cache/clean_contours/suno_v4_5_2018_04.npz,33.97079365079365,0.6216250636780438,0.6555023923444976,,0.48498680771591135,0.05845511482254697,0.0041753653444676405
yue_1954_03,yue,1954,03,/home/data/kevinzhang/research/fractal_analysis/audio_data/YuE/vocals/1954_3_Rosemary Clooney_Hey There_vocals.mp3,1954_3_Rosemary Clooney_Hey There_vocals.mp3,Rosemary Clooney,Hey There,success,/home/data/kevinzhang/research/fractal_analysis/results/audio_melody_f0/cache/clean_contours/yue_1954_03.npz,33.73859410430839,0.888955223880597,0.930488644184446,,0.6159498854580682,0.05551443375277572,0.0022205773501110288
yue_1989_01,yue,1989,01,/home/data/kevinzhang/research/fractal_analysis/audio_data/YuE/vocals/1989_1_Chicago_Look Away_vocals.mp3,1989_1_Chicago_Look Away_vocals.mp3,Chicago,Look Away,skipped,/home/data/kevinzhang/research/fractal_analysis/results/audio_melody_f0/cache/clean_contours/yue_1989_01.npz,28.37478458049887,0.6646921937804104,,too_short,,,
yue_1970_04,yue,1970,04,/home/data/kevinzhang/research/fractal_analysis/audio_data/YuE/vocals/1970_4_B.J. Thomas_Raindrops Keep Fallin' on My Head_vocals.mp3,1970_4_B.J. Thomas_Raindrops Keep Fallin' on My Head_vocals.mp3,B.J. Thomas,Raindrops Keep Fallin' on My Head,success,/home/data/kevinzhang/research/fractal_analysis/results/audio_melody_f0/cache/clean_contours/yue_1970_04.npz,36.08380952380953,0.7265243902439025,0.8462033462033463,,0.32333605839064083,0.06925418569254185,0.00532724505327245
yue_1985_05,yue,1985,05,/home/data/kevinzhang/research/fractal_analysis/audio_data/YuE/vocals/1985_5_Chaka Khan_I Feel for You_vocals.mp3,1985_5_Chaka Khan_I Feel for You_vocals.mp3,Chaka Khan,I Feel for You,skipped,/home/data/kevinzhang/research/fractal_analysis/results/audio_melody_f0/cache/clean_contours/yue_1985_05.npz,14.86077097505669,0.4489130434782609,,too_short,,,
yue_1986_03,yue,1986,03,/home/data/kevinzhang/research/fractal_analysis/audio_data/YuE/vocals/1986_3_Klymaxx_I Miss You_vocals.mp3,1986_3_Klymaxx_I Miss You_vocals.mp3,Klymaxx,I Miss You,success,/home/data/kevinzhang/research/fractal_analysis/results/audio_melody_f0/cache/clean_contours/yue_1986_03.npz,48.27428571428572,0.618232044198895,0.897065897065897,,0.7571601330199094,0.04667381974248927,0.001072961373390558
yue_1985_03,yue,1985,03,/home/data/kevinzhang/research/fractal_analysis/audio_data/YuE/vocals/1985_3_Wham!_Wake Me Up Before You Go-Go_vocals.mp3,1985_3_Wham!_Wake Me Up Before You Go-Go_vocals.mp3,Wham!,Wake Me Up Before You Go-Go,skipped,/home/data/kevinzhang/research/fractal_analysis/results/audio_melody_f0/cache/clean_contours/yue_1985_03.npz,22.244716553287983,0.42368489245918634,,too_short,,,
suno_v4_5_2019_02,suno_v4_5,2019,02,/home/data/kevinzhang/research/fractal_analysis/audio_data/suno_v4_5/vocals/batch_1/2019_2_60216e17-d5dd-4d2f-9057-66746a3ee8a6_vocals.mp3,2019_2_60216e17-d5dd-4d2f-9057-66746a3ee8a6_vocals.mp3,Post Malone and Swae Lee,Sunflower,success,/home/data/kevinzhang/research/fractal_analysis/results/audio_melody_f0/cache/clean_contours/suno_v4_5_2019_02.npz,75.99891156462586,0.8303273213092852,0.8545676749159792,,0.7571601330199091,0.05114449213161659,0.005007153075822604
yue_1966_03,yue,1966,03,/home/data/kevinzhang/research/fractal_analysis/audio_data/YuE/vocals/1966_3_Jimmy Ruffin_What Becomes Of The Brokenhearted_vocals.mp3,1966_3_Jimmy Ruffin_What Becomes Of The Brokenhearted_vocals.mp3,Jimmy Ruffin,What Becomes Of The Brokenhearted,success,/home/data/kevinzhang/research/fractal_analysis/results/audio_melody_f0/cache/clean_contours/yue_1966_03.npz,66.75736961451247,0.8985727300334042,0.9210434782608695,,0.3233360583906409,0.08689081979599547,0.0
yue_1983_04,yue,1983,04,/home/data/kevinzhang/research/fractal_analysis/audio_data/YuE/vocals/1983_4_Men at Work_Down Under_vocals.mp3,1983_4_Men at Work_Down Under_vocals.mp3,Men at Work,Down Under,skipped,/home/data/kevinzhang/research/fractal_analysis/results/audio_melody_f0/cache/clean_contours/yue_1983_04.npz,18.18122448979592,0.543661971830986,,too_short,,,
yue_1969_02,yue,1969,02,/home/data/kevinzhang/research/fractal_analysis/audio_data/YuE/vocals/1969_2_The 5th Dimension_Aquarius_Let the Sunshine In (The Flesh Failures)_vocals.mp3,1969_2_The 5th Dimension_Aquarius_Let the Sunshine In (The Flesh Failures)_vocals.mp3,The 5th Dimension,Aquarius/Let the Sunshine In (The Flesh Failures),skipped,/home/data/kevinzhang/research/fractal_analysis/results/audio_melody_f0/cache/clean_contours/yue_1969_02.npz,23.103854875283446,0.6204729123017061,,too_short,,,
yue_1969_01,yue,1969,01,"/home/data/kevinzhang/research/fractal_analysis/audio_data/YuE/vocals/1969_1_The Archies_Sugar, Sugar_vocals.mp3","1969_1_The Archies_Sugar, Sugar_vocals.mp3",The Archies,"Sugar, Sugar",skipped,/home/data/kevinzhang/research/fractal_analysis/results/audio_melody_f0/cache/clean_contours/yue_1969_01.npz,18.15800453514739,0.5084142394822007,,too_short,,,
yue_1974_02,yue,1974,02,/home/data/kevinzhang/research/fractal_analysis/audio_data/YuE/vocals/1974_2_Terry Jacks_Seasons in the Sun_vocals.mp3,1974_2_Terry Jacks_Seasons in the Sun_vocals.mp3,Terry Jacks,Seasons in the Sun,skipped,/home/data/kevinzhang/research/fractal_analysis/results/audio_melody_f0/cache/clean_contours/yue_1974_02.npz,23.6843537414966,0.5874840357598978,,too_short,,,
yue_1986_01,yue,1986,01,/home/data/kevinzhang/research/fractal_analysis/audio_data/YuE/vocals/1986_1_Dionne and Friends_That's What Friends Are For_vocals.mp3,1986_1_Dionne and Friends_That's What Friends Are For_vocals.mp3,Dionne and Friends,That's What Friends Are For,skipped,/home/data/kevinzhang/research/fractal_analysis/results/audio_melody_f0/cache/clean_contours/yue_1986_01.npz,24.357732426303855,0.5940004579803069,,too_short,,,
yue_1986_05,yue,1986,05,/home/data/kevinzhang/research/fractal_analysis/audio_data/YuE/vocals/1986_5_Mr. Mister_Broken Wings_vocals.mp3,1986_5_Mr. Mister_Broken Wings_vocals.mp3,Mr. Mister,Broken Wings,success,/home/data/kevinzhang/research/fractal_analysis/results/audio_melody_f0/cache/clean_contours/yue_1986_05.npz,44.95383219954648,0.729995320542817,0.8083677685950413,,0.24075439447557426,0.049872122762148335,0.005115089514066497
yue_1987_01,yue,1987,01,/home/data/kevinzhang/research/fractal_analysis/audio_data/YuE/vocals/1987_1_The Bangles_Walk Like an Egyptian_vocals.mp3,1987_1_The Bangles_Walk Like an Egyptian_vocals.mp3,The Bangles,Walk Like an Egyptian,success,/home/data/kevinzhang/research/fractal_analysis/results/audio_melody_f0/cache/clean_contours/yue_1987_01.npz,38.846984126984125,0.6923249551166966,0.775851763299462,,0.24075439447557423,0.08789514263685427,0.002313030069390902
yue_1988_05,yue,1988,05,/home/data/kevinzhang/research/fractal_analysis/audio_data/YuE/vocals/1988_5_Guns N' Roses_Sweet Child O'Mine_vocals.mp3,1988_5_Guns N' Roses_Sweet Child O'Mine_vocals.mp3,Guns N' Roses,Sweet Child O'Mine,success,/home/data/kevinzhang/research/fractal_analysis/results/audio_melody_f0/cache/clean_contours/yue_1988_05.npz,51.2,0.6875653082549634,0.8653061224489796,,0.1504646013433388,0.05977975878342947,0.002097535395909806
suno_v4_5_2024_04,suno_v4_5,2024,04,/home/data/kevinzhang/research/fractal_analysis/audio_data/suno_v4_5/vocals/batch_1/2024_4_a8dc8b5f-a7bb-44a4-b602-5a7dd5f88cb6_vocals.mp3,2024_4_a8dc8b5f-a7bb-44a4-b602-5a7dd5f88cb6_vocals.mp3,Post Malone feat. Morgan Wallen,I Had Some Help,success,/home/data/kevinzhang/research/fractal_analysis/results/audio_melody_f0/cache/clean_contours/suno_v4_5_2024_04.npz,47.206167800453514,0.7439763718327375,0.8317757009345794,,0.4849868077159112,0.054437869822485205,0.002366863905325444
suno_v4_5_2013_02,suno_v4_5,2013,02,/home/data/kevinzhang/research/fractal_analysis/audio_data/suno_v4_5/vocals/batch_1/2013_2_9aaf533d-1ce5-4f53-9d20-401ddf4e6fec_vocals.mp3,2013_2_9aaf533d-1ce5-4f53-9d20-401ddf4e6fec_vocals.mp3,Robin Thicke feat. TI and Pharrell Williams,Blurred Lines,success,/home/data/kevinzhang/research/fractal_analysis/results/audio_melody_f0/cache/clean_contours/suno_v4_5_2013_02.npz,168.87873015873015,0.7809857453491181,0.8585178055822906,,0.4849868077159113,0.08777831170911421,0.0016017940092904052
yue_1988_04,yue,1988,04,/home/data/kevinzhang/research/fractal_analysis/audio_data/YuE/vocals/1988_4_Rick Astley_Never Gonna Give You Up_vocals.mp3,1988_4_Rick Astley_Never Gonna Give You Up_vocals.mp3,Rick Astley,Never Gonna Give You Up,skipped,/home/data/kevinzhang/research/fractal_analysis/results/audio_melody_f0/cache/clean_contours/yue_1988_04.npz,24.288072562358277,0.7671971944968977,,too_short,,,
yue_1987_04,yue,1987,04,/home/data/kevinzhang/research/fractal_analysis/audio_data/YuE/vocals/1987_4_Whitney Houston_I Wanna Dance with Somebody (Who Loves Me)_vocals.mp3,1987_4_Whitney Houston_I Wanna Dance with Somebody (Who Loves Me)_vocals.mp3,Whitney Houston,I Wanna Dance with Somebody (Who Loves Me),success,/home/data/kevinzhang/research/fractal_analysis/results/audio_melody_f0/cache/clean_contours/yue_1987_04.npz,60.882721088435375,0.7602324406265791,0.9225781845919145,,0.42606232904328145,0.06617038875103391,0.0037220843672456576
yue_1972_02,yue,1972,02,/home/data/kevinzhang/research/fractal_analysis/audio_data/YuE/vocals/1972_2_Gilbert O'Sullivan_Alone Again (Naturally)_vocals.mp3,1972_2_Gilbert O'Sullivan_Alone Again (Naturally)_vocals.mp3,Gilbert O'Sullivan,Alone Again (Naturally),skipped,/home/data/kevinzhang/research/fractal_analysis/results/audio_melody_f0/cache/clean_contours/yue_1972_02.npz,29.53578231292517,0.5895522388059702,,too_short,,,
yue_1951_05,yue,1951,05,/home/data/kevinzhang/research/fractal_analysis/audio_data/YuE/vocals/1951_5_Mario Lanza_Be My Love_vocals.mp3,1951_5_Mario Lanza_Be My Love_vocals.mp3,Mario Lanza,Be My Love,success,/home/data/kevinzhang/research/fractal_analysis/results/audio_melody_f0/cache/clean_contours/yue_1951_05.npz,56.70312925170068,0.7667228780213603,0.8910728910728911,,0.32333605839064083,0.03494252873563218,0.0036781609195402297
yue_1975_05,yue,1975,05,/home/data/kevinzhang/research/fractal_analysis/audio_data/YuE/vocals/1975_5_Frankie Valli_My Eyes Adored You_vocals.mp3,1975_5_Frankie Valli_My Eyes Adored You_vocals.mp3,Frankie Valli,My Eyes Adored You,skipped,/home/data/kevinzhang/research/fractal_analysis/results/audio_melody_f0/cache/clean_contours/yue_1975_05.npz,24.009433106575965,0.6765676567656765,,too_short,,,
yue_1991_03,yue,1991,03,/home/data/kevinzhang/research/fractal_analysis/audio_data/YuE/vocals/1991_3_C&C Music Factory_Gonna Make You Sweat (Everybody Dance Now)_vocals.mp3,1991_3_C&C Music Factory_Gonna Make You Sweat (Everybody Dance Now)_vocals.mp3,C&C Music Factory,Gonna Make You Sweat,skipped,/home/data/kevinzhang/research/fractal_analysis/results/audio_melody_f0/cache/clean_contours/yue_1991_03.npz,13.165714285714285,0.2078351564487408,,too_short,,,
yue_1967_05,yue,1967,05,/home/data/kevinzhang/research/fractal_analysis/audio_data/YuE/vocals/1967_5_The Monkees_I'm a Believer_vocals.mp3,1967_5_The Monkees_I'm a Believer_vocals.mp3,The Monkees,I'm a Believer,success,/home/data/kevinzhang/research/fractal_analysis/results/audio_melody_f0/cache/clean_contours/yue_1967_05.npz,31.62557823129252,0.559739319333816,0.7848751835535976,,0.6860828109301792,0.04400749063670412,0.0
yue_1976_05,yue,1976,05,/home/data/kevinzhang/research/fractal_analysis/audio_data/YuE/vocals/1976_5_Wild Cherry_Play That Funky Music_vocals.mp3,1976_5_Wild Cherry_Play That Funky Music_vocals.mp3,Wild Cherry,Play That Funky Music,skipped,/home/data/kevinzhang/research/fractal_analysis/results/audio_melody_f0/cache/clean_contours/yue_1976_05.npz,12.956734693877552,0.3863970588235294,,too_short,,,
yue_1981_05,yue,1981,05,/home/data/kevinzhang/research/fractal_analysis/audio_data/YuE/vocals/1981_5_Rick Springfield_Jessie's Girl_vocals.mp3,1981_5_Rick Springfield_Jessie's Girl_vocals.mp3,Rick Springfield,Jessie's Girl,skipped,/home/data/kevinzhang/research/fractal_analysis/results/audio_melody_f0/cache/clean_contours/yue_1981_05.npz,23.26639455782313,0.7436115843270868,,too_short,,,
yue_1953_01,yue,1953,01,/home/data/kevinzhang/research/fractal_analysis/audio_data/YuE/vocals/1953_1_Percy Faith_The Song from Moulin Rouge_vocals.mp3,1953_1_Percy Faith_The Song from Moulin Rouge_vocals.mp3,Percy Faith,The Song from Moulin Rouge,skipped,/home/data/kevinzhang/research/fractal_analysis/results/audio_melody_f0/cache/clean_contours/yue_1953_01.npz,38.24326530612245,0.17272471118624966,,low_region_voiced_coverage,,,
suno_v4_5_2019_03,suno_v4_5,2019,03,/home/data/kevinzhang/research/fractal_analysis/audio_data/suno_v4_5/vocals/batch_1/2019_3_71f64262-e44b-402f-961b-8066713ebadc_vocals.mp3,2019_3_71f64262-e44b-402f-961b-8066713ebadc_vocals.mp3,Halsey,Without Me,success,/home/data/kevinzhang/research/fractal_analysis/results/audio_melody_f0/cache/clean_contours/suno_v4_5_2019_03.npz,149.6758276643991,0.8865914786967418,0.9478746509463233,,0.7571601330199094,0.03372073989196268,0.002128007857259781
yue_1951_03,yue,1951,03,/home/data/kevinzhang/research/fractal_analysis/audio_data/YuE/vocals/1951_3_Les Paul & Mary Ford_How High the Moon_vocals.mp3,1951_3_Les Paul & Mary Ford_How High the Moon_vocals.mp3,Les Paul & Mary Ford,How High the Moon,skipped,/home/data/kevinzhang/research/fractal_analysis/results/audio_melody_f0/cache/clean_contours/yue_1951_03.npz,15.185850340136055,0.05919258046917621,,too_short,,,
suno_v4_5_2024_05,suno_v4_5,2024,05,/home/data/kevinzhang/research/fractal_analysis/audio_data/suno_v4_5/vocals/batch_1/2024_5_347565b4-4eb1-49bd-bbc9-c18f78f43651_vocals.mp3,2024_5_347565b4-4eb1-49bd-bbc9-c18f78f43651_vocals.mp3,Jack Harlow,Lovin' On Me,success,/home/data/kevinzhang/research/fractal_analysis/results/audio_melody_f0/cache/clean_contours/suno_v4_5_2024_05.npz,49.24952380952381,0.6292702924296256,0.7265440829797265,,0.6860828109301793,0.0512987012987013,0.005194805194805195
suno_v4_5_2022_02,suno_v4_5,2022,02,/home/data/kevinzhang/research/fractal_analysis/audio_data/suno_v4_5/vocals/batch_1/2022_2_40773c97-8b0d-4641-98ec-9b77cb34a017_vocals.mp3,2022_2_40773c97-8b0d-4641-98ec-9b77cb34a017_vocals.mp3,Harry Styles,As It Was,success,/home/data/kevinzhang/research/fractal_analysis/results/audio_melody_f0/cache/clean_contours/suno_v4_5_2022_02.npz,36.85006802721089,0.6129866929521932,0.7158160050409578,,0.6159498854580681,0.05726872246696035,0.0
yue_1979_04,yue,1979,04,/home/data/kevinzhang/research/fractal_analysis/audio_data/YuE/vocals/1979_4_Rod Stewart_Do Ya Think I'm Sexy?_vocals.mp3,1979_4_Rod Stewart_Do Ya Think I'm Sexy?_vocals.mp3,Rod Stewart,Do Ya Think I'm Sexy?,skipped,/home/data/kevinzhang/research/fractal_analysis/results/audio_melody_f0/cache/clean_contours/yue_1979_04.npz,18.64562358276644,0.18649193548387097,,too_short,,,
yue_1975_01,yue,1975,01,/home/data/kevinzhang/research/fractal_analysis/audio_data/YuE/vocals/1975_1_Captain & Tennille_Love Will Keep Us Together_vocals.mp3,1975_1_Captain & Tennille_Love Will Keep Us Together_vocals.mp3,Captain & Tennille,Love Will Keep Us Together,success,/home/data/kevinzhang/research/fractal_analysis/results/audio_melody_f0/cache/clean_contours/yue_1975_01.npz,54.63655328798186,0.7485645210033243,0.8992775180620485,,0.7571601330199093,0.037825059101654845,0.0009456264775413711
yue_1974_05,yue,1974,05,/home/data/kevinzhang/research/fractal_analysis/audio_data/YuE/vocals/1974_5_The Jackson 5_Dancing Machine_vocals.mp3,1974_5_The Jackson 5_Dancing Machine_vocals.mp3,The Jackson 5,Dancing Machine,skipped,/home/data/kevinzhang/research/fractal_analysis/results/audio_melody_f0/cache/clean_contours/yue_1974_05.npz,30.627120181405896,0.2721280602636535,,low_region_voiced_coverage,,,
yue_1974_04,yue,1974,04,/home/data/kevinzhang/research/fractal_analysis/audio_data/YuE/vocals/1974_4_Redbone_Come and Get Your Love_vocals.mp3,1974_4_Redbone_Come and Get Your Love_vocals.mp3,Redbone,Come and Get Your Love,skipped,/home/data/kevinzhang/research/fractal_analysis/results/audio_melody_f0/cache/clean_contours/yue_1974_04.npz,13.676553287981859,0.5510940129838904,,too_short,,,
yue_1982_05,yue,1982,05,/home/data/kevinzhang/research/fractal_analysis/audio_data/YuE/vocals/1982_5_The J. Geils Band_Centerfold_vocals.mp3,1982_5_The J. Geils Band_Centerfold_vocals.mp3,The J. Geils Band,Centerfold,skipped,/home/data/kevinzhang/research/fractal_analysis/results/audio_melody_f0/cache/clean_contours/yue_1982_05.npz,21.31591836734694,0.6383219954648526,,too_short,,,
suno_v4_5_2012_01,suno_v4_5,2012,01,/home/data/kevinzhang/research/fractal_analysis/audio_data/suno_v4_5/vocals/batch_1/2012_1_0e16c44b-5929-46f9-aa8c-a782b63ed91a_vocals.mp3,2012_1_0e16c44b-5929-46f9-aa8c-a782b63ed91a_vocals.mp3,Gotye feat. Kimbra,Somebody That I Used to Know,success,/home/data/kevinzhang/research/fractal_analysis/results/audio_melody_f0/cache/clean_contours/suno_v4_5_2012_01.npz,69.52054421768707,0.839438403884725,0.9021376085504342,,0.8911444948731203,0.02148148148148148,0.0025925925925925925
yue_1979_01,yue,1979,01,/home/data/kevinzhang/research/fractal_analysis/audio_data/YuE/vocals/1979_1_The Knack_My Sharona_vocals.mp3,1979_1_The Knack_My Sharona_vocals.mp3,The Knack,My Sharona,skipped,/home/data/kevinzhang/research/fractal_analysis/results/audio_melody_f0/cache/clean_contours/yue_1979_01.npz,25.031111111111112,0.6030897207367796,,too_short,,,
suno_v4_5_2024_01,suno_v4_5,2024,01,/home/data/kevinzhang/research/fractal_analysis/audio_data/suno_v4_5/vocals/batch_1/2024_1_3484be42-c2aa-4f87-b686-aa8de76addd2_vocals.mp3,2024_1_3484be42-c2aa-4f87-b686-aa8de76addd2_vocals.mp3,Teddy Swims,Lose Control,success,/home/data/kevinzhang/research/fractal_analysis/results/audio_melody_f0/cache/clean_contours/suno_v4_5_2024_01.npz,35.20145124716554,0.8482142857142857,0.8733509234828496,,0.4849868077159112,0.05744520030234316,0.0030234315948601664
yue_1978_04,yue,1978,04,/home/data/kevinzhang/research/fractal_analysis/audio_data/YuE/vocals/1978_4_Bee Gees_Stayin Alive_vocals.mp3,1978_4_Bee Gees_Stayin Alive_vocals.mp3,Bee Gees,Stayin Alive,success,/home/data/kevinzhang/research/fractal_analysis/results/audio_melody_f0/cache/clean_contours/yue_1978_04.npz,46.46312925170068,0.8616796047988708,0.9045477261369316,,0.2796051653363589,0.06080707573244887,0.004975124378109453
yue_1954_04,yue,1954,04,/home/data/kevinzhang/research/fractal_analysis/audio_data/YuE/vocals/1954_4_The Crew-Cuts_Sh-Boom_vocals.mp3,1954_4_The Crew-Cuts_Sh-Boom_vocals.mp3,The Crew-Cuts,Sh-Boom,success,/home/data/kevinzhang/research/fractal_analysis/results/audio_melody_f0/cache/clean_contours/yue_1954_04.npz,53.498775510204084,0.7036535859269283,0.8763020833333334,,0.4849868077159113,0.0639246778989098,0.0044598612487611496
yue_1980_04,yue,1980,04,/home/data/kevinzhang/research/fractal_analysis/audio_data/YuE/vocals/1980_4_Michael Jackson_Rock with You_vocals.mp3,1980_4_Michael Jackson_Rock with You_vocals.mp3,Michael Jackson,Rock with You,skipped,/home/data/kevinzhang/research/fractal_analysis/results/audio_melody_f0/cache/clean_contours/yue_1980_04.npz,14.883990929705215,0.6482125909522303,,too_short,,,
yue_1951_01,yue,1951,01,/home/data/kevinzhang/research/fractal_analysis/audio_data/YuE/vocals/1951_1_Nat King Cole_Too Young_vocals.mp3,1951_1_Nat King Cole_Too Young_vocals.mp3,Nat King Cole,Too Young,skipped,/home/data/kevinzhang/research/fractal_analysis/results/audio_melody_f0/cache/clean_contours/yue_1951_01.npz,15.232290249433106,0.8021155830753354,,too_short,,,
yue_1951_02,yue,1951,02,/home/data/kevinzhang/research/fractal_analysis/audio_data/YuE/vocals/1951_2_Tony Bennett_Because of You_vocals.mp3,1951_2_Tony Bennett_Because of You_vocals.mp3,Tony Bennett,Because of You,success,/home/data/kevinzhang/research/fractal_analysis/results/audio_melody_f0/cache/clean_contours/yue_1951_02.npz,45.743310657596375,0.9409184726522187,0.9715736040609138,,0.8266685453003628,0.026136957658128592,0.0
suno_v4_5_2023_02,suno_v4_5,2023,02,/home/data/kevinzhang/research/fractal_analysis/audio_data/suno_v4_5/vocals/batch_1/2023_2_196585d6-bf04-4b81-834e-3ad7bfe38f8c_vocals.mp3,2023_2_196585d6-bf04-4b81-834e-3ad7bfe38f8c_vocals.mp3,Miley Cyrus,Flowers,skipped,/home/data/kevinzhang/research/fractal_analysis/results/audio_melody_f0/cache/clean_contours/suno_v4_5_2023_02.npz,27.445986394557824,0.5439575033200531,,too_short,,,
suno_v4_5_2017_05,suno_v4_5,2017,05,/home/data/kevinzhang/research/fractal_analysis/audio_data/suno_v4_5/vocals/batch_1/2017_5_1ae07690-e018-4d96-be3f-63bb9e86c97a_vocals.mp3,2017_5_1ae07690-e018-4d96-be3f-63bb9e86c97a_vocals.mp3,The Chainsmokers and Coldplay,Something Just Like This,success,/home/data/kevinzhang/research/fractal_analysis/results/audio_melody_f0/cache/clean_contours/suno_v4_5_2017_05.npz,51.06068027210885,0.5765860497721697,0.8185538881309686,,0.5485250542599844,0.06336853807670928,0.007782101167315175
yue_1974_01,yue,1974,01,/home/data/kevinzhang/research/fractal_analysis/audio_data/YuE/vocals/1974_1_Barbara Streisand_The Way We Were_vocals.mp3,1974_1_Barbara Streisand_The Way We Were_vocals.mp3,Barbara Streisand,The Way We Were,success,/home/data/kevinzhang/research/fractal_analysis/results/audio_melody_f0/cache/clean_contours/yue_1974_01.npz,56.610249433106574,0.6614739364889155,0.9122231337161608,,0.8266685594724996,0.024291497975708502,0.001349527665317139
yue_2001_05,yue,2001,05,/home/data/kevinzhang/research/fractal_analysis/audio_data/YuE/vocals/2001_5_Jennifer Lopez feat. Ja Rule_I'm Real (Murder Remix)_vocals.mp3,2001_5_Jennifer Lopez feat. Ja Rule_I'm Real (Murder Remix)_vocals.mp3,Jennifer Lopez feat. Ja Rule,I'm Real (Murder Remix),success,/home/data/kevinzhang/research/fractal_analysis/results/audio_melody_f0/cache/clean_contours/yue_2001_05.npz,75.78993197278912,0.8444564047362756,0.8924632352941176,,0.5485250542599844,0.051167582417582416,0.001717032967032967
yue_1950_05,yue,1950,05,/home/data/kevinzhang/research/fractal_analysis/audio_data/YuE/vocals/1950_5_Gary & Bing Crosby_Simple Melody_vocals.mp3,1950_5_Gary & Bing Crosby_Simple Melody_vocals.mp3,Gary & Bing Crosby,Simple Melody,skipped,/home/data/kevinzhang/research/fractal_analysis/results/audio_melody_f0/cache/clean_contours/yue_1950_05.npz,,0.0,,no_valid_region,,,
suno_v4_5_1988_05,suno_v4_5,1988,05,/home/data/kevinzhang/research/fractal_analysis/audio_data/suno_v4_5/vocals/batch_1/1988_5_9dcbcfca-f1a5-4a72-aebc-f04dedc6c12e_vocals.mp3,1988_5_9dcbcfca-f1a5-4a72-aebc-f04dedc6c12e_vocals.mp3,Guns N' Roses,Sweet Child O'Mine,success,/home/data/kevinzhang/research/fractal_analysis/results/audio_melody_f0/cache/clean_contours/suno_v4_5_1988_05.npz,42.79437641723356,0.582860092927207,0.5854584915897992,,0.8266685594724995,0.03339517625231911,0.012059369202226345
yue_1992_02,yue,1992,02,/home/data/kevinzhang/research/fractal_analysis/audio_data/YuE/vocals/1992_2_Sir Mix-a-Lot_Baby Got Back_vocals.mp3,1992_2_Sir Mix-a-Lot_Baby Got Back_vocals.mp3,Sir Mix-a-Lot,Baby Got Back,skipped,/home/data/kevinzhang/research/fractal_analysis/results/audio_melody_f0/cache/clean_contours/yue_1992_02.npz,8.846802721088435,0.42467173462335867,,too_short,,,
yue_1993_05,yue,1993,05,/home/data/kevinzhang/research/fractal_analysis/audio_data/YuE/vocals/1993_5_Silk_Freak Me_vocals.mp3,1993_5_Silk_Freak Me_vocals.mp3,Silk,Freak Me,skipped,/home/data/kevinzhang/research/fractal_analysis/results/audio_melody_f0/cache/clean_contours/yue_1993_05.npz,8.080544217687075,0.6205420827389444,,too_short,,,
yue_1980_05,yue,1980,05,/home/data/kevinzhang/research/fractal_analysis/audio_data/YuE/vocals/1980_5_Captain & Tennille_Do That To Me One More Time_vocals.mp3,1980_5_Captain & Tennille_Do That To Me One More Time_vocals.mp3,Captain & Tennille,Do That To Me One More Time,skipped,/home/data/kevinzhang/research/fractal_analysis/results/audio_melody_f0/cache/clean_contours/yue_1980_05.npz,21.037278911564627,0.6336196319018405,,too_short,,,
yue_1990_04,yue,1990,04,/home/data/kevinzhang/research/fractal_analysis/audio_data/YuE/vocals/1990_4_Bell Biv DeVoe_Poison_vocals.mp3,1990_4_Bell Biv DeVoe_Poison_vocals.mp3,Bell Biv DeVoe,Poison,skipped,/home/data/kevinzhang/research/fractal_analysis/results/audio_melody_f0/cache/clean_contours/yue_1990_04.npz,15.952108843537415,0.42699724517906334,,too_short,,,
yue_1984_01,yue,1984,01,/home/data/kevinzhang/research/fractal_analysis/audio_data/YuE/vocals/1984_1_Prince_When Doves Cry_vocals.mp3,1984_1_Prince_When Doves Cry_vocals.mp3,Prince,When Doves Cry,skipped,/home/data/kevinzhang/research/fractal_analysis/results/audio_melody_f0/cache/clean_contours/yue_1984_01.npz,11.400997732426305,0.39174311926605504,,too_short,,,
yue_1989_05,yue,1989,05,/home/data/kevinzhang/research/fractal_analysis/audio_data/YuE/vocals/1989_5_Janet Jackson_Miss You Much_vocals.mp3,1989_5_Janet Jackson_Miss You Much_vocals.mp3,Janet Jackson,Miss You Much,skipped,/home/data/kevinzhang/research/fractal_analysis/results/audio_melody_f0/cache/clean_contours/yue_1989_05.npz,12.515555555555556,0.46383887702166615,,too_short,,,
yue_1995_01,yue,1995,01,/home/data/kevinzhang/research/fractal_analysis/audio_data/YuE/vocals/1995_1_Coolio feat. L.V._Gangsta's Paradise_vocals.mp3,1995_1_Coolio feat. L.V._Gangsta's Paradise_vocals.mp3,Coolio feat. L.V.,Gangsta's Paradise,skipped,/home/data/kevinzhang/research/fractal_analysis/results/audio_melody_f0/cache/clean_contours/yue_1995_01.npz,29.024943310657598,0.729701230228471,,too_short,,,
yue_1989_04,yue,1989,04,/home/data/kevinzhang/research/fractal_analysis/audio_data/YuE/vocals/1989_4_Paula Abdul_Straight Up_vocals.mp3,1989_4_Paula Abdul_Straight Up_vocals.mp3,Paula Abdul,Straight Up,skipped,/home/data/kevinzhang/research/fractal_analysis/results/audio_melody_f0/cache/clean_contours/yue_1989_04.npz,20.387120181405898,0.501583645263461,,too_short,,,
yue_1980_03,yue,1980,03,/home/data/kevinzhang/research/fractal_analysis/audio_data/YuE/vocals/1980_3_Olivia Newton-John_Magic_vocals.mp3,1980_3_Olivia Newton-John_Magic_vocals.mp3,Olivia Newton-John,Magic,skipped,/home/data/kevinzhang/research/fractal_analysis/results/audio_melody_f0/cache/clean_contours/yue_1980_03.npz,20.038820861678005,0.6725446975263287,,too_short,,,
yue_1972_04,yue,1972,04,/home/data/kevinzhang/research/fractal_analysis/audio_data/YuE/vocals/1972_4_Harry Nilsson_Without You_vocals.mp3,1972_4_Harry Nilsson_Without You_vocals.mp3,Harry Nilsson,Without You,success,/home/data/kevinzhang/research/fractal_analysis/results/audio_melody_f0/cache/clean_contours/yue_1972_04.npz,49.83002267573696,0.8027252389668497,0.9375582479030755,,0.8266685594724995,0.03381402287419195,0.0014917951268025858
yue_1994_04,yue,1994,04,/home/data/kevinzhang/research/fractal_analysis/audio_data/YuE/vocals/1994_4_Celine Dion_The Power of Love_vocals.mp3,1994_4_Celine Dion_The Power of Love_vocals.mp3,Celine Dion,The Power of Love,success,/home/data/kevinzhang/research/fractal_analysis/results/audio_melody_f0/cache/clean_contours/yue_1994_04.npz,43.444535147392294,0.9162844036697247,0.9641902725815072,,0.8911444948731202,0.024403771491957847,0.0005546311702717693
yue_1993_02,yue,1993,02,/home/data/kevinzhang/research/fractal_analysis/audio_data/YuE/vocals/1993_2_Tag Team_Whoomp! (There It Is)_vocals.mp3,1993_2_Tag Team_Whoomp! (There It Is)_vocals.mp3,Tag Team,Whoomp! (There It Is),success,/home/data/kevinzhang/research/fractal_analysis/results/audio_melody_f0/cache/clean_contours/yue_1993_02.npz,44.535873015873015,0.8226462308414139,0.8779979144942649,,0.06608151270920701,0.08199643493761141,0.0053475935828877
yue_1973_05,yue,1973,05,/home/data/kevinzhang/research/fractal_analysis/audio_data/YuE/vocals/1973_5_Paul McCartney and Wings_My Love_vocals.mp3,1973_5_Paul McCartney and Wings_My Love_vocals.mp3,Paul McCartney and Wings,My Love,success,/home/data/kevinzhang/research/fractal_analysis/results/audio_melody_f0/cache/clean_contours/yue_1973_05.npz,38.12716553287982,0.5923869944488501,0.4853836784409257,,0.8266685594724994,0.056532663316582916,0.0
yue_1985_02,yue,1985,02,/home/data/kevinzhang/research/fractal_analysis/audio_data/YuE/vocals/1985_2_Madonna_Like a Virgin_vocals.mp3,1985_2_Madonna_Like a Virgin_vocals.mp3,Madonna,Like a Virgin,success,/home/data/kevinzhang/research/fractal_analysis/results/audio_melody_f0/cache/clean_contours/yue_1985_02.npz,38.35936507936508,0.8562740076824584,0.9164648910411622,,0.4849868077159113,0.056179775280898875,0.0013218770654329147
yue_1997_05,yue,1997,05,/home/data/kevinzhang/research/fractal_analysis/audio_data/YuE/vocals/1997_5_Diddy feat. Mase_Can't Nobody Hold Me Down_vocals.mp3,1997_5_Diddy feat. Mase_Can't Nobody Hold Me Down_vocals.mp3,Diddy feat. Mase,Can't Nobody Hold Me Down,skipped,/home/data/kevinzhang/research/fractal_analysis/results/audio_melody_f0/cache/clean_contours/yue_1997_05.npz,10.216780045351474,0.5906670842467898,,too_short,,,
yue_1982_04,yue,1982,04,/home/data/kevinzhang/research/fractal_analysis/audio_data/YuE/vocals/1982_4_Paul McCartney and Stevie Wonder_Ebony and Ivory_vocals.mp3,1982_4_Paul McCartney and Stevie Wonder_Ebony and Ivory_vocals.mp3,Paul McCartney and Stevie Wonder,Ebony and Ivory,success,/home/data/kevinzhang/research/fractal_analysis/results/audio_melody_f0/cache/clean_contours/yue_1982_04.npz,47.83310657596372,0.757466281310212,0.8325242718446602,,0.6159498854580681,0.041423570595099185,0.0011668611435239206
yue_1992_05,yue,1992,05,/home/data/kevinzhang/research/fractal_analysis/audio_data/YuE/vocals/1992_5_TLC_Baby-Baby-Baby_vocals.mp3,1992_5_TLC_Baby-Baby-Baby_vocals.mp3,TLC,Baby-Baby-Baby,skipped,/home/data/kevinzhang/research/fractal_analysis/results/audio_melody_f0/cache/clean_contours/yue_1992_05.npz,25.518730158730158,0.3188925081433225,,too_short,,,
yue_1955_03,yue,1955,03,/home/data/kevinzhang/research/fractal_analysis/audio_data/YuE/vocals/1955_3_Mitch Miller_The Yellow Rose of Texas_vocals.mp3,1955_3_Mitch Miller_The Yellow Rose of Texas_vocals.mp3,Mitch Miller,The Yellow Rose of Texas,skipped,/home/data/kevinzhang/research/fractal_analysis/results/audio_melody_f0/cache/clean_contours/yue_1955_03.npz,24.055873015873015,0.7271759382486026,,too_short,,,
yue_1997_01b,yue,1997,01b,/home/data/kevinzhang/research/fractal_analysis/audio_data/YuE/vocals/1997_1b_Elton John_Candle in the Wind_vocals.mp3,1997_1b_Elton John_Candle in the Wind_vocals.mp3,Elton John,Candle in the Wind,skipped,/home/data/kevinzhang/research/fractal_analysis/results/audio_melody_f0/cache/clean_contours/yue_1997_01b.npz,23.336054421768708,0.5243039169419538,,too_short,,,
yue_1977_05,yue,1977,05,/home/data/kevinzhang/research/fractal_analysis/audio_data/YuE/vocals/1977_5_Hot_Angel in Your Arms_vocals.mp3,1977_5_Hot_Angel in Your Arms_vocals.mp3,Hot,Angel in Your Arms,success,/home/data/kevinzhang/research/fractal_analysis/results/audio_melody_f0/cache/clean_contours/yue_1977_05.npz,30.65034013605442,0.5567361668003208,0.831060606060606,,0.3721358982975087,0.07116788321167883,0.009124087591240875
yue_2008_02,yue,2008,02,/home/data/kevinzhang/research/fractal_analysis/audio_data/YuE/vocals/2008_2_Leona Lewis_Bleeding Love_vocals.mp3,2008_2_Leona Lewis_Bleeding Love_vocals.mp3,Leona Lewis,Bleeding Love,success,/home/data/kevinzhang/research/fractal_analysis/results/audio_melody_f0/cache/clean_contours/yue_2008_02.npz,30.72,0.769614693551607,0.8201058201058201,,0.8266685594724995,0.0544280442804428,0.004612546125461255
yue_1968_03,yue,1968,03,/home/data/kevinzhang/research/fractal_analysis/audio_data/YuE/vocals/1968_3_Bobby Goldsboro_Honey_vocals.mp3,1968_3_Bobby Goldsboro_Honey_vocals.mp3,Bobby Goldsboro,Honey,success,/home/data/kevinzhang/research/fractal_analysis/results/audio_melody_f0/cache/clean_contours/yue_1968_03.npz,30.278820861678007,0.5588312027132795,0.5552147239263804,,0.2796051653363588,0.07330567081604426,0.004149377593360996
yue_2000_01,yue,2000,01,/home/data/kevinzhang/research/fractal_analysis/audio_data/YuE/vocals/2000_1_Faith Hill_Breathe_vocals.mp3,2000_1_Faith Hill_Breathe_vocals.mp3,Faith Hill,Breathe,skipped,/home/data/kevinzhang/research/fractal_analysis/results/audio_melody_f0/cache/clean_contours/yue_2000_01.npz,18.715283446712018,0.6207313387730432,,too_short,,,
yue_2003_05,yue,2003,05,/home/data/kevinzhang/research/fractal_analysis/audio_data/YuE/vocals/2003_5_3 Doors Down_When I'm Gone_vocals.mp3,2003_5_3 Doors Down_When I'm Gone_vocals.mp3,3 Doors Down,When I'm Gone,success,/home/data/kevinzhang/research/fractal_analysis/results/audio_melody_f0/cache/clean_contours/yue_2003_05.npz,45.58077097505669,0.771551724137931,0.8553234844625573,,0.5485250542599845,0.066746126340882,0.0023837902264600714
yue_1982_02,yue,1982,02,/home/data/kevinzhang/research/fractal_analysis/audio_data/YuE/vocals/1982_2_Survivor_Eye of the Tiger_vocals.mp3,1982_2_Survivor_Eye of the Tiger_vocals.mp3,Survivor,Eye of the Tiger,skipped,/home/data/kevinzhang/research/fractal_analysis/results/audio_melody_f0/cache/clean_contours/yue_1982_02.npz,17.60072562358277,0.477088948787062,,too_short,,,
yue_1994_02,yue,1994,02,/home/data/kevinzhang/research/fractal_analysis/audio_data/YuE/vocals/1994_2_All-4-One_I Swear_vocals.mp3,1994_2_All-4-One_I Swear_vocals.mp3,All-4-One,I Swear,success,/home/data/kevinzhang/research/fractal_analysis/results/audio_melody_f0/cache/clean_contours/yue_1994_02.npz,35.99092970521542,0.7469854894747598,0.8980645161290323,,0.7571601330199093,0.0503235082674335,0.004313443565780014
yue_2000_02,yue,2000,02,/home/data/kevinzhang/research/fractal_analysis/audio_data/YuE/vocals/2000_2_Santana feat. Rob Thomas_Smooth_vocals.mp3,2000_2_Santana feat. Rob Thomas_Smooth_vocals.mp3,Santana feat. Rob Thomas,Smooth,skipped,/home/data/kevinzhang/research/fractal_analysis/results/audio_melody_f0/cache/clean_contours/yue_2000_02.npz,18.390204081632653,0.7039379131934463,,too_short,,,
yue_1997_04,yue,1997,04,/home/data/kevinzhang/research/fractal_analysis/audio_data/YuE/vocals/1997_4_Toni Braxton_Un-Break My Heart_vocals.mp3,1997_4_Toni Braxton_Un-Break My Heart_vocals.mp3,Toni Braxton,Un-Break My Heart,success,/home/data/kevinzhang/research/fractal_analysis/results/audio_melody_f0/cache/clean_contours/yue_1997_04.npz,35.062131519274374,0.7769028871391076,0.876158940397351,,0.5485250542599845,0.05521936459909228,0.0022692889561270802
yue_1998_01,yue,1998,01,/home/data/kevinzhang/research/fractal_analysis/audio_data/YuE/vocals/1998_1_Next_Too Close_vocals.mp3,1998_1_Next_Too Close_vocals.mp3,Next,Too Close,success,/home/data/kevinzhang/research/fractal_analysis/results/audio_melody_f0/cache/clean_contours/yue_1998_01.npz,34.969251700680275,0.6879961510704835,0.8359893758300133,,0.5485250542599844,0.06041335453100159,0.0023847376788553257
yue_2003_02,yue,2003,02,/home/data/kevinzhang/research/fractal_analysis/audio_data/YuE/vocals/2003_2_R. Kelly_Ignition_vocals.mp3,2003_2_R. Kelly_Ignition_vocals.mp3,R. Kelly,Ignition,success,/home/data/kevinzhang/research/fractal_analysis/results/audio_melody_f0/cache/clean_contours/yue_2003_02.npz,43.37487528344671,0.689514483884129,0.8940042826552462,,0.5485250542599845,0.07070101857399641,0.0011983223487118035
yue_1998_03,yue,1998,03,/home/data/kevinzhang/research/fractal_analysis/audio_data/YuE/vocals/1998_3_Shania Twain_You're Still the One_vocals.mp3,1998_3_Shania Twain_You're Still the One_vocals.mp3,Shania Twain,You're Still the One,skipped,/home/data/kevinzhang/research/fractal_analysis/results/audio_melody_f0/cache/clean_contours/yue_1998_03.npz,16.880907029478458,0.6536955457660304,,too_short,,,
yue_1998_02,yue,1998,02,/home/data/kevinzhang/research/fractal_analysis/audio_data/YuE/vocals/1998_2_Brandy and Monica_The Boy Is Mine_vocals.mp3,1998_2_Brandy and Monica_The Boy Is Mine_vocals.mp3,Brandy and Monica,The Boy Is Mine,skipped,/home/data/kevinzhang/research/fractal_analysis/results/audio_melody_f0/cache/clean_contours/yue_1998_02.npz,11.00625850340136,0.4124099028517706,,too_short,,,
yue_1999_04,yue,1999,04,/home/data/kevinzhang/research/fractal_analysis/audio_data/YuE/vocals/1999_4_Whitney Houston feat. Faith Evans and Kelly Price_Heartbreak Hotel_vocals.mp3,1999_4_Whitney Houston feat. Faith Evans and Kelly Price_Heartbreak Hotel_vocals.mp3,Whitney Houston feat. Faith Evans and Kelly Price,Heartbreak Hotel,success,/home/data/kevinzhang/research/fractal_analysis/results/audio_melody_f0/cache/clean_contours/yue_1999_04.npz,57.14430839002268,0.7136842105263158,0.7330353514831369,,0.615949885458068,0.057681641708264,0.006100942872989462
yue_1998_04,yue,1998,04,/home/data/kevinzhang/research/fractal_analysis/audio_data/YuE/vocals/1998_4_Savage Garden_Truly Madly Deeply_vocals.mp3,1998_4_Savage Garden_Truly Madly Deeply_vocals.mp3,Savage Garden,Truly Madly Deeply,skipped,/home/data/kevinzhang/research/fractal_analysis/results/audio_melody_f0/cache/clean_contours/yue_1998_04.npz,21.640997732426303,0.790242752769267,,too_short,,,
yue_2001_02,yue,2001,02,/home/data/kevinzhang/research/fractal_analysis/audio_data/YuE/vocals/2001_2_Alicia Keys_Fallin'_vocals.mp3,2001_2_Alicia Keys_Fallin'_vocals.mp3,Alicia Keys,Fallin',success,/home/data/kevinzhang/research/fractal_analysis/results/audio_melody_f0/cache/clean_contours/yue_2001_02.npz,46.18448979591837,0.627239263803681,0.8536953242835595,,0.615949885458068,0.05892751915144372,0.005303476723629935
yue_1996_04,yue,1996,04,/home/data/kevinzhang/research/fractal_analysis/audio_data/YuE/vocals/1996_4_The Tony Rich Project_Nobody Knows_vocals.mp3,1996_4_The Tony Rich Project_Nobody Knows_vocals.mp3,The Tony Rich Project,Nobody Knows,skipped,/home/data/kevinzhang/research/fractal_analysis/results/audio_melody_f0/cache/clean_contours/yue_1996_04.npz,28.83918367346939,0.7469993682880607,,too_short,,,
yue_1995_04,yue,1995,04,/home/data/kevinzhang/research/fractal_analysis/audio_data/YuE/vocals/1995_4_Seal_Kiss from a Rose_vocals.mp3,1995_4_Seal_Kiss from a Rose_vocals.mp3,Seal,Kiss from a Rose,success,/home/data/kevinzhang/research/fractal_analysis/results/audio_melody_f0/cache/clean_contours/yue_1995_04.npz,40.49560090702948,0.7861922141119222,0.9225917431192661,,0.7571601330199094,0.041044776119402986,0.0018656716417910447
yue_1982_01,yue,1982,01,/home/data/kevinzhang/research/fractal_analysis/audio_data/YuE/vocals/1982_1_Olivia Newton-John_Physical_vocals.mp3,1982_1_Olivia Newton-John_Physical_vocals.mp3,Olivia Newton-John,Physical,skipped,/home/data/kevinzhang/research/fractal_analysis/results/audio_melody_f0/cache/clean_contours/yue_1982_01.npz,17.438185941043084,0.6722481471314851,,too_short,,,
yue_2006_03,yue,2006,03,/home/data/kevinzhang/research/fractal_analysis/audio_data/YuE/vocals/2006_3_Nelly Furtado feat. Timbaland_Promiscuous_vocals.mp3,2006_3_Nelly Furtado feat. Timbaland_Promiscuous_vocals.mp3,Nelly Furtado feat. Timbaland,Promiscuous,skipped,/home/data/kevinzhang/research/fractal_analysis/results/audio_melody_f0/cache/clean_contours/yue_2006_03.npz,19.4118820861678,0.6719413353917406,,too_short,,,
yue_1955_02,yue,1955,02,/home/data/kevinzhang/research/fractal_analysis/audio_data/YuE/vocals/1955_2_Bill Haley & His Comets_Rock Around the Clock_vocals.mp3,1955_2_Bill Haley & His Comets_Rock Around the Clock_vocals.mp3,Bill Haley & His Comets,Rock Around the Clock,success,/home/data/kevinzhang/research/fractal_analysis/results/audio_melody_f0/cache/clean_contours/yue_1955_02.npz,36.26956916099773,0.39989798520785513,0.9270166453265045,,0.3721358982975087,0.0663441603317208,0.00138217000691085
yue_1996_05,yue,1996,05,/home/data/kevinzhang/research/fractal_analysis/audio_data/YuE/vocals/1996_5_Mariah Carey_Always Be My Baby_vocals.mp3,1996_5_Mariah Carey_Always Be My Baby_vocals.mp3,Mariah Carey,Always Be My Baby,success,/home/data/kevinzhang/research/fractal_analysis/results/audio_melody_f0/cache/clean_contours/yue_1996_05.npz,53.70775510204082,0.7637701804368471,0.8945092952875054,,0.7571601330199093,0.045454545454545456,0.0024177949709864605
yue_2004_01,yue,2004,01,/home/data/kevinzhang/research/fractal_analysis/audio_data/YuE/vocals/2004_1_Usher feat. Lil John & Ludacris_Yeah!_vocals.mp3,2004_1_Usher feat. Lil John & Ludacris_Yeah!_vocals.mp3,Usher feat. Lil John & Ludacris,Yeah!,skipped,/home/data/kevinzhang/research/fractal_analysis/results/audio_melody_f0/cache/clean_contours/yue_2004_01.npz,20.78185941043084,0.5512075817792724,,too_short,,,
yue_2007_01,yue,2007,01,/home/data/kevinzhang/research/fractal_analysis/audio_data/YuE/vocals/2007_1_Beyonce_Irreplaceable_vocals.mp3,2007_1_Beyonce_Irreplaceable_vocals.mp3,Beyonce,Irreplaceable,success,/home/data/kevinzhang/research/fractal_analysis/results/audio_melody_f0/cache/clean_contours/yue_2007_01.npz,38.2897052154195,0.6934993924665857,0.8253486961795027,,0.32333605839064083,0.10808823529411765,0.007352941176470588
yue_1997_03,yue,1997,03,/home/data/kevinzhang/research/fractal_analysis/audio_data/YuE/vocals/1997_3_Diddy feat. Faith Evans and 112_I'll Be Missing You_vocals.mp3,1997_3_Diddy feat. Faith Evans and 112_I'll Be Missing You_vocals.mp3,Diddy feat. Faith Evans and 112,I'll Be Missing You,success,/home/data/kevinzhang/research/fractal_analysis/results/audio_melody_f0/cache/clean_contours/yue_1997_03.npz,66.780589569161,0.7919621749408984,0.8932545201668984,,0.6159498854580681,0.04672897196261682,0.000778816199376947
yue_1999_03,yue,1999,03,/home/data/kevinzhang/research/fractal_analysis/audio_data/YuE/vocals/1999_3_Monica_Angel of Mine_vocals.mp3,1999_3_Monica_Angel of Mine_vocals.mp3,Monica,Angel of Mine,skipped,/home/data/kevinzhang/research/fractal_analysis/results/audio_melody_f0/cache/clean_contours/yue_1999_03.npz,26.029569160997735,0.6678770273541516,,too_short,,,
yue_2005_02,yue,2005,02,/home/data/kevinzhang/research/fractal_analysis/audio_data/YuE/vocals/2005_2_Gwen Stefani_Hollaback Girl_vocals.mp3,2005_2_Gwen Stefani_Hollaback Girl_vocals.mp3,Gwen Stefani,Hollaback Girl,success,/home/data/kevinzhang/research/fractal_analysis/results/audio_melody_f0/cache/clean_contours/yue_2005_02.npz,35.71229024943311,0.5720204728247623,0.8270481144343304,,0.20650679911775227,0.05035405192761605,0.0023603461841070024
yue_2001_01,yue,2001,01,/home/data/kevinzhang/research/fractal_analysis/audio_data/YuE/vocals/2001_1_Lifehouse_Hanging By A Moment_vocals.mp3,2001_1_Lifehouse_Hanging By A Moment_vocals.mp3,Lifehouse,Hanging By A Moment,success,/home/data/kevinzhang/research/fractal_analysis/results/audio_melody_f0/cache/clean_contours/yue_2001_01.npz,41.470839002267574,0.5700539779394508,0.6909294512877939,,0.5485250542599844,0.06163828061638281,0.0
yue_2003_03,yue,2003,03,/home/data/kevinzhang/research/fractal_analysis/audio_data/YuE/vocals/2003_3_Sean Paul_Get Busy_vocals.mp3,2003_3_Sean Paul_Get Busy_vocals.mp3,Sean Paul,Get Busy,success,/home/data/kevinzhang/research/fractal_analysis/results/audio_melody_f0/cache/clean_contours/yue_2003_03.npz,40.170521541950116,0.8035028790786948,0.8676300578034682,,0.1279370863012904,0.06533333333333333,0.008666666666666666
yue_2002_04,yue,2002,04,/home/data/kevinzhang/research/fractal_analysis/audio_data/YuE/vocals/2002_4_Nelly feat. Kelly Rowland_Dilemma_vocals.mp3,2002_4_Nelly feat. Kelly Rowland_Dilemma_vocals.mp3,Nelly feat. Kelly Rowland,Dilemma,skipped,/home/data/kevinzhang/research/fractal_analysis/results/audio_melody_f0/cache/clean_contours/yue_2002_04.npz,12.26013605442177,0.34820585457979225,,too_short,,,
yue_1953_04,yue,1953,04,/home/data/kevinzhang/research/fractal_analysis/audio_data/YuE/vocals/1953_4_Eddie Fisher_I'm Walking Behind You_vocals.mp3,1953_4_Eddie Fisher_I'm Walking Behind You_vocals.mp3,Eddie Fisher,I'm Walking Behind You,skipped,/home/data/kevinzhang/research/fractal_analysis/results/audio_melody_f0/cache/clean_contours/yue_1953_04.npz,77.67074829931973,0.19934640522875818,,low_region_voiced_coverage,,,
yue_2014_05,yue,2014,05,/home/data/kevinzhang/research/fractal_analysis/audio_data/YuE/vocals/2014_5_OneRepublic_Counting Stars_vocals.mp3,2014_5_OneRepublic_Counting Stars_vocals.mp3,OneRepublic,Counting Stars,skipped,/home/data/kevinzhang/research/fractal_analysis/results/audio_melody_f0/cache/clean_contours/yue_2014_05.npz,24.61315192743764,0.7762747138397502,,too_short,,,
yue_2009_02,yue,2009,02,/home/data/kevinzhang/research/fractal_analysis/audio_data/YuE/vocals/2009_2_Lady Gaga_Poker Face_vocals.mp3,2009_2_Lady Gaga_Poker Face_vocals.mp3,Lady Gaga,Poker Face,success,/home/data/kevinzhang/research/fractal_analysis/results/audio_melody_f0/cache/clean_contours/yue_2009_02.npz,30.48780045351474,0.7252553716097218,0.821020563594821,,0.05607139544589262,0.09656453110492108,0.0009285051067780873
yue_2000_05,yue,2000,05,/home/data/kevinzhang/research/fractal_analysis/audio_data/YuE/vocals/2000_5_Vertical Horizon_Everything You Want_vocals.mp3,2000_5_Vertical Horizon_Everything You Want_vocals.mp3,Vertical Horizon,Everything You Want,skipped,/home/data/kevinzhang/research/fractal_analysis/results/audio_melody_f0/cache/clean_contours/yue_2000_05.npz,7.778684807256236,0.42567567567567566,,too_short,,,
yue_2004_02,yue,2004,02,/home/data/kevinzhang/research/fractal_analysis/audio_data/YuE/vocals/2004_2_Usher_Burn_vocals.mp3,2004_2_Usher_Burn_vocals.mp3,Usher,Burn,skipped,/home/data/kevinzhang/research/fractal_analysis/results/audio_melody_f0/cache/clean_contours/yue_2004_02.npz,28.746303854875283,0.7402126631222813,,too_short,,,
yue_2006_01,yue,2006,01,/home/data/kevinzhang/research/fractal_analysis/audio_data/YuE/vocals/2006_1_Daniel Powter_Bad Day_vocals.mp3,2006_1_Daniel Powter_Bad Day_vocals.mp3,Daniel Powter,Bad Day,skipped,/home/data/kevinzhang/research/fractal_analysis/results/audio_melody_f0/cache/clean_contours/yue_2006_01.npz,22.825215419501134,0.6178085461924087,,too_short,,,
yue_2011_03,yue,2011,03,/home/data/kevinzhang/research/fractal_analysis/audio_data/YuE/vocals/2011_3_Katy Perry_Firework_vocals.mp3,2011_3_Katy Perry_Firework_vocals.mp3,Katy Perry,Firework,success,/home/data/kevinzhang/research/fractal_analysis/results/audio_melody_f0/cache/clean_contours/yue_2011_03.npz,61.78829931972789,0.8439816448994,0.8865088312664412,,0.5485250542599844,0.08778625954198473,0.006785411365564037
yue_1994_03,yue,1994,03,/home/data/kevinzhang/research/fractal_analysis/audio_data/YuE/vocals/1994_3_Boyz II Men_I'll Make Love to You_vocals.mp3,1994_3_Boyz II Men_I'll Make Love to You_vocals.mp3,Boyz II Men,I'll Make Love to You,success,/home/data/kevinzhang/research/fractal_analysis/results/audio_melody_f0/cache/clean_contours/yue_1994_03.npz,36.664308390022676,0.7651288196524865,0.928435718809373,,0.24075439447557428,0.048464163822525594,0.0006825938566552901
yue_2005_03,yue,2005,03,/home/data/kevinzhang/research/fractal_analysis/audio_data/YuE/vocals/2005_3_Mario_Let Me Love You_vocals.mp3,2005_3_Mario_Let Me Love You_vocals.mp3,Mario,Let Me Love You,success,/home/data/kevinzhang/research/fractal_analysis/results/audio_melody_f0/cache/clean_contours/yue_2005_03.npz,66.80380952380952,0.8336071344754752,0.9450816823079596,,0.8266685594724995,0.05003679175864607,0.0003679175864606328
yue_2011_01,yue,2011,01,/home/data/kevinzhang/research/fractal_analysis/audio_data/YuE/vocals/2011_1_Adele_Rolling in the Deep_vocals.mp3,2011_1_Adele_Rolling in the Deep_vocals.mp3,Adele,Rolling in the Deep,success,/home/data/kevinzhang/research/fractal_analysis/results/audio_melody_f0/cache/clean_contours/yue_2011_01.npz,46.04517006802721,0.8581770319183942,0.8724155320221886,,0.48498680771591124,0.07923655292076345,0.002891844997108155
yue_2005_01,yue,2005,01,/home/data/kevinzhang/research/fractal_analysis/audio_data/YuE/vocals/2005_1_Mariah Carey_We Belong Together_vocals.mp3,2005_1_Mariah Carey_We Belong Together_vocals.mp3,Mariah Carey,We Belong Together,success,/home/data/kevinzhang/research/fractal_analysis/results/audio_melody_f0/cache/clean_contours/yue_2005_01.npz,68.80072562358276,0.8181538461538461,0.897401282483969,,0.615949885458068,0.05492851768246802,0.0018811136192626034
yue_2012_04,yue,2012,04,/home/data/kevinzhang/research/fractal_analysis/audio_data/YuE/vocals/2012_4_Maroon 5 feat. Wiz Khalifa_Payphone_vocals.mp3,2012_4_Maroon 5 feat. Wiz Khalifa_Payphone_vocals.mp3,Maroon 5 feat. Wiz Khalifa,Payphone,skipped,/home/data/kevinzhang/research/fractal_analysis/results/audio_melody_f0/cache/clean_contours/yue_2012_04.npz,28.908843537414967,0.7932752179327521,,too_short,,,
yue_2009_04,yue,2009,04,/home/data/kevinzhang/research/fractal_analysis/audio_data/YuE/vocals/2009_4_The Black Eyed Peas_I Gotta Feeling_vocals.mp3,2009_4_The Black Eyed Peas_I Gotta Feeling_vocals.mp3,The Black Eyed Peas,I Gotta Feeling,success,/home/data/kevinzhang/research/fractal_analysis/results/audio_melody_f0/cache/clean_contours/yue_2009_04.npz,50.31764172335601,0.7753658536585366,0.8624826949700046,,0.6159498854580678,0.069593147751606,0.008029978586723769
yue_2009_01,yue,2009,01,/home/data/kevinzhang/research/fractal_analysis/audio_data/YuE/vocals/2009_1_The Black Eyed Peas_Boom Boom Pow_vocals.mp3,2009_1_The Black Eyed Peas_Boom Boom Pow_vocals.mp3,The Black Eyed Peas,Boom Boom Pow,skipped,/home/data/kevinzhang/research/fractal_analysis/results/audio_melody_f0/cache/clean_contours/yue_2009_01.npz,22.244716553287983,0.7041291524371314,,too_short,,,
yue_2002_05,yue,2002,05,/home/data/kevinzhang/research/fractal_analysis/audio_data/YuE/vocals/2002_5_The Calling_Wherever You Will Go_vocals.mp3,2002_5_The Calling_Wherever You Will Go_vocals.mp3,The Calling,Wherever You Will Go,success,/home/data/kevinzhang/research/fractal_analysis/results/audio_melody_f0/cache/clean_contours/yue_2002_05.npz,55.35637188208617,0.7625025308766957,0.9056208053691275,,0.5485250542599844,0.06672845227062095,0.0013901760889712697
yue_2014_03,yue,2014,03,/home/data/kevinzhang/research/fractal_analysis/audio_data/YuE/vocals/2014_3_John Legend_All of Me_vocals.mp3,2014_3_John Legend_All of Me_vocals.mp3,John Legend,All of Me,skipped,/home/data/kevinzhang/research/fractal_analysis/results/audio_melody_f0/cache/clean_contours/yue_2014_03.npz,23.823673469387757,0.8656660412757974,,too_short,,,
yue_2011_04,yue,2011,04,/home/data/kevinzhang/research/fractal_analysis/audio_data/YuE/vocals/2011_4_Katy Perry feat. Kanye West_E.T._vocals.mp3,2011_4_Katy Perry feat. Kanye West_E.T._vocals.mp3,Katy Perry feat. Kanye West,E.T.,skipped,/home/data/kevinzhang/research/fractal_analysis/results/audio_melody_f0/cache/clean_contours/yue_2011_04.npz,22.941315192743765,0.48730267673301303,,too_short,,,
yue_2005_04,yue,2005,04,/home/data/kevinzhang/research/fractal_analysis/audio_data/YuE/vocals/2005_4_Kelly Clarkson_Since U Been Gone_vocals.mp3,2005_4_Kelly Clarkson_Since U Been Gone_vocals.mp3,Kelly Clarkson,Since U Been Gone,success,/home/data/kevinzhang/research/fractal_analysis/results/audio_melody_f0/cache/clean_contours/yue_2005_04.npz,31.695238095238096,0.6496694995278565,0.6197802197802198,,0.9459302094659091,0.03550295857988166,0.008284023668639054
yue_2012_05,yue,2012,05,/home/data/kevinzhang/research/fractal_analysis/audio_data/YuE/vocals/2012_5_Ellie Goulding_Lights_vocals.mp3,2012_5_Ellie Goulding_Lights_vocals.mp3,Ellie Goulding,Lights,success,/home/data/kevinzhang/research/fractal_analysis/results/audio_melody_f0/cache/clean_contours/yue_2012_05.npz,48.32072562358277,0.7408400357462019,0.8769822200864968,,0.7571601330199094,0.06304824561403509,0.0005482456140350877
yue_2007_04,yue,2007,04,/home/data/kevinzhang/research/fractal_analysis/audio_data/YuE/vocals/2007_4_Fergie_Big Girls Don't Cry (Personal)_vocals.mp3,2007_4_Fergie_Big Girls Don't Cry (Personal)_vocals.mp3,Fergie,Big Girls Don't Cry (Personal),skipped,/home/data/kevinzhang/research/fractal_analysis/results/audio_melody_f0/cache/clean_contours/yue_2007_04.npz,18.784943310657596,0.8211362542128069,,too_short,,,
yue_2013_02,yue,2013,02,/home/data/kevinzhang/research/fractal_analysis/audio_data/YuE/vocals/2013_2_Robin Thicke feat. TI and Pharrell Williams_Blurred Lines_vocals.mp3,2013_2_Robin Thicke feat. TI and Pharrell Williams_Blurred Lines_vocals.mp3,Robin Thicke feat. TI and Pharrell Williams,Blurred Lines,skipped,/home/data/kevinzhang/research/fractal_analysis/results/audio_melody_f0/cache/clean_contours/yue_2013_02.npz,18.436643990929706,0.7476993865030674,,too_short,,,
yue_2009_03,yue,2009,03,/home/data/kevinzhang/research/fractal_analysis/audio_data/YuE/vocals/2009_3_Lady Gaga feat. Colby O'Donis_Just Dance_vocals.mp3,2009_3_Lady Gaga feat. Colby O'Donis_Just Dance_vocals.mp3,Lady Gaga feat. Colby O'Donis,Just Dance,success,/home/data/kevinzhang/research/fractal_analysis/results/audio_melody_f0/cache/clean_contours/yue_2009_03.npz,55.28671201814059,0.7195970256656272,0.8954220915581689,,0.4555245671257887,0.08916001877053027,0.00328484279680901
yue_2010_03,yue,2010,03,"/home/data/kevinzhang/research/fractal_analysis/audio_data/YuE/vocals/2010_3_Train_Hey, Soul Sister_vocals.mp3","2010_3_Train_Hey, Soul Sister_vocals.mp3",Train,"Hey, Soul Sister",skipped,/home/data/kevinzhang/research/fractal_analysis/results/audio_melody_f0/cache/clean_contours/yue_2010_03.npz,21.524897959183672,0.4055243216817404,,too_short,,,
yue_1965_05,yue,1965,05,/home/data/kevinzhang/research/fractal_analysis/audio_data/YuE/vocals/1965_5_The Righteous Brothers_You've Lost That Lovin' Feelin'_vocals.mp3,1965_5_The Righteous Brothers_You've Lost That Lovin' Feelin'_vocals.mp3,The Righteous Brothers,You've Lost That Lovin' Feelin',success,/home/data/kevinzhang/research/fractal_analysis/results/audio_melody_f0/cache/clean_contours/yue_1965_05.npz,68.87038548752835,0.9340931615460852,0.9571813890761969,,0.48498680771591124,0.041578576462297394,0.003875968992248062
yue_2006_04,yue,2006,04,/home/data/kevinzhang/research/fractal_analysis/audio_data/YuE/vocals/2006_4_James Blunt_You're Beautiful_vocals.mp3,2006_4_James Blunt_You're Beautiful_vocals.mp3,James Blunt,You're Beautiful,skipped,/home/data/kevinzhang/research/fractal_analysis/results/audio_melody_f0/cache/clean_contours/yue_2006_04.npz,26.308208616780046,0.6357794361525705,,too_short,,,
yue_2008_05,yue,2008,05,/home/data/kevinzhang/research/fractal_analysis/audio_data/YuE/vocals/2008_5_Timbaland feat. OneRepublic_Apologize_vocals.mp3,2008_5_Timbaland feat. OneRepublic_Apologize_vocals.mp3,Timbaland feat. OneRepublic,Apologize,skipped,/home/data/kevinzhang/research/fractal_analysis/results/audio_melody_f0/cache/clean_contours/yue_2008_05.npz,24.938231292517006,0.6246161115048429,,too_short,,,
yue_2007_02,yue,2007,02,/home/data/kevinzhang/research/fractal_analysis/audio_data/YuE/vocals/2007_2_Rihanna feat. Jay-Z_Umbrella_vocals.mp3,2007_2_Rihanna feat. Jay-Z_Umbrella_vocals.mp3,Rihanna feat. Jay-Z,Umbrella,skipped,/home/data/kevinzhang/research/fractal_analysis/results/audio_melody_f0/cache/clean_contours/yue_2007_02.npz,22.96453514739229,0.6254604993860008,,too_short,,,
yue_1965_01,yue,1965,01,/home/data/kevinzhang/research/fractal_analysis/audio_data/YuE/vocals/1965_1_Sam the Sham and the Pharaohs_Wooly Bully_vocals.mp3,1965_1_Sam the Sham and the Pharaohs_Wooly Bully_vocals.mp3,Sam the Sham and the Pharaohs,Wooly Bully,skipped,/home/data/kevinzhang/research/fractal_analysis/results/audio_melody_f0/cache/clean_contours/yue_1965_01.npz,8.614603174603175,0.4567156348373557,,too_short,,,
yue_2011_05,yue,2011,05,"/home/data/kevinzhang/research/fractal_analysis/audio_data/YuE/vocals/2011_5_Pitbull feat. Ne-Yo, Afrojack and Nayer_Give Me Everything_vocals.mp3","2011_5_Pitbull feat. Ne-Yo, Afrojack and Nayer_Give Me Everything_vocals.mp3","Pitbull feat. Ne-Yo, Afrojack and Nayer",Give Me Everything,success,/home/data/kevinzhang/research/fractal_analysis/results/audio_melody_f0/cache/clean_contours/yue_2011_05.npz,36.1534693877551,0.7479964381121995,0.7007064868336544,,0.4849868077159113,0.05871559633027523,0.001834862385321101
yue_2008_04,yue,2008,04,/home/data/kevinzhang/research/fractal_analysis/audio_data/YuE/vocals/2008_4_Lil Wayne feat. Static Major_Lollipop_vocals.mp3,2008_4_Lil Wayne feat. Static Major_Lollipop_vocals.mp3,Lil Wayne feat. Static Major,Lollipop,skipped,/home/data/kevinzhang/research/fractal_analysis/results/audio_melody_f0/cache/clean_contours/yue_2008_04.npz,89.46648526077098,0.025753643441804752,,low_region_voiced_coverage,,,
yue_2015_04,yue,2015,04,/home/data/kevinzhang/research/fractal_analysis/audio_data/YuE/vocals/2015_4_Fetty Wap_Trap Queen_vocals.mp3,2015_4_Fetty Wap_Trap Queen_vocals.mp3,Fetty Wap,Trap Queen,skipped,/home/data/kevinzhang/research/fractal_analysis/results/audio_melody_f0/cache/clean_contours/yue_2015_04.npz,29.14104308390023,0.7606440071556351,,too_short,,,
yue_2010_02,yue,2010,02,/home/data/kevinzhang/research/fractal_analysis/audio_data/YuE/vocals/2010_2_Lady Antebellum_Need You Now_vocals.mp3,2010_2_Lady Antebellum_Need You Now_vocals.mp3,Lady Antebellum,Need You Now,skipped,/home/data/kevinzhang/research/fractal_analysis/results/audio_melody_f0/cache/clean_contours/yue_2010_02.npz,29.14104308390023,0.6621754042136208,,too_short,,,
yue_2003_04,yue,2003,04,/home/data/kevinzhang/research/fractal_analysis/audio_data/YuE/vocals/2003_4_Beyonce featuring Jay-Z_Crazy in Love_vocals.mp3,2003_4_Beyonce featuring Jay-Z_Crazy in Love_vocals.mp3,Beyonce featuring Jay-Z,Crazy in Love,success,/home/data/kevinzhang/research/fractal_analysis/results/audio_melody_f0/cache/clean_contours/yue_2003_04.npz,37.384126984126986,0.6215403128760529,0.7801242236024845,,0.06608151270920701,0.10836653386454183,0.004780876494023904
yue_2008_03,yue,2008,03,/home/data/kevinzhang/research/fractal_analysis/audio_data/YuE/vocals/2008_3_Alicia Keys_No One_vocals.mp3,2008_3_Alicia Keys_No One_vocals.mp3,Alicia Keys,No One,success,/home/data/kevinzhang/research/fractal_analysis/results/audio_melody_f0/cache/clean_contours/yue_2008_03.npz,47.85632653061224,0.8426160337552743,0.9645803008248424,,0.6860828109301793,0.05435329642677403,0.003019627579265224
yue_2020_05,yue,2020,05,/home/data/kevinzhang/research/fractal_analysis/audio_data/YuE/vocals/2020_5_DaBaby feat. Roddy Ricch_Rockstar_vocals.mp3,2020_5_DaBaby feat. Roddy Ricch_Rockstar_vocals.mp3,DaBaby feat. Roddy Ricch,Rockstar,success,/home/data/kevinzhang/research/fractal_analysis/results/audio_melody_f0/cache/clean_contours/yue_2020_05.npz,46.88108843537415,0.8114350624763347,0.8588410104011887,,0.32333605839064083,0.04904789382573572,0.0051933064050779
yue_2017_03,yue,2017,03,/home/data/kevinzhang/research/fractal_analysis/audio_data/YuE/vocals/2017_3_Bruno Mars_That's What I Like_vocals.mp3,2017_3_Bruno Mars_That's What I Like_vocals.mp3,Bruno Mars,That's What I Like,skipped,/home/data/kevinzhang/research/fractal_analysis/results/audio_melody_f0/cache/clean_contours/yue_2017_03.npz,17.647165532879818,0.6529621236646164,,too_short,,,
yue_2021_01,yue,2021,01,/home/data/kevinzhang/research/fractal_analysis/audio_data/YuE/vocals/2021_1_Dua Lipa_Levitating_vocals.mp3,2021_1_Dua Lipa_Levitating_vocals.mp3,Dua Lipa,Levitating,skipped,/home/data/kevinzhang/research/fractal_analysis/results/audio_melody_f0/cache/clean_contours/yue_2021_01.npz,25.820589569160997,0.7387247278382582,,too_short,,,
yue_2016_03,yue,2016,03,/home/data/kevinzhang/research/fractal_analysis/audio_data/YuE/vocals/2016_3_Drake feat. Wizkid and Kyla_One Dance_vocals.mp3,2016_3_Drake feat. Wizkid and Kyla_One Dance_vocals.mp3,Drake feat. Wizkid and Kyla,One Dance,skipped,/home/data/kevinzhang/research/fractal_analysis/results/audio_melody_f0/cache/clean_contours/yue_2016_03.npz,27.23700680272109,0.7377151799687011,,too_short,,,
yue_2016_04,yue,2016,04,/home/data/kevinzhang/research/fractal_analysis/audio_data/YuE/vocals/2016_4_Rihanna feat. Drake_Work_vocals.mp3,2016_4_Rihanna feat. Drake_Work_vocals.mp3,Rihanna feat. Drake,Work,success,/home/data/kevinzhang/research/fractal_analysis/results/audio_melody_f0/cache/clean_contours/yue_2016_04.npz,39.14884353741497,0.7522962112514351,0.8896797153024911,,0.32333605839064083,0.1114076050700467,0.004002668445630421
yue_2015_05,yue,2015,05,/home/data/kevinzhang/research/fractal_analysis/audio_data/YuE/vocals/2015_5_Maroon 5_Sugar_vocals.mp3,2015_5_Maroon 5_Sugar_vocals.mp3,Maroon 5,Sugar,success,/home/data/kevinzhang/research/fractal_analysis/results/audio_melody_f0/cache/clean_contours/yue_2015_05.npz,36.6875283446712,0.762962962962963,0.8848101265822785,,0.2796051653363588,0.06871868289191124,0.0071581961345740875
yue_2017_04,yue,2017,04,/home/data/kevinzhang/research/fractal_analysis/audio_data/YuE/vocals/2017_4_Kendrick Lamar_Humble_vocals.mp3,2017_4_Kendrick Lamar_Humble_vocals.mp3,Kendrick Lamar,Humble,skipped,/home/data/kevinzhang/research/fractal_analysis/results/audio_melody_f0/cache/clean_contours/yue_2017_04.npz,9.729160997732427,0.4874835309617918,,too_short,,,
yue_2019_02,yue,2019,02,/home/data/kevinzhang/research/fractal_analysis/audio_data/YuE/vocals/2019_2_Post Malone and Swae Lee_Sunflower_vocals.mp3,2019_2_Post Malone and Swae Lee_Sunflower_vocals.mp3,Post Malone and Swae Lee,Sunflower,success,/home/data/kevinzhang/research/fractal_analysis/results/audio_melody_f0/cache/clean_contours/yue_2019_02.npz,46.95074829931973,0.7780678851174935,0.863996043521266,,0.5485250542599844,0.053837342497136315,0.004009163802978236
yue_2019_05,yue,2019,05,/home/data/kevinzhang/research/fractal_analysis/audio_data/YuE/vocals/2019_5_Post Malone_Wow_vocals.mp3,2019_5_Post Malone_Wow_vocals.mp3,Post Malone,Wow,success,/home/data/kevinzhang/research/fractal_analysis/results/audio_melody_f0/cache/clean_contours/yue_2019_05.npz,31.463038548752834,0.7411658109332528,0.8509225092250923,,0.2796051653363588,0.07899305555555555,0.006944444444444444
yue_2018_02,yue,2018,02,/home/data/kevinzhang/research/fractal_analysis/audio_data/YuE/vocals/2018_2_Ed Sheeran_Perfect_vocals.mp3,2018_2_Ed Sheeran_Perfect_vocals.mp3,Ed Sheeran,Perfect,success,/home/data/kevinzhang/research/fractal_analysis/results/audio_melody_f0/cache/clean_contours/yue_2018_02.npz,73.09641723356009,0.761259842519685,0.7677890724269377,,0.4260623290432814,0.061258278145695365,0.0028973509933774835
yue_2018_01,yue,2018,01,/home/data/kevinzhang/research/fractal_analysis/audio_data/YuE/vocals/2018_1_Drake_God's Plan_vocals.mp3,2018_1_Drake_God's Plan_vocals.mp3,Drake,God's Plan,skipped,/home/data/kevinzhang/research/fractal_analysis/results/audio_melody_f0/cache/clean_contours/yue_2018_01.npz,23.91655328798186,0.5276208411801632,,too_short,,,
yue_2020_02,yue,2020,02,/home/data/kevinzhang/research/fractal_analysis/audio_data/YuE/vocals/2020_2_Post Malone_Circles_vocals.mp3,2020_2_Post Malone_Circles_vocals.mp3,Post Malone,Circles,success,/home/data/kevinzhang/research/fractal_analysis/results/audio_melody_f0/cache/clean_contours/yue_2020_02.npz,66.31619047619047,0.7675302245250432,0.7734593837535014,,0.4260623290432815,0.04664855072463768,0.013134057971014492
yue_2016_01,yue,2016,01,/home/data/kevinzhang/research/fractal_analysis/audio_data/YuE/vocals/2016_1_Justin Bieber_Love Yourself_vocals.mp3,2016_1_Justin Bieber_Love Yourself_vocals.mp3,Justin Bieber,Love Yourself,skipped,/home/data/kevinzhang/research/fractal_analysis/results/audio_melody_f0/cache/clean_contours/yue_2016_01.npz,67.45396825396826,0.26728892660161224,,low_region_voiced_coverage,,,
yue_2019_03,yue,2019,03,/home/data/kevinzhang/research/fractal_analysis/audio_data/YuE/vocals/2019_3_Halsey_Without Me_vocals.mp3,2019_3_Halsey_Without Me_vocals.mp3,Halsey,Without Me,success,/home/data/kevinzhang/research/fractal_analysis/results/audio_melody_f0/cache/clean_contours/yue_2019_03.npz,62.02049886621315,0.8806441427218188,0.9730438038187944,,0.8266685594724996,0.033102386451116246,0.0026943802925327174
yue_2022_01,yue,2022,01,/home/data/kevinzhang/research/fractal_analysis/audio_data/YuE/vocals/2022_1_Glass Animals_Heat Waves_vocals.mp3,2022_1_Glass Animals_Heat Waves_vocals.mp3,Glass Animals,Heat Waves,skipped,/home/data/kevinzhang/research/fractal_analysis/results/audio_melody_f0/cache/clean_contours/yue_2022_01.npz,15.696689342403628,0.7613452188006483,,too_short,,,
yue_2020_01,yue,2020,01,/home/data/kevinzhang/research/fractal_analysis/audio_data/YuE/vocals/2020_1_The Weeknd_Blinding Lights_vocals.mp3,2020_1_The Weeknd_Blinding Lights_vocals.mp3,The Weeknd,Blinding Lights,success,/home/data/kevinzhang/research/fractal_analysis/results/audio_melody_f0/cache/clean_contours/yue_2020_01.npz,79.62122448979592,0.8881219442047742,0.9005540974044911,,0.42606232904328156,0.05863297700032394,0.0035633300939423387
yue_1972_03,yue,1972,03,/home/data/kevinzhang/research/fractal_analysis/audio_data/YuE/vocals/1972_3_Don McLean_American Pie_vocals.mp3,1972_3_Don McLean_American Pie_vocals.mp3,Don McLean,American Pie,success,/home/data/kevinzhang/research/fractal_analysis/results/audio_melody_f0/cache/clean_contours/yue_1972_03.npz,55.05451247165533,0.7950629982000514,0.8641923239139604,,0.8266685594724995,0.04248046875,0.001953125
yue_2021_05,yue,2021,05,/home/data/kevinzhang/research/fractal_analysis/audio_data/YuE/vocals/2021_5_Olivia Rodrigo_Good 4 U_vocals.mp3,2021_5_Olivia Rodrigo_Good 4 U_vocals.mp3,Olivia Rodrigo,Good 4 U,success,/home/data/kevinzhang/research/fractal_analysis/results/audio_melody_f0/cache/clean_contours/yue_2021_05.npz,35.10857142857143,0.7690977226866532,0.7281746031746031,,0.48498680771591124,0.038181818181818185,0.0009090909090909091
yue_2018_03,yue,2018,03,/home/data/kevinzhang/research/fractal_analysis/audio_data/YuE/vocals/2018_3_Bebe Rexha feat. Florida Georgia Line_Meant to Be_vocals.mp3,2018_3_Bebe Rexha feat. Florida Georgia Line_Meant to Be_vocals.mp3,Bebe Rexha feat. Florida Georgia Line,Meant to Be,success,/home/data/kevinzhang/research/fractal_analysis/results/audio_melody_f0/cache/clean_contours/yue_2018_03.npz,41.586938775510205,0.6364692218350755,0.8330541596873255,,0.48498680771591124,0.07310529845741114,0.0026827632461435278
yue_2021_02,yue,2021,02,/home/data/kevinzhang/research/fractal_analysis/audio_data/YuE/vocals/2021_2_The Weeknd and Ariana Grande_Save Your Tears_vocals.mp3,2021_2_The Weeknd and Ariana Grande_Save Your Tears_vocals.mp3,The Weeknd and Ariana Grande,Save Your Tears,success,/home/data/kevinzhang/research/fractal_analysis/results/audio_melody_f0/cache/clean_contours/yue_2021_02.npz,67.15210884353742,0.840227944280287,0.9450207468879668,,0.8266685549166514,0.037701317715959005,0.0076866764275256225
yue_1983_02,yue,1983,02,/home/data/kevinzhang/research/fractal_analysis/audio_data/YuE/vocals/1983_2_Michael Jackson_Billie Jean_vocals.mp3,1983_2_Michael Jackson_Billie Jean_vocals.mp3,Michael Jackson,Billie Jean,skipped,/home/data/kevinzhang/research/fractal_analysis/results/audio_melody_f0/cache/clean_contours/yue_1983_02.npz,20.921179138321996,0.7402524544179523,,too_short,,,
yue_1975_02,yue,1975,02,/home/data/kevinzhang/research/fractal_analysis/audio_data/YuE/vocals/1975_2_Glen Campbell_Rhinestone Cowboy_vocals.mp3,1975_2_Glen Campbell_Rhinestone Cowboy_vocals.mp3,Glen Campbell,Rhinestone Cowboy,skipped,/home/data/kevinzhang/research/fractal_analysis/results/audio_melody_f0/cache/clean_contours/yue_1975_02.npz,28.65342403628118,0.6909628832705755,,too_short,,,
yue_2020_04,yue,2020,04,/home/data/kevinzhang/research/fractal_analysis/audio_data/YuE/vocals/2020_4_Dua Lipa_Don't Start Now_vocals.mp3,2020_4_Dua Lipa_Don't Start Now_vocals.mp3,Dua Lipa,Don't Start Now,skipped,/home/data/kevinzhang/research/fractal_analysis/results/audio_melody_f0/cache/clean_contours/yue_2020_04.npz,14.605351473922903,0.6323529411764706,,too_short,,,
yue_2019_04,yue,2019,04,/home/data/kevinzhang/research/fractal_analysis/audio_data/YuE/vocals/2019_4_Billie Eilish_Bad Guy_vocals.mp3,2019_4_Billie Eilish_Bad Guy_vocals.mp3,Billie Eilish,Bad Guy,success,/home/data/kevinzhang/research/fractal_analysis/results/audio_melody_f0/cache/clean_contours/yue_2019_04.npz,32.020317460317465,0.649154051647373,0.7142857142857143,,0.3721358982975087,0.08536585365853659,0.0
yue_2024_04,yue,2024,04,/home/data/kevinzhang/research/fractal_analysis/audio_data/YuE/vocals/2024_4_Post Malone feat. Morgan Wallen_I Had Some Help_vocals.mp3,2024_4_Post Malone feat. Morgan Wallen_I Had Some Help_vocals.mp3,Post Malone feat. Morgan Wallen,I Had Some Help,skipped,/home/data/kevinzhang/research/fractal_analysis/results/audio_melody_f0/cache/clean_contours/yue_2024_04.npz,28.026485260770976,0.8006624510689552,,too_short,,,
yue_2024_05,yue,2024,05,/home/data/kevinzhang/research/fractal_analysis/audio_data/YuE/vocals/2024_5_Jack Harlow_Lovin' On Me_vocals.mp3,2024_5_Jack Harlow_Lovin' On Me_vocals.mp3,Jack Harlow,Lovin' On Me,skipped,/home/data/kevinzhang/research/fractal_analysis/results/audio_melody_f0/cache/clean_contours/yue_2024_05.npz,21.36235827664399,0.7961899002116722,,too_short,,,
yue_1974_03,yue,1974,03,/home/data/kevinzhang/research/fractal_analysis/audio_data/YuE/vocals/1974_3_Love Unlimited Orchestra_Love's Theme_vocals.mp3,1974_3_Love Unlimited Orchestra_Love's Theme_vocals.mp3,Love Unlimited Orchestra,Love's Theme,skipped,/home/data/kevinzhang/research/fractal_analysis/results/audio_melody_f0/cache/clean_contours/yue_1974_03.npz,10.750839002267574,0.04205366357069144,,too_short,,,
yue_1973_02,yue,1973,02,"/home/data/kevinzhang/research/fractal_analysis/audio_data/YuE/vocals/1973_2_Jim Croce_Bad, Bad Leroy Brown_vocals.mp3","1973_2_Jim Croce_Bad, Bad Leroy Brown_vocals.mp3",Jim Croce,"Bad, Bad Leroy Brown",skipped,/home/data/kevinzhang/research/fractal_analysis/results/audio_melody_f0/cache/clean_contours/yue_1973_02.npz,14.140952380952381,0.5045608548345061,,too_short,,,
yue_1975_04,yue,1975,04,/home/data/kevinzhang/research/fractal_analysis/audio_data/YuE/vocals/1975_4_Freddy Fender_Before the Next Teardrop Falls_vocals.mp3,1975_4_Freddy Fender_Before the Next Teardrop Falls_vocals.mp3,Freddy Fender,Before the Next Teardrop Falls,skipped,/home/data/kevinzhang/research/fractal_analysis/results/audio_melody_f0/cache/clean_contours/yue_1975_04.npz,18.274104308390022,0.7089214380825566,,too_short,,,
yue_1976_02,yue,1976,02,/home/data/kevinzhang/research/fractal_analysis/audio_data/YuE/vocals/1976_2_Elton John and Kiki Dee_Don't Go Breaking My Heart_vocals.mp3,1976_2_Elton John and Kiki Dee_Don't Go Breaking My Heart_vocals.mp3,Elton John and Kiki Dee,Don't Go Breaking My Heart,success,/home/data/kevinzhang/research/fractal_analysis/results/audio_melody_f0/cache/clean_contours/yue_1976_02.npz,37.01260770975057,0.6599350046425255,0.7697616060225847,,0.5485250542599845,0.08238172920065252,0.0065252854812398045
yue_2024_02,yue,2024,02,/home/data/kevinzhang/research/fractal_analysis/audio_data/YuE/vocals/2024_2_Shaboozey_A Bar Song (Tipsy)_vocals.mp3,2024_2_Shaboozey_A Bar Song (Tipsy)_vocals.mp3,Shaboozey,A Bar Song (Tipsy),skipped,/home/data/kevinzhang/research/fractal_analysis/results/audio_melody_f0/cache/clean_contours/yue_2024_02.npz,25.86702947845805,0.580473372781065,,too_short,,,
yue_1964_01,yue,1964,01,/home/data/kevinzhang/research/fractal_analysis/audio_data/YuE/vocals/1964_1_The Beatles_I Want to Hold Your Hand_vocals.mp3,1964_1_The Beatles_I Want to Hold Your Hand_vocals.mp3,The Beatles,I Want to Hold Your Hand,success,/home/data/kevinzhang/research/fractal_analysis/results/audio_melody_f0/cache/clean_contours/yue_1964_01.npz,73.49115646258504,0.5460750853242321,0.43380726698262245,,0.27960516533635893,0.053206997084548104,0.013119533527696793
yue_1976_03,yue,1976,03,/home/data/kevinzhang/research/fractal_analysis/audio_data/YuE/vocals/1976_3_Johnnie Taylor_Disco Lady_vocals.mp3,1976_3_Johnnie Taylor_Disco Lady_vocals.mp3,Johnnie Taylor,Disco Lady,skipped,/home/data/kevinzhang/research/fractal_analysis/results/audio_melody_f0/cache/clean_contours/yue_1976_03.npz,20.874739229024943,0.5838323353293413,,too_short,,,
yue_1976_01,yue,1976,01,/home/data/kevinzhang/research/fractal_analysis/audio_data/YuE/vocals/1976_1_Wings_Silly Love Songs_vocals.mp3,1976_1_Wings_Silly Love Songs_vocals.mp3,Wings,Silly Love Songs,skipped,/home/data/kevinzhang/research/fractal_analysis/results/audio_melody_f0/cache/clean_contours/yue_1976_01.npz,22.941315192743765,0.4450140989489874,,too_short,,,
yue_1984_02,yue,1984,02,/home/data/kevinzhang/research/fractal_analysis/audio_data/YuE/vocals/1984_2_Tina Turner_What's Love Got to Do with It_vocals.mp3,1984_2_Tina Turner_What's Love Got to Do with It_vocals.mp3,Tina Turner,What's Love Got to Do with It,skipped,/home/data/kevinzhang/research/fractal_analysis/results/audio_melody_f0/cache/clean_contours/yue_1984_02.npz,24.357732426303855,0.6724137931034483,,too_short,,,
yue_1978_01,yue,1978,01,/home/data/kevinzhang/research/fractal_analysis/audio_data/YuE/vocals/1978_1_Andy Gibb_Shadow Dancing_vocals.mp3,1978_1_Andy Gibb_Shadow Dancing_vocals.mp3,Andy Gibb,Shadow Dancing,skipped,/home/data/kevinzhang/research/fractal_analysis/results/audio_melody_f0/cache/clean_contours/yue_1978_01.npz,7.848344671201814,0.38475405614215813,,too_short,,,
yue_1975_03,yue,1975,03,/home/data/kevinzhang/research/fractal_analysis/audio_data/YuE/vocals/1975_3_Elton John_Philadelphia Freedom_vocals.mp3,1975_3_Elton John_Philadelphia Freedom_vocals.mp3,Elton John,Philadelphia Freedom,success,/home/data/kevinzhang/research/fractal_analysis/results/audio_melody_f0/cache/clean_contours/yue_1975_03.npz,30.348480725623585,0.5575757575757576,0.8607498087222647,,0.12793708630129036,0.06405693950177936,0.0017793594306049821
yue_1985_01,yue,1985,01,/home/data/kevinzhang/research/fractal_analysis/audio_data/YuE/vocals/1985_1_George Michael_Careless Whisper_vocals.mp3,1985_1_George Michael_Careless Whisper_vocals.mp3,George Michael,Careless Whisper,skipped,/home/data/kevinzhang/research/fractal_analysis/results/audio_melody_f0/cache/clean_contours/yue_1985_01.npz,28.398004535147393,0.7817896389324961,,too_short,,,
yue_1990_03,yue,1990,03,/home/data/kevinzhang/research/fractal_analysis/audio_data/YuE/vocals/1990_3_Sinead O'Connor_Nothing Compares 2 U_vocals.mp3,1990_3_Sinead O'Connor_Nothing Compares 2 U_vocals.mp3,Sinead O'Connor,Nothing Compares 2 U,skipped,/home/data/kevinzhang/research/fractal_analysis/results/audio_melody_f0/cache/clean_contours/yue_1990_03.npz,17.066666666666666,0.5875453783859257,,too_short,,,
yue_1981_04,yue,1981,04,/home/data/kevinzhang/research/fractal_analysis/audio_data/YuE/vocals/1981_4_John Lennon_(Just Like) Starting Over_vocals.mp3,1981_4_John Lennon_(Just Like) Starting Over_vocals.mp3,John Lennon,(Just Like) Starting Over,skipped,/home/data/kevinzhang/research/fractal_analysis/results/audio_melody_f0/cache/clean_contours/yue_1981_04.npz,23.1502947845805,0.6661494698732868,,too_short,,,
yue_1979_02,yue,1979,02,/home/data/kevinzhang/research/fractal_analysis/audio_data/YuE/vocals/1979_2_Donna Summer_Bad Girls_vocals.mp3,1979_2_Donna Summer_Bad Girls_vocals.mp3,Donna Summer,Bad Girls,skipped,/home/data/kevinzhang/research/fractal_analysis/results/audio_melody_f0/cache/clean_contours/yue_1979_02.npz,18.901043083900227,0.41504800178611295,,too_short,,,
yue_1999_02,yue,1999,02,/home/data/kevinzhang/research/fractal_analysis/audio_data/YuE/vocals/1999_2_TLC_No Scrubs_vocals.mp3,1999_2_TLC_No Scrubs_vocals.mp3,TLC,No Scrubs,success,/home/data/kevinzhang/research/fractal_analysis/results/audio_melody_f0/cache/clean_contours/yue_1999_02.npz,41.37795918367347,0.7806451612903226,0.8423120089786756,,0.20650679911775227,0.07666666666666666,0.004666666666666667
yue_1979_03,yue,1979,03,/home/data/kevinzhang/research/fractal_analysis/audio_data/YuE/vocals/1979_3_Chic_Le Freak_vocals.mp3,1979_3_Chic_Le Freak_vocals.mp3,Chic,Le Freak,skipped,/home/data/kevinzhang/research/fractal_analysis/results/audio_melody_f0/cache/clean_contours/yue_1979_03.npz,12.283356009070294,0.5195865070729053,,too_short,,,
yue_1973_03,yue,1973,03,/home/data/kevinzhang/research/fractal_analysis/audio_data/YuE/vocals/1973_3_Roberta Flack_Killing Me Softly with His Song_vocals.mp3,1973_3_Roberta Flack_Killing Me Softly with His Song_vocals.mp3,Roberta Flack,Killing Me Softly with His Song,skipped,/home/data/kevinzhang/research/fractal_analysis/results/audio_melody_f0/cache/clean_contours/yue_1973_03.npz,22.151836734693877,0.7303370786516854,,too_short,,,
yue_1977_03,yue,1977,03,/home/data/kevinzhang/research/fractal_analysis/audio_data/YuE/vocals/1977_3_The Emotions_Best of My Love_vocals.mp3,1977_3_The Emotions_Best of My Love_vocals.mp3,The Emotions,Best of My Love,success,/home/data/kevinzhang/research/fractal_analysis/results/audio_melody_f0/cache/clean_contours/yue_1977_03.npz,52.91827664399093,0.6674288617886179,0.7318999561211057,,0.48498680771591124,0.0623875224955009,0.0023995200959808036
yue_1984_05,yue,1984,05,/home/data/kevinzhang/research/fractal_analysis/audio_data/YuE/vocals/1984_5_Phil Collins_Against All Odds (Take a Look at Me Now)_vocals.mp3,1984_5_Phil Collins_Against All Odds (Take a Look at Me Now)_vocals.mp3,Phil Collins,Against All Odds (Take a Look at Me Now),skipped,/home/data/kevinzhang/research/fractal_analysis/results/audio_melody_f0/cache/clean_contours/yue_1984_05.npz,28.583764172335602,0.8026525198938992,,too_short,,,
yue_1996_01,yue,1996,01,/home/data/kevinzhang/research/fractal_analysis/audio_data/YuE/vocals/1996_1_Los del Rio_Macarena (Bayside Boys Remix)_vocals.mp3,1996_1_Los del Rio_Macarena (Bayside Boys Remix)_vocals.mp3,Los del Rio,Macarena (Bayside Boys Remix),skipped,/home/data/kevinzhang/research/fractal_analysis/results/audio_melody_f0/cache/clean_contours/yue_1996_01.npz,28.11936507936508,0.4908575843420036,,too_short,,,
yue_1977_01,yue,1977,01,/home/data/kevinzhang/research/fractal_analysis/audio_data/YuE/vocals/1977_1_Rod Stewart_Tonight's the Night (Gonna Be Alright)_vocals.mp3,1977_1_Rod Stewart_Tonight's the Night (Gonna Be Alright)_vocals.mp3,Rod Stewart,Tonight's the Night (Gonna Be Alright),skipped,/home/data/kevinzhang/research/fractal_analysis/results/audio_melody_f0/cache/clean_contours/yue_1977_01.npz,17.925804988662133,0.5020232675771371,,too_short,,,
yue_1990_01,yue,1990,01,/home/data/kevinzhang/research/fractal_analysis/audio_data/YuE/vocals/1990_1_Wilson Phillips_Hold On_vocals.mp3,1990_1_Wilson Phillips_Hold On_vocals.mp3,Wilson Phillips,Hold On,success,/home/data/kevinzhang/research/fractal_analysis/results/audio_melody_f0/cache/clean_contours/yue_1990_01.npz,42.63183673469388,0.7790931989924433,0.9444444444444444,,0.8266685594724996,0.038084246970571264,0.003462204270051933
yue_2001_03,yue,2001,03,/home/data/kevinzhang/research/fractal_analysis/audio_data/YuE/vocals/2001_3_Janet Jackson_All For You_vocals.mp3,2001_3_Janet Jackson_All For You_vocals.mp3,Janet Jackson,All For You,success,/home/data/kevinzhang/research/fractal_analysis/results/audio_melody_f0/cache/clean_contours/yue_2001_03.npz,49.01732426303855,0.6890737410071942,0.8408337280909521,,0.15046460134333883,0.11555806087936867,0.002254791431792559
yue_1978_03,yue,1978,03,/home/data/kevinzhang/research/fractal_analysis/audio_data/YuE/vocals/1978_3_Debby Boone_You Light Up My Life_vocals.mp3,1978_3_Debby Boone_You Light Up My Life_vocals.mp3,Debby Boone,You Light Up My Life,success,/home/data/kevinzhang/research/fractal_analysis/results/audio_melody_f0/cache/clean_contours/yue_1978_03.npz,76.20789115646258,0.7238754325259515,0.8348567946374162,,0.8266685594724996,0.03760496531580869,0.002555677254472435
yue_1992_04,yue,1992,04,/home/data/kevinzhang/research/fractal_analysis/audio_data/YuE/vocals/1992_4_Vanessa Williams_Save the Best for Last_vocals.mp3,1992_4_Vanessa Williams_Save the Best for Last_vocals.mp3,Vanessa Williams,Save the Best for Last,skipped,/home/data/kevinzhang/research/fractal_analysis/results/audio_melody_f0/cache/clean_contours/yue_1992_04.npz,28.096145124716553,0.6547373250745584,,too_short,,,
yue_1981_01,yue,1981,01,/home/data/kevinzhang/research/fractal_analysis/audio_data/YuE/vocals/1981_1_Kim Carnes_Bette Davis Eyes_vocals.mp3,1981_1_Kim Carnes_Bette Davis Eyes_vocals.mp3,Kim Carnes,Bette Davis Eyes,skipped,/home/data/kevinzhang/research/fractal_analysis/results/audio_melody_f0/cache/clean_contours/yue_1981_01.npz,24.102312925170068,0.6004962779156328,,too_short,,,
yue_1984_04,yue,1984,04,/home/data/kevinzhang/research/fractal_analysis/audio_data/YuE/vocals/1984_4_Kenny Loggins_Footloose_vocals.mp3,1984_4_Kenny Loggins_Footloose_vocals.mp3,Kenny Loggins,Footloose,skipped,/home/data/kevinzhang/research/fractal_analysis/results/audio_melody_f0/cache/clean_contours/yue_1984_04.npz,27.562086167800455,0.47818460863845647,,too_short,,,
yue_1995_03,yue,1995,03,/home/data/kevinzhang/research/fractal_analysis/audio_data/YuE/vocals/1995_3_TLC_Creep_vocals.mp3,1995_3_TLC_Creep_vocals.mp3,TLC,Creep,success,/home/data/kevinzhang/research/fractal_analysis/results/audio_melody_f0/cache/clean_contours/yue_1995_03.npz,32.833015873015874,0.5460444222610432,0.7920792079207921,,0.12793708630129036,0.07238605898123325,0.0008936550491510277
yue_1981_02,yue,1981,02,/home/data/kevinzhang/research/fractal_analysis/audio_data/YuE/vocals/1981_2_Diana Ross and Lionel Richie_Endless Love_vocals.mp3,1981_2_Diana Ross and Lionel Richie_Endless Love_vocals.mp3,Diana Ross and Lionel Richie,Endless Love,success,/home/data/kevinzhang/research/fractal_analysis/results/audio_melody_f0/cache/clean_contours/yue_1981_02.npz,78.34412698412699,0.9250283125707814,0.9368701837581506,,0.7571601330199093,0.035443037974683546,0.0009493670886075949
yue_1993_03,yue,1993,03,/home/data/kevinzhang/research/fractal_analysis/audio_data/YuE/vocals/1993_3_UB40_Can't Help Falling in Love_vocals.mp3,1993_3_UB40_Can't Help Falling in Love_vocals.mp3,UB40,Can't Help Falling in Love,skipped,/home/data/kevinzhang/research/fractal_analysis/results/audio_melody_f0/cache/clean_contours/yue_1993_03.npz,26.447528344671202,0.7337619153181113,,too_short,,,
yue_1977_02,yue,1977,02,/home/data/kevinzhang/research/fractal_analysis/audio_data/YuE/vocals/1977_2_Andy Gibb_I Just Want To Be Your Everything_vocals.mp3,1977_2_Andy Gibb_I Just Want To Be Your Everything_vocals.mp3,Andy Gibb,I Just Want To Be Your Everything,skipped,/home/data/kevinzhang/research/fractal_analysis/results/audio_melody_f0/cache/clean_contours/yue_1977_02.npz,19.4118820861678,0.6764705882352942,,too_short,,,
yue_1994_05,yue,1994,05,/home/data/kevinzhang/research/fractal_analysis/audio_data/YuE/vocals/1994_5_Mariah Carey_Hero_vocals.mp3,1994_5_Mariah Carey_Hero_vocals.mp3,Mariah Carey,Hero,success,/home/data/kevinzhang/research/fractal_analysis/results/audio_melody_f0/cache/clean_contours/yue_1994_05.npz,49.99256235827664,0.8574257425742574,0.9396191360891779,,0.48498680771591135,0.0410484668644906,0.0019782393669634025
yue_1977_04,yue,1977,04,/home/data/kevinzhang/research/fractal_analysis/audio_data/YuE/vocals/1977_4_Barbara Streisand_Evergreen (Love Theme from A Star Is Born)_vocals.mp3,1977_4_Barbara Streisand_Evergreen (Love Theme from A Star Is Born)_vocals.mp3,Barbara Streisand,Evergreen (Love Theme from A Star Is Born),success,/home/data/kevinzhang/research/fractal_analysis/results/audio_melody_f0/cache/clean_contours/yue_1977_04.npz,43.14267573696145,0.7460669177930424,0.9155005382131324,,0.8266685594724995,0.052941176470588235,0.0017647058823529412
yue_1981_03,yue,1981,03,/home/data/kevinzhang/research/fractal_analysis/audio_data/YuE/vocals/1981_3_Kenny Rogers_Lady_vocals.mp3,1981_3_Kenny Rogers_Lady_vocals.mp3,Kenny Rogers,Lady,skipped,/home/data/kevinzhang/research/fractal_analysis/results/audio_melody_f0/cache/clean_contours/yue_1981_03.npz,16.021768707482995,0.5243778567800914,,too_short,,,
yue_1990_02,yue,1990,02,/home/data/kevinzhang/research/fractal_analysis/audio_data/YuE/vocals/1990_2_Roxette_It Must Have Been Love_vocals.mp3,1990_2_Roxette_It Must Have Been Love_vocals.mp3,Roxette,It Must Have Been Love,success,/home/data/kevinzhang/research/fractal_analysis/results/audio_melody_f0/cache/clean_contours/yue_1990_02.npz,43.81605442176871,0.7761417519341153,0.8192898781134075,,0.3014706118634991,0.036245954692556634,0.0025889967637540453
yue_2003_01,yue,2003,01,/home/data/kevinzhang/research/fractal_analysis/audio_data/YuE/vocals/2003_1_50 Cent_In da Club_vocals.mp3,2003_1_50 Cent_In da Club_vocals.mp3,50 Cent,In da Club,skipped,/home/data/kevinzhang/research/fractal_analysis/results/audio_melody_f0/cache/clean_contours/yue_2003_01.npz,29.651882086167802,0.5750677506775068,,too_short,,,
yue_1978_05,yue,1978,05,/home/data/kevinzhang/research/fractal_analysis/audio_data/YuE/vocals/1978_5_Exile_Kiss You All Over_vocals.mp3,1978_5_Exile_Kiss You All Over_vocals.mp3,Exile,Kiss You All Over,skipped,/home/data/kevinzhang/research/fractal_analysis/results/audio_melody_f0/cache/clean_contours/yue_1978_05.npz,10.286439909297052,0.45861041045631734,,too_short,,,
yue_1990_05,yue,1990,05,/home/data/kevinzhang/research/fractal_analysis/audio_data/YuE/vocals/1990_5_Madonna_Vogue_vocals.mp3,1990_5_Madonna_Vogue_vocals.mp3,Madonna,Vogue,skipped,/home/data/kevinzhang/research/fractal_analysis/results/audio_melody_f0/cache/clean_contours/yue_1990_05.npz,12.72453514739229,0.43405443126308446,,too_short,,,
yue_1989_03,yue,1989,03,/home/data/kevinzhang/research/fractal_analysis/audio_data/YuE/vocals/1989_3_Poison_Every Rose Has Its Thorn_vocals.mp3,1989_3_Poison_Every Rose Has Its Thorn_vocals.mp3,Poison,Every Rose Has Its Thorn,success,/home/data/kevinzhang/research/fractal_analysis/results/audio_melody_f0/cache/clean_contours/yue_1989_03.npz,41.145759637188206,0.8053488372093023,0.835214446952596,,0.1765306086328976,0.08857336037863421,0.008113590263691683
yue_1978_02,yue,1978,02,/home/data/kevinzhang/research/fractal_analysis/audio_data/YuE/vocals/1978_2_Bee Gees_Night Fever_vocals.mp3,1978_2_Bee Gees_Night Fever_vocals.mp3,Bee Gees,Night Fever,skipped,/home/data/kevinzhang/research/fractal_analysis/results/audio_melody_f0/cache/clean_contours/yue_1978_02.npz,25.007891156462584,0.4341389070324407,,too_short,,,
yue_1992_01,yue,1992,01,/home/data/kevinzhang/research/fractal_analysis/audio_data/YuE/vocals/1992_1_Boyz II Men_End of the Road_vocals.mp3,1992_1_Boyz II Men_End of the Road_vocals.mp3,Boyz II Men,End of the Road,skipped,/home/data/kevinzhang/research/fractal_analysis/results/audio_melody_f0/cache/clean_contours/yue_1992_01.npz,23.986213151927437,0.7549371633752244,,too_short,,,
yue_1982_03,yue,1982,03,/home/data/kevinzhang/research/fractal_analysis/audio_data/YuE/vocals/1982_3_Joan Jett & The Blackhearts_I Love Rock 'N Roll_vocals.mp3,1982_3_Joan Jett & The Blackhearts_I Love Rock 'N Roll_vocals.mp3,Joan Jett & The Blackhearts,I Love Rock 'N Roll,skipped,/home/data/kevinzhang/research/fractal_analysis/results/audio_melody_f0/cache/clean_contours/yue_1982_03.npz,14.837551020408164,0.5190520446096655,,too_short,,,
yue_1999_01,yue,1999,01,/home/data/kevinzhang/research/fractal_analysis/audio_data/YuE/vocals/1999_1_Cher_Believe_vocals.mp3,1999_1_Cher_Believe_vocals.mp3,Cher,Believe,success,/home/data/kevinzhang/research/fractal_analysis/results/audio_melody_f0/cache/clean_contours/yue_1999_01.npz,32.15963718820862,0.7194119112883129,0.9335740072202167,,0.6860828108884953,0.04411764705882353,0.0023219814241486067
yue_2002_01,yue,2002,01,/home/data/kevinzhang/research/fractal_analysis/audio_data/YuE/vocals/2002_1_Nickelback_How You Remind Me_vocals.mp3,2002_1_Nickelback_How You Remind Me_vocals.mp3,Nickelback,How You Remind Me,skipped,/home/data/kevinzhang/research/fractal_analysis/results/audio_melody_f0/cache/clean_contours/yue_2002_01.npz,28.606984126984127,0.7233621755253399,,too_short,,,
yue_1980_01,yue,1980,01,/home/data/kevinzhang/research/fractal_analysis/audio_data/YuE/vocals/1980_1_Blondie_Call Me_vocals.mp3,1980_1_Blondie_Call Me_vocals.mp3,Blondie,Call Me,skipped,/home/data/kevinzhang/research/fractal_analysis/results/audio_melody_f0/cache/clean_contours/yue_1980_01.npz,9.822040816326531,0.5128842676311031,,too_short,,,
yue_1980_02,yue,1980,02,"/home/data/kevinzhang/research/fractal_analysis/audio_data/YuE/vocals/1980_2_Pink Floyd_Another Brick in the Wall, Part II_vocals.mp3","1980_2_Pink Floyd_Another Brick in the Wall, Part II_vocals.mp3",Pink Floyd,"Another Brick in the Wall, Part II",skipped,/home/data/kevinzhang/research/fractal_analysis/results/audio_melody_f0/cache/clean_contours/yue_1980_02.npz,19.574421768707484,0.43931512787169485,,too_short,,,
yue_1993_01,yue,1993,01,/home/data/kevinzhang/research/fractal_analysis/audio_data/YuE/vocals/1993_1_Whitney Houston_I Will Always Love You_vocals.mp3,1993_1_Whitney Houston_I Will Always Love You_vocals.mp3,Whitney Houston,I Will Always Love You,success,/home/data/kevinzhang/research/fractal_analysis/results/audio_melody_f0/cache/clean_contours/yue_1993_01.npz,34.50485260770975,0.709242916860195,0.6816958277254375,,0.615949885458068,0.03359683794466403,0.001976284584980237
yue_1994_01,yue,1994,01,/home/data/kevinzhang/research/fractal_analysis/audio_data/YuE/vocals/1994_1_Ace of Base_The Sign_vocals.mp3,1994_1_Ace of Base_The Sign_vocals.mp3,Ace of Base,The Sign,skipped,/home/data/kevinzhang/research/fractal_analysis/results/audio_melody_f0/cache/clean_contours/yue_1994_01.npz,18.94748299319728,0.7571686902609145,,too_short,,,
yue_1983_05,yue,1983,05,/home/data/kevinzhang/research/fractal_analysis/audio_data/YuE/vocals/1983_5_Michael Jackson_Beat It_vocals.mp3,1983_5_Michael Jackson_Beat It_vocals.mp3,Michael Jackson,Beat It,skipped,/home/data/kevinzhang/research/fractal_analysis/results/audio_melody_f0/cache/clean_contours/yue_1983_05.npz,18.48308390022676,0.5635806522214927,,too_short,,,
yue_2001_04,yue,2001,04,/home/data/kevinzhang/research/fractal_analysis/audio_data/YuE/vocals/2001_4_Train_Drops of Jupiter (Tell Me)_vocals.mp3,2001_4_Train_Drops of Jupiter (Tell Me)_vocals.mp3,Train,Drops of Jupiter (Tell Me),skipped,/home/data/kevinzhang/research/fractal_analysis/results/audio_melody_f0/cache/clean_contours/yue_2001_04.npz,28.421224489795918,0.5992952428895042,,too_short,,,
yue_2002_03,yue,2002,03,/home/data/kevinzhang/research/fractal_analysis/audio_data/YuE/vocals/2002_3_Nelly_Hot in Herre_vocals.mp3,2002_3_Nelly_Hot in Herre_vocals.mp3,Nelly,Hot in Herre,success,/home/data/kevinzhang/research/fractal_analysis/results/audio_melody_f0/cache/clean_contours/yue_2002_03.npz,51.57151927437642,0.5889633831872099,0.8167492120666366,,0.1504646013433388,0.10976282404853833,0.0005515719801434088
yue_2002_02,yue,2002,02,/home/data/kevinzhang/research/fractal_analysis/audio_data/YuE/vocals/2002_2_Ashanti_Foolish_vocals.mp3,2002_2_Ashanti_Foolish_vocals.mp3,Ashanti,Foolish,success,/home/data/kevinzhang/research/fractal_analysis/results/audio_melody_f0/cache/clean_contours/yue_2002_02.npz,44.51265306122449,0.7894978216005504,0.7882107459572248,,0.2065067991177523,0.0781456953642384,0.005298013245033113
yue_2004_03,yue,2004,03,/home/data/kevinzhang/research/fractal_analysis/audio_data/YuE/vocals/2004_3_Alicia Keys_If I Ain't Got You_vocals.mp3,2004_3_Alicia Keys_If I Ain't Got You_vocals.mp3,Alicia Keys,If I Ain't Got You,success,/home/data/kevinzhang/research/fractal_analysis/results/audio_melody_f0/cache/clean_contours/yue_2004_03.npz,36.52498866213152,0.7756482525366404,0.82453909726637,,0.7571601330199091,0.05941358024691358,0.0023148148148148147
yue_1999_05,yue,1999,05,/home/data/kevinzhang/research/fractal_analysis/audio_data/YuE/vocals/1999_5_Britney Spears_...Baby One More Time_vocals.mp3,1999_5_Britney Spears_...Baby One More Time_vocals.mp3,Britney Spears,...Baby One More Time,success,/home/data/kevinzhang/research/fractal_analysis/results/audio_melody_f0/cache/clean_contours/yue_1999_05.npz,36.36244897959184,0.7875703767864877,0.8901660280970626,,0.32333605839064083,0.04450825556353195,0.0014357501794687725
yue_1991_02,yue,1991,02,/home/data/kevinzhang/research/fractal_analysis/audio_data/YuE/vocals/1991_2_Color Me Badd_I Wanna Sex You Up_vocals.mp3,1991_2_Color Me Badd_I Wanna Sex You Up_vocals.mp3,Color Me Badd,I Wanna Sex You Up,success,/home/data/kevinzhang/research/fractal_analysis/results/audio_melody_f0/cache/clean_contours/yue_1991_02.npz,41.37795918367347,0.7593452775934528,0.888327721661055,,0.3233360583906409,0.06637168141592921,0.005689001264222503
yue_2010_04,yue,2010,04,/home/data/kevinzhang/research/fractal_analysis/audio_data/YuE/vocals/2010_4_Katy Perry feat. Snoop Dogg_California Gurls_vocals.mp3,2010_4_Katy Perry feat. Snoop Dogg_California Gurls_vocals.mp3,Katy Perry feat. Snoop Dogg,California Gurls,success,/home/data/kevinzhang/research/fractal_analysis/results/audio_melody_f0/cache/clean_contours/yue_2010_04.npz,42.0281179138322,0.662784090909091,0.8453038674033149,,0.2796051653363589,0.07848266841072596,0.003924133420536298
yue_1991_04,yue,1991,04,/home/data/kevinzhang/research/fractal_analysis/audio_data/YuE/vocals/1991_4_Paula Abdul_Rush Rush_vocals.mp3,1991_4_Paula Abdul_Rush Rush_vocals.mp3,Paula Abdul,Rush Rush,skipped,/home/data/kevinzhang/research/fractal_analysis/results/audio_melody_f0/cache/clean_contours/yue_1991_04.npz,29.23392290249433,0.7932373771989948,,too_short,,,
yue_2005_05,yue,2005,05,"/home/data/kevinzhang/research/fractal_analysis/audio_data/YuE/vocals/2005_5_Ciara feat. Missy Elliot_1, 2 Step_vocals.mp3","2005_5_Ciara feat. Missy Elliot_1, 2 Step_vocals.mp3",Ciara feat. Missy Elliot,"1, 2 Step",skipped,/home/data/kevinzhang/research/fractal_analysis/results/audio_melody_f0/cache/clean_contours/yue_2005_05.npz,16.62548752834467,0.3785415699024617,,too_short,,,
yue_1997_01a,yue,1997,01a,/home/data/kevinzhang/research/fractal_analysis/audio_data/YuE/vocals/1997_1a_Elton John_Something About The Way You Look Tonight_vocals.mp3,1997_1a_Elton John_Something About The Way You Look Tonight_vocals.mp3,Elton John,Something About The Way You Look Tonight,skipped,/home/data/kevinzhang/research/fractal_analysis/results/audio_melody_f0/cache/clean_contours/yue_1997_01a.npz,27.562086167800455,0.7946974847042828,,too_short,,,
yue_1996_03,yue,1996,03,/home/data/kevinzhang/research/fractal_analysis/audio_data/YuE/vocals/1996_3_Celine Dion_Because You Loved Me_vocals.mp3,1996_3_Celine Dion_Because You Loved Me_vocals.mp3,Celine Dion,Because You Loved Me,success,/home/data/kevinzhang/research/fractal_analysis/results/audio_melody_f0/cache/clean_contours/yue_1996_03.npz,38.800544217687076,0.8149942329873126,0.8605625374027528,,0.3233360583906408,0.07306889352818371,0.0048712595685455815
yue_2000_04,yue,2000,04,/home/data/kevinzhang/research/fractal_analysis/audio_data/YuE/vocals/2000_4_Joe_I Wanna Know_vocals.mp3,2000_4_Joe_I Wanna Know_vocals.mp3,Joe,I Wanna Know,skipped,/home/data/kevinzhang/research/fractal_analysis/results/audio_melody_f0/cache/clean_contours/yue_2000_04.npz,9.380861678004536,0.4519362186788155,,too_short,,,
yue_2016_05,yue,2016,05,/home/data/kevinzhang/research/fractal_analysis/audio_data/YuE/vocals/2016_5_Twenty One Pilots_Stressed Out_vocals.mp3,2016_5_Twenty One Pilots_Stressed Out_vocals.mp3,Twenty One Pilots,Stressed Out,success,/home/data/kevinzhang/research/fractal_analysis/results/audio_melody_f0/cache/clean_contours/yue_2016_05.npz,73.1892970521542,0.7679153094462541,0.8699238578680203,,0.6860828109301792,0.057278365560014595,0.002553812477198103
yue_2014_04,yue,2014,04,/home/data/kevinzhang/research/fractal_analysis/audio_data/YuE/vocals/2014_4_Iggy Azalea feat. Charli XCX_Fancy_vocals.mp3,2014_4_Iggy Azalea feat. Charli XCX_Fancy_vocals.mp3,Iggy Azalea feat. Charli XCX,Fancy,skipped,/home/data/kevinzhang/research/fractal_analysis/results/audio_melody_f0/cache/clean_contours/yue_2014_04.npz,19.945941043083902,0.4016544117647059,,too_short,,,
yue_2013_04,yue,2013,04,/home/data/kevinzhang/research/fractal_analysis/audio_data/YuE/vocals/2013_4_Baauer_Harlem Shake_vocals.mp3,2013_4_Baauer_Harlem Shake_vocals.mp3,Baauer,Harlem Shake,success,/home/data/kevinzhang/research/fractal_analysis/results/audio_melody_f0/cache/clean_contours/yue_2013_04.npz,59.86104308390023,0.6431888544891641,0.7230411171450737,,0.01010197459374499,0.16854535695115405,0.0005367686527106817
yue_2016_02,yue,2016,02,/home/data/kevinzhang/research/fractal_analysis/audio_data/YuE/vocals/2016_2_Justin Bieber_Sorry_vocals.mp3,2016_2_Justin Bieber_Sorry_vocals.mp3,Justin Bieber,Sorry,success,/home/data/kevinzhang/research/fractal_analysis/results/audio_melody_f0/cache/clean_contours/yue_2016_02.npz,65.89823129251701,0.7986977753662506,0.9150810429880197,,0.6159498854580682,0.05546995377503852,0.0061633281972265025
yue_2006_02,yue,2006,02,/home/data/kevinzhang/research/fractal_analysis/audio_data/YuE/vocals/2006_2_Sean Paul_Temperature_vocals.mp3,2006_2_Sean Paul_Temperature_vocals.mp3,Sean Paul,Temperature,success,/home/data/kevinzhang/research/fractal_analysis/results/audio_melody_f0/cache/clean_contours/yue_2006_02.npz,76.62585034013605,0.7298590130916415,0.8484848484848485,,0.6860828109301793,0.0735977134690961,0.012147195426938193
yue_2008_01,yue,2008,01,/home/data/kevinzhang/research/fractal_analysis/audio_data/YuE/vocals/2008_1_Flo Rida feat. T-Pain_Low_vocals.mp3,2008_1_Flo Rida feat. T-Pain_Low_vocals.mp3,Flo Rida feat. T-Pain,Low,success,/home/data/kevinzhang/research/fractal_analysis/results/audio_melody_f0/cache/clean_contours/yue_2008_01.npz,46.11482993197279,0.6276427061310782,0.6822759315206445,,0.17653060863289757,0.09896602658788774,0.0022156573116691287
yue_2023_05,yue,2023,05,"/home/data/kevinzhang/research/fractal_analysis/audio_data/YuE/vocals/2023_5_Metro Boomin, The Weeknd and 21 Savage_Creepin'_vocals.mp3","2023_5_Metro Boomin, The Weeknd and 21 Savage_Creepin'_vocals.mp3","Metro Boomin, The Weeknd and 21 Savage",Creepin',success,/home/data/kevinzhang/research/fractal_analysis/results/audio_melody_f0/cache/clean_contours/yue_2023_05.npz,53.96317460317461,0.7129120879120879,0.9849397590361446,,0.7571601330199093,0.031031468531468532,0.0
yue_2014_01,yue,2014,01,/home/data/kevinzhang/research/fractal_analysis/audio_data/YuE/vocals/2014_1_Pharrell Williams_Happy_vocals.mp3,2014_1_Pharrell Williams_Happy_vocals.mp3,Pharrell Williams,Happy,success,/home/data/kevinzhang/research/fractal_analysis/results/audio_melody_f0/cache/clean_contours/yue_2014_01.npz,30.139501133786847,0.47214076246334313,0.7203389830508474,,0.8266685594724996,0.013918629550321198,0.0010706638115631692
yue_2007_05,yue,2007,05,/home/data/kevinzhang/research/fractal_analysis/audio_data/YuE/vocals/2007_5_T-Pain feat. Yung Joc_Buy U a Drank (Shawty Snappin')_vocals.mp3,2007_5_T-Pain feat. Yung Joc_Buy U a Drank (Shawty Snappin')_vocals.mp3,T-Pain feat. Yung Joc,Buy U a Drank (Shawty Snappin'),success,/home/data/kevinzhang/research/fractal_analysis/results/audio_melody_f0/cache/clean_contours/yue_2007_05.npz,70.37968253968253,0.7598814229249012,0.8891454965357968,,0.4849868077159113,0.06941351150705272,0.004454342984409799
yue_2004_05,yue,2004,05,/home/data/kevinzhang/research/fractal_analysis/audio_data/YuE/vocals/2004_5_OutKast feat. Sleepy Brown_The Way You Move_vocals.mp3,2004_5_OutKast feat. Sleepy Brown_The Way You Move_vocals.mp3,OutKast feat. Sleepy Brown,The Way You Move,skipped,/home/data/kevinzhang/research/fractal_analysis/results/audio_melody_f0/cache/clean_contours/yue_2004_05.npz,21.640997732426303,0.08446195518345236,,too_short,,,
yue_2006_05,yue,2006,05,/home/data/kevinzhang/research/fractal_analysis/audio_data/YuE/vocals/2006_5_Shakira feat. Wyclef Jean_Hips Don't Lie_vocals.mp3,2006_5_Shakira feat. Wyclef Jean_Hips Don't Lie_vocals.mp3,Shakira feat. Wyclef Jean,Hips Don't Lie,skipped,/home/data/kevinzhang/research/fractal_analysis/results/audio_melody_f0/cache/clean_contours/yue_2006_05.npz,8.010884353741497,0.5344387755102041,,too_short,,,
yue_2010_01,yue,2010,01,/home/data/kevinzhang/research/fractal_analysis/audio_data/YuE/vocals/2010_1_Kesha_Tik Tok_vocals.mp3,2010_1_Kesha_Tik Tok_vocals.mp3,Kesha,Tik Tok,skipped,/home/data/kevinzhang/research/fractal_analysis/results/audio_melody_f0/cache/clean_contours/yue_2010_01.npz,17.322086167800453,0.6190112130479103,,too_short,,,
yue_2010_05,yue,2010,05,/home/data/kevinzhang/research/fractal_analysis/audio_data/YuE/vocals/2010_5_Usher feat. will.i.am_OMG_vocals.mp3,2010_5_Usher feat. will.i.am_OMG_vocals.mp3,Usher feat. will.i.am,OMG,skipped,/home/data/kevinzhang/research/fractal_analysis/results/audio_melody_f0/cache/clean_contours/yue_2010_05.npz,16.973786848072564,0.6087628865979381,,too_short,,,
yue_2012_02,yue,2012,02,/home/data/kevinzhang/research/fractal_analysis/audio_data/YuE/vocals/2012_2_Carly Rae Jepsen_Call Me Maybe_vocals.mp3,2012_2_Carly Rae Jepsen_Call Me Maybe_vocals.mp3,Carly Rae Jepsen,Call Me Maybe,skipped,/home/data/kevinzhang/research/fractal_analysis/results/audio_melody_f0/cache/clean_contours/yue_2012_02.npz,26.795827664399095,0.2741786210087922,,too_short,,,
yue_2013_03,yue,2013,03,/home/data/kevinzhang/research/fractal_analysis/audio_data/YuE/vocals/2013_3_Imagine Dragons_Radioactive_vocals.mp3,2013_3_Imagine Dragons_Radioactive_vocals.mp3,Imagine Dragons,Radioactive,success,/home/data/kevinzhang/research/fractal_analysis/results/audio_melody_f0/cache/clean_contours/yue_2013_03.npz,34.66739229024943,0.7396704689480355,0.8914936369725385,,0.42606232904328145,0.03684210526315789,0.0015037593984962407
yue_2015_01,yue,2015,01,/home/data/kevinzhang/research/fractal_analysis/audio_data/YuE/vocals/2015_1_Mark Ronson feat. Bruno Mars_Uptown Funk_vocals.mp3,2015_1_Mark Ronson feat. Bruno Mars_Uptown Funk_vocals.mp3,Mark Ronson feat. Bruno Mars,Uptown Funk,skipped,/home/data/kevinzhang/research/fractal_analysis/results/audio_melody_f0/cache/clean_contours/yue_2015_01.npz,25.40263038548753,0.2744186046511628,,too_short,,,
yue_2012_03,yue,2012,03,/home/data/kevinzhang/research/fractal_analysis/audio_data/YuE/vocals/2012_3_Fun feat. Janelle Monae_We Are Young_vocals.mp3,2012_3_Fun feat. Janelle Monae_We Are Young_vocals.mp3,Fun feat. Janelle Monae,We Are Young,success,/home/data/kevinzhang/research/fractal_analysis/results/audio_melody_f0/cache/clean_contours/yue_2012_03.npz,36.31600907029478,0.7393162393162394,0.9226342710997443,,0.6159498854580682,0.036061026352288486,0.004160887656033287
yue_2004_04,yue,2004,04,/home/data/kevinzhang/research/fractal_analysis/audio_data/YuE/vocals/2004_4_Maroon 5_This Love_vocals.mp3,2004_4_Maroon 5_This Love_vocals.mp3,Maroon 5,This Love,skipped,/home/data/kevinzhang/research/fractal_analysis/results/audio_melody_f0/cache/clean_contours/yue_2004_04.npz,13.514013605442177,0.44886724539487616,,too_short,,,
yue_2019_01,yue,2019,01,/home/data/kevinzhang/research/fractal_analysis/audio_data/YuE/vocals/2019_1_Lil Nas X feat. Billy Ray Cyrus_Old Town Road - Remix_vocals.mp3,2019_1_Lil Nas X feat. Billy Ray Cyrus_Old Town Road - Remix_vocals.mp3,Lil Nas X feat. Billy Ray Cyrus,Old Town Road - Remix,success,/home/data/kevinzhang/research/fractal_analysis/results/audio_melody_f0/cache/clean_contours/yue_2019_01.npz,51.45541950113379,0.6009104704097117,0.9043321299638989,,0.2796051653363588,0.05491762356465302,0.000998502246630055
yue_2023_01,yue,2023,01,/home/data/kevinzhang/research/fractal_analysis/audio_data/YuE/vocals/2023_1_Morgan Wallen_Last Night_vocals.mp3,2023_1_Morgan Wallen_Last Night_vocals.mp3,Morgan Wallen,Last Night,skipped,/home/data/kevinzhang/research/fractal_analysis/results/audio_melody_f0/cache/clean_contours/yue_2023_01.npz,28.11936507936508,0.7438220757825371,,too_short,,,
yue_2013_05,yue,2013,05,/home/data/kevinzhang/research/fractal_analysis/audio_data/YuE/vocals/2013_5_Macklemore and Ryan Lewis feat. Ray Dalton_Can't Hold Us_vocals.mp3,2013_5_Macklemore and Ryan Lewis feat. Ray Dalton_Can't Hold Us_vocals.mp3,Macklemore and Ryan Lewis feat. Ray Dalton,Can't Hold Us,success,/home/data/kevinzhang/research/fractal_analysis/results/audio_melody_f0/cache/clean_contours/yue_2013_05.npz,30.998639455782314,0.31959033613445376,0.8359550561797753,,0.20650679911775227,0.08520179372197309,0.0008968609865470852
yue_2007_03,yue,2007,03,/home/data/kevinzhang/research/fractal_analysis/audio_data/YuE/vocals/2007_3_Gwen Stefani feat. Akon_The Sweet Escape_vocals.mp3,2007_3_Gwen Stefani feat. Akon_The Sweet Escape_vocals.mp3,Gwen Stefani feat. Akon,The Sweet Escape,skipped,/home/data/kevinzhang/research/fractal_analysis/results/audio_melody_f0/cache/clean_contours/yue_2007_03.npz,26.23854875283447,0.6231408573928259,,too_short,,,
yue_2017_01,yue,2017,01,/home/data/kevinzhang/research/fractal_analysis/audio_data/YuE/vocals/2017_1_Ed Sheeran_Shape of You_vocals.mp3,2017_1_Ed Sheeran_Shape of You_vocals.mp3,Ed Sheeran,Shape of You,skipped,/home/data/kevinzhang/research/fractal_analysis/results/audio_melody_f0/cache/clean_contours/yue_2017_01.npz,29.23392290249433,0.6915964101169432,,too_short,,,
yue_2021_04,yue,2021,04,/home/data/kevinzhang/research/fractal_analysis/audio_data/YuE/vocals/2021_4_24kGoldn feat. Iann Dior_Mood_vocals.mp3,2021_4_24kGoldn feat. Iann Dior_Mood_vocals.mp3,24kGoldn feat. Iann Dior,Mood,success,/home/data/kevinzhang/research/fractal_analysis/results/audio_melody_f0/cache/clean_contours/yue_2021_04.npz,55.51891156462585,0.7971096627939926,0.87745713090757,,0.7571601330199093,0.044349070100143065,0.0009537434430138292
yue_2009_05,yue,2009,05,/home/data/kevinzhang/research/fractal_analysis/audio_data/YuE/vocals/2009_5_Taylor Swift_Love Story_vocals.mp3,2009_5_Taylor Swift_Love Story_vocals.mp3,Taylor Swift,Love Story,skipped,/home/data/kevinzhang/research/fractal_analysis/results/audio_melody_f0/cache/clean_contours/yue_2009_05.npz,21.199818594104308,0.5376226826608506,,too_short,,,
yue_2020_03,yue,2020,03,/home/data/kevinzhang/research/fractal_analysis/audio_data/YuE/vocals/2020_3_Roddy Ricch_The Box_vocals.mp3,2020_3_Roddy Ricch_The Box_vocals.mp3,Roddy Ricch,The Box,success,/home/data/kevinzhang/research/fractal_analysis/results/audio_melody_f0/cache/clean_contours/yue_2020_03.npz,74.16453514739229,0.8829516539440203,0.9204758922980588,,0.32333605839064083,0.0826811840762164,0.0003402517863218782
yue_2021_03,yue,2021,03,/home/data/kevinzhang/research/fractal_analysis/audio_data/YuE/vocals/2021_3_The Weeknd_Blinding Lights_vocals.mp3,2021_3_The Weeknd_Blinding Lights_vocals.mp3,The Weeknd,Blinding Lights,success,/home/data/kevinzhang/research/fractal_analysis/results/audio_melody_f0/cache/clean_contours/yue_2021_03.npz,79.18004535147392,0.8925946862634256,0.9260997067448681,,0.6860828109301794,0.04687994931897371,0.005701615457713019
yue_2015_03,yue,2015,03,/home/data/kevinzhang/research/fractal_analysis/audio_data/YuE/vocals/2015_3_Wiz Khalifa feat. Charlie Puth_See You Again_vocals.mp3,2015_3_Wiz Khalifa feat. Charlie Puth_See You Again_vocals.mp3,Wiz Khalifa feat. Charlie Puth,See You Again,skipped,/home/data/kevinzhang/research/fractal_analysis/results/audio_melody_f0/cache/clean_contours/yue_2015_03.npz,22.244716553287983,0.6587419514611194,,too_short,,,
yue_2022_03,yue,2022,03,/home/data/kevinzhang/research/fractal_analysis/audio_data/YuE/vocals/2022_3_Kid Laroi and Justin Bieber_Stay_vocals.mp3,2022_3_Kid Laroi and Justin Bieber_Stay_vocals.mp3,Kid Laroi and Justin Bieber,Stay,skipped,/home/data/kevinzhang/research/fractal_analysis/results/audio_melody_f0/cache/clean_contours/yue_2022_03.npz,28.81596371882086,0.8317808219178082,,too_short,,,
yue_2013_01,yue,2013,01,/home/data/kevinzhang/research/fractal_analysis/audio_data/YuE/vocals/2013_1_Macklemore and Ryan Lewis feat. Wanz_Thrift Shop_vocals.mp3,2013_1_Macklemore and Ryan Lewis feat. Wanz_Thrift Shop_vocals.mp3,Macklemore and Ryan Lewis feat. Wanz,Thrift Shop,skipped,/home/data/kevinzhang/research/fractal_analysis/results/audio_melody_f0/cache/clean_contours/yue_2013_01.npz,34.0172335600907,0.31786703601108035,,low_region_voiced_coverage,,,
yue_2023_02,yue,2023,02,/home/data/kevinzhang/research/fractal_analysis/audio_data/YuE/vocals/2023_2_Miley Cyrus_Flowers_vocals.mp3,2023_2_Miley Cyrus_Flowers_vocals.mp3,Miley Cyrus,Flowers,skipped,/home/data/kevinzhang/research/fractal_analysis/results/audio_melody_f0/cache/clean_contours/yue_2023_02.npz,26.16888888888889,0.7404289980993755,,too_short,,,
yue_2018_05,yue,2018,05,/home/data/kevinzhang/research/fractal_analysis/audio_data/YuE/vocals/2018_5_Post Malone feat. 21 Savage_rockstar_vocals.mp3,2018_5_Post Malone feat. 21 Savage_rockstar_vocals.mp3,Post Malone feat. 21 Savage,rockstar,skipped,/home/data/kevinzhang/research/fractal_analysis/results/audio_melody_f0/cache/clean_contours/yue_2018_05.npz,27.46920634920635,0.5154798761609907,,too_short,,,
yue_2017_05,yue,2017,05,/home/data/kevinzhang/research/fractal_analysis/audio_data/YuE/vocals/2017_5_The Chainsmokers and Coldplay_Something Just Like This_vocals.mp3,2017_5_The Chainsmokers and Coldplay_Something Just Like This_vocals.mp3,The Chainsmokers and Coldplay,Something Just Like This,skipped,/home/data/kevinzhang/research/fractal_analysis/results/audio_melody_f0/cache/clean_contours/yue_2017_05.npz,23.91655328798186,0.5604275741710296,,too_short,,,
yue_2022_05,yue,2022,05,/home/data/kevinzhang/research/fractal_analysis/audio_data/YuE/vocals/2022_5_Ed Sheeran_Shivers_vocals.mp3,2022_5_Ed Sheeran_Shivers_vocals.mp3,Ed Sheeran,Shivers,skipped,/home/data/kevinzhang/research/fractal_analysis/results/audio_melody_f0/cache/clean_contours/yue_2022_05.npz,41.02965986394558,0.009247027741083224,,low_region_voiced_coverage,,,
yue_2022_02,yue,2022,02,/home/data/kevinzhang/research/fractal_analysis/audio_data/YuE/vocals/2022_2_Harry Styles_As It Was_vocals.mp3,2022_2_Harry Styles_As It Was_vocals.mp3,Harry Styles,As It Was,success,/home/data/kevinzhang/research/fractal_analysis/results/audio_melody_f0/cache/clean_contours/yue_2022_02.npz,50.01578231292517,0.8669963560645497,0.8802228412256268,,0.32333605839064083,0.04063324538258575,0.00474934036939314
yue_2024_03,yue,2024,03,/home/data/kevinzhang/research/fractal_analysis/audio_data/YuE/vocals/2024_3_Benson Boone_Beautiful Things_vocals.mp3,2024_3_Benson Boone_Beautiful Things_vocals.mp3,Benson Boone,Beautiful Things,skipped,/home/data/kevinzhang/research/fractal_analysis/results/audio_melody_f0/cache/clean_contours/yue_2024_03.npz,24.891791383219957,0.786271870794078,,too_short,,,
yue_2023_03,yue,2023,03,/home/data/kevinzhang/research/fractal_analysis/audio_data/YuE/vocals/2023_3_SZA_Kill Bill_vocals.mp3,2023_3_SZA_Kill Bill_vocals.mp3,SZA,Kill Bill,success,/home/data/kevinzhang/research/fractal_analysis/results/audio_melody_f0/cache/clean_contours/yue_2023_03.npz,42.353197278911566,0.7962962962962963,0.9106359649122807,,0.7571601330199093,0.04036144578313253,0.00963855421686747
yue_2024_01,yue,2024,01,/home/data/kevinzhang/research/fractal_analysis/audio_data/YuE/vocals/2024_1_Teddy Swims_Lose Control_vocals.mp3,2024_1_Teddy Swims_Lose Control_vocals.mp3,Teddy Swims,Lose Control,success,/home/data/kevinzhang/research/fractal_analysis/results/audio_melody_f0/cache/clean_contours/yue_2024_01.npz,37.47700680272109,0.7484954864593781,0.8469640644361834,,0.1279370863012904,0.05417276720351391,0.004392386530014641
yue_2017_02,yue,2017,02,/home/data/kevinzhang/research/fractal_analysis/audio_data/YuE/vocals/2017_2_Luis Fonsi and Daddy Yankee feat. Justin Bieber_Despacito (Remix)_vocals.mp3,2017_2_Luis Fonsi and Daddy Yankee feat. Justin Bieber_Despacito (Remix)_vocals.mp3,Luis Fonsi and Daddy Yankee feat. Justin Bieber,Despacito (Remix),success,/home/data/kevinzhang/research/fractal_analysis/results/audio_melody_f0/cache/clean_contours/yue_2017_02.npz,43.25877551020408,0.8646034816247582,0.8964036500268384,,0.6159498854580681,0.05991611743559017,0.002396644697423607
yue_2018_04,yue,2018,04,/home/data/kevinzhang/research/fractal_analysis/audio_data/YuE/vocals/2018_4_Camila Cabello feat. Young Thug_Havana_vocals.mp3,2018_4_Camila Cabello feat. Young Thug_Havana_vocals.mp3,Camila Cabello feat. Young Thug,Havana,success,/home/data/kevinzhang/research/fractal_analysis/results/audio_melody_f0/cache/clean_contours/yue_2018_04.npz,102.14458049886622,0.9063620071684588,0.9197544896567401,,0.8266685594724995,0.04449938195302843,0.002472187886279357
yue_2022_04,yue,2022,04,/home/data/kevinzhang/research/fractal_analysis/audio_data/YuE/vocals/2022_4_Adele_Easy On Me_vocals.mp3,2022_4_Adele_Easy On Me_vocals.mp3,Adele,Easy On Me,success,/home/data/kevinzhang/research/fractal_analysis/results/audio_melody_f0/cache/clean_contours/yue_2022_04.npz,33.715374149659866,0.558041958041958,0.5750688705234159,,0.5485250542599844,0.04196642685851319,0.001199040767386091
yue_2023_04,yue,2023,04,/home/data/kevinzhang/research/fractal_analysis/audio_data/YuE/vocals/2023_4_Taylor Swift_Anti-Hero_vocals.mp3,2023_4_Taylor Swift_Anti-Hero_vocals.mp3,Taylor Swift,Anti-Hero,success,/home/data/kevinzhang/research/fractal_analysis/results/audio_melody_f0/cache/clean_contours/yue_2023_04.npz,48.55292517006803,0.7701499531396439,0.8861788617886179,,0.4260623290432815,0.0550755939524838,0.007019438444924406
suno_v4_5_2022_04,suno_v4_5,2022,04,/home/data/kevinzhang/research/fractal_analysis/audio_data/suno_v4_5/vocals/batch_1/2022_4_6440ea25-5a5a-4a4e-a7d3-b6784aff36aa_vocals.mp3,2022_4_6440ea25-5a5a-4a4e-a7d3-b6784aff36aa_vocals.mp3,Adele,Easy On Me,success,/home/data/kevinzhang/research/fractal_analysis/results/audio_melody_f0/cache/clean_contours/suno_v4_5_2022_04.npz,34.481632653061226,0.7973235065942591,0.8909090909090909,,0.8911444948731201,0.028744326777609682,0.0030257186081694403
