track_id,source,year,position,audio_path,filename,artist,title,status,cache_path,selected_duration_sec,raw_voiced_coverage,selected_voiced_coverage,skip_reason
billboard_1950_01,billboard,1950,01,/home/data/kevinzhang/research/fractal_analysis/audio_data/billboard/vocals/full_duration/1950_1_Gordon Jenkins & The Weavers_Goodnight Irene_vocals.mp3,1950_1_Gordon Jenkins & The Weavers_Goodnight Irene_vocals.mp3,Gordon Jenkins & The Weavers,Goodnight Irene,pending,,,,,
billboard_1950_02,billboard,1950,02,/home/data/kevinzhang/research/fractal_analysis/audio_data/billboard/vocals/full_duration/1950_2_Nat King Cole_Mona Lisa_vocals.mp3,1950_2_Nat King Cole_Mona Lisa_vocals.mp3,Nat King Cole,Mona Lisa,pending,,,,,
billboard_1950_03,billboard,1950,03,/home/data/kevinzhang/research/fractal_analysis/audio_data/billboard/vocals/full_duration/1950_3_Anton Karas_Third Man Theme_vocals.mp3,1950_3_Anton Karas_Third Man Theme_vocals.mp3,Anton Karas,Third Man Theme,pending,,,,,
billboard_1950_04,billboard,1950,04,/home/data/kevinzhang/research/fractal_analysis/audio_data/billboard/vocals/full_duration/1950_4_Gary & Bing Crosby_Sam's Song_vocals.mp3,1950_4_Gary & Bing Crosby_Sam's Song_vocals.mp3,Gary & Bing Crosby,Sam's Song,pending,,,,,
billboard_1950_05,billboard,1950,05,/home/data/kevinzhang/research/fractal_analysis/audio_data/billboard/vocals/full_duration/1950_5_Gary & Bing Crosby_Simple Melody_vocals.mp3,1950_5_Gary & Bing Crosby_Simple Melody_vocals.mp3,Gary & Bing Crosby,Simple Melody,pending,,,,,
billboard_1951_01,billboard,1951,01,/home/data/kevinzhang/research/fractal_analysis/audio_data/billboard/vocals/full_duration/1951_1_Nat King Cole_Too Young_vocals.mp3,1951_1_Nat King Cole_Too Young_vocals.mp3,Nat King Cole,Too Young,pending,,,,,
billboard_1951_02,billboard,1951,02,/home/data/kevinzhang/research/fractal_analysis/audio_data/billboard/vocals/full_duration/1951_2_Tony Bennett_Because of You_vocals.mp3,1951_2_Tony Bennett_Because of You_vocals.mp3,Tony Bennett,Because of You,pending,,,,,
billboard_1951_03,billboard,1951,03,/home/data/kevinzhang/research/fractal_analysis/audio_data/billboard/vocals/full_duration/1951_3_Les Paul & Mary Ford_How High the Moon_vocals.mp3,1951_3_Les Paul & Mary Ford_How High the Moon_vocals.mp3,Les Paul & Mary Ford,How High the Moon,pending,,,,,
billboard_1951_04,billboard,1951,04,/home/data/kevinzhang/research/fractal_analysis/audio_data/billboard/vocals/full_duration/1951_4_Rosemary Clooney_Come on-a My House_vocals.mp3,1951_4_Rosemary Clooney_Come on-a My House_vocals.mp3,Rosemary Clooney,Come on-a My House,pending,,,,,
billboard_1951_05,billboard,1951,05,/home/data/kevinzhang/research/fractal_analysis/audio_data/billboard/vocals/full_duration/1951_5_Mario Lanza_Be My Love_vocals.mp3,1951_5_Mario Lanza_Be My Love_vocals.mp3,Mario Lanza,Be My Love,pending,,,,,
billboard_1952_01,billboard,1952,01,/home/data/kevinzhang/research/fractal_analysis/audio_data/billboard/vocals/full_duration/1952_1_Leroy Anderson_Blue Tango_vocals.mp3,1952_1_Leroy Anderson_Blue Tango_vocals.mp3,Leroy Anderson,Blue Tango,pending,,,,,
billboard_1952_02,billboard,1952,02,/home/data/kevinzhang/research/fractal_analysis/audio_data/billboard/vocals/full_duration/1952_2_Kay Starr_Wheel of Fortune_vocals.mp3,1952_2_Kay Starr_Wheel of Fortune_vocals.mp3,Kay Starr,Wheel of Fortune,pending,,,,,
billboard_1952_03,billboard,1952,03,/home/data/kevinzhang/research/fractal_analysis/audio_data/billboard/vocals/full_duration/1952_3_Johnnie Ray & The Four Lads_Cry_vocals.mp3,1952_3_Johnnie Ray & The Four Lads_Cry_vocals.mp3,Johnnie Ray & The Four Lads,Cry,pending,,,,,
billboard_1952_04,billboard,1952,04,/home/data/kevinzhang/research/fractal_analysis/audio_data/billboard/vocals/full_duration/1952_4_Jo Stafford_You Belong to Me_vocals.mp3,1952_4_Jo Stafford_You Belong to Me_vocals.mp3,Jo Stafford,You Belong to Me,pending,,,,,
billboard_1952_05,billboard,1952,05,/home/data/kevinzhang/research/fractal_analysis/audio_data/billboard/vocals/full_duration/1952_5_Vera Lynn_Auf Wiederseh’n Sweetheart_vocals.mp3,1952_5_Vera Lynn_Auf Wiederseh’n Sweetheart_vocals.mp3,Vera Lynn,Auf Wiederseh’n Sweetheart,pending,,,,,
billboard_1953_01,billboard,1953,01,/home/data/kevinzhang/research/fractal_analysis/audio_data/billboard/vocals/full_duration/1953_1_Percy Faith_The Song from Moulin Rouge_vocals.mp3,1953_1_Percy Faith_The Song from Moulin Rouge_vocals.mp3,Percy Faith,The Song from Moulin Rouge,pending,,,,,
billboard_1953_02,billboard,1953,02,/home/data/kevinzhang/research/fractal_analysis/audio_data/billboard/vocals/full_duration/1953_2_Les Paul & Mary Ford_Vaya con Dios_vocals.mp3,1953_2_Les Paul & Mary Ford_Vaya con Dios_vocals.mp3,Les Paul & Mary Ford,Vaya con Dios,pending,,,,,
billboard_1953_03,billboard,1953,03,/home/data/kevinzhang/research/fractal_analysis/audio_data/billboard/vocals/full_duration/1953_3_Patti Page_(How Much Is) That Doggie in the Window_vocals.mp3,1953_3_Patti Page_(How Much Is) That Doggie in the Window_vocals.mp3,Patti Page,(How Much Is) That Doggie in the Window,pending,,,,,
billboard_1953_04,billboard,1953,04,/home/data/kevinzhang/research/fractal_analysis/audio_data/billboard/vocals/full_duration/1953_4_Eddie Fisher_I'm Walking Behind You_vocals.mp3,1953_4_Eddie Fisher_I'm Walking Behind You_vocals.mp3,Eddie Fisher,I'm Walking Behind You,pending,,,,,
billboard_1953_05,billboard,1953,05,"/home/data/kevinzhang/research/fractal_analysis/audio_data/billboard/vocals/full_duration/1953_5_Ames Brothers_You, You, You_vocals.mp3","1953_5_Ames Brothers_You, You, You_vocals.mp3",Ames Brothers,"You, You, You",pending,,,,,
billboard_1954_01,billboard,1954,01,/home/data/kevinzhang/research/fractal_analysis/audio_data/billboard/vocals/full_duration/1954_1_Kitty Kallen_Little Things Mean a Lot_vocals.mp3,1954_1_Kitty Kallen_Little Things Mean a Lot_vocals.mp3,Kitty Kallen,Little Things Mean a Lot,pending,,,,,
billboard_1954_02,billboard,1954,02,/home/data/kevinzhang/research/fractal_analysis/audio_data/billboard/vocals/full_duration/1954_2_Perry Como_Wanted_vocals.mp3,1954_2_Perry Como_Wanted_vocals.mp3,Perry Como,Wanted,pending,,,,,
billboard_1954_03,billboard,1954,03,/home/data/kevinzhang/research/fractal_analysis/audio_data/billboard/vocals/full_duration/1954_3_Rosemary Clooney_Hey There_vocals.mp3,1954_3_Rosemary Clooney_Hey There_vocals.mp3,Rosemary Clooney,Hey There,pending,,,,,
billboard_1954_04,billboard,1954,04,/home/data/kevinzhang/research/fractal_analysis/audio_data/billboard/vocals/full_duration/1954_4_The Crew-Cuts_Sh-Boom_vocals.mp3,1954_4_The Crew-Cuts_Sh-Boom_vocals.mp3,The Crew-Cuts,Sh-Boom,pending,,,,,
billboard_1954_05,billboard,1954,05,/home/data/kevinzhang/research/fractal_analysis/audio_data/billboard/vocals/full_duration/1954_5_Jo Stafford_Make Love to Me_vocals.mp3,1954_5_Jo Stafford_Make Love to Me_vocals.mp3,Jo Stafford,Make Love to Me,pending,,,,,
billboard_1955_01,billboard,1955,01,/home/data/kevinzhang/research/fractal_analysis/audio_data/billboard/vocals/full_duration/1955_1_Perez Prado_Cherry Pink and Apple Blossom White_vocals.mp3,1955_1_Perez Prado_Cherry Pink and Apple Blossom White_vocals.mp3,Perez Prado,Cherry Pink and Apple Blossom White,pending,,,,,
billboard_1955_02,billboard,1955,02,/home/data/kevinzhang/research/fractal_analysis/audio_data/billboard/vocals/full_duration/1955_2_Bill Haley & His Comets_Rock Around the Clock_vocals.mp3,1955_2_Bill Haley & His Comets_Rock Around the Clock_vocals.mp3,Bill Haley & His Comets,Rock Around the Clock,pending,,,,,
billboard_1955_03,billboard,1955,03,/home/data/kevinzhang/research/fractal_analysis/audio_data/billboard/vocals/full_duration/1955_3_Mitch Miller_The Yellow Rose of Texas_vocals.mp3,1955_3_Mitch Miller_The Yellow Rose of Texas_vocals.mp3,Mitch Miller,The Yellow Rose of Texas,pending,,,,,
billboard_1955_04,billboard,1955,04,/home/data/kevinzhang/research/fractal_analysis/audio_data/billboard/vocals/full_duration/1955_4_Roger Williams_Autumn Leaves_vocals.mp3,1955_4_Roger Williams_Autumn Leaves_vocals.mp3,Roger Williams,Autumn Leaves,pending,,,,,
billboard_1955_05,billboard,1955,05,/home/data/kevinzhang/research/fractal_analysis/audio_data/billboard/vocals/full_duration/1955_5_Les Baxter_Unchained Melody_vocals.mp3,1955_5_Les Baxter_Unchained Melody_vocals.mp3,Les Baxter,Unchained Melody,pending,,,,,
billboard_1956_01,billboard,1956,01,/home/data/kevinzhang/research/fractal_analysis/audio_data/billboard/vocals/full_duration/1956_1_Elvis Presley_Heartbreak Hotel_vocals.mp3,1956_1_Elvis Presley_Heartbreak Hotel_vocals.mp3,Elvis Presley,Heartbreak Hotel,pending,,,,,
billboard_1956_02,billboard,1956,02,/home/data/kevinzhang/research/fractal_analysis/audio_data/billboard/vocals/full_duration/1956_2_Elvis Presley_Don't Be Cruel_vocals.mp3,1956_2_Elvis Presley_Don't Be Cruel_vocals.mp3,Elvis Presley,Don't Be Cruel,pending,,,,,
billboard_1956_03,billboard,1956,03,/home/data/kevinzhang/research/fractal_analysis/audio_data/billboard/vocals/full_duration/1956_3_Nelson Riddle_Lisbon Antigua_vocals.mp3,1956_3_Nelson Riddle_Lisbon Antigua_vocals.mp3,Nelson Riddle,Lisbon Antigua,pending,,,,,
billboard_1956_04,billboard,1956,04,/home/data/kevinzhang/research/fractal_analysis/audio_data/billboard/vocals/full_duration/1956_4_The Platters_My Prayer_vocals.mp3,1956_4_The Platters_My Prayer_vocals.mp3,The Platters,My Prayer,pending,,,,,
billboard_1956_05,billboard,1956,05,/home/data/kevinzhang/research/fractal_analysis/audio_data/billboard/vocals/full_duration/1956_5_Gogi Grant_The Wayward Wind_vocals.mp3,1956_5_Gogi Grant_The Wayward Wind_vocals.mp3,Gogi Grant,The Wayward Wind,pending,,,,,
billboard_1957_01,billboard,1957,01,/home/data/kevinzhang/research/fractal_analysis/audio_data/billboard/vocals/full_duration/1957_1_Elvis Presley_All Shook Up_vocals.mp3,1957_1_Elvis Presley_All Shook Up_vocals.mp3,Elvis Presley,All Shook Up,pending,,,,,
billboard_1957_02,billboard,1957,02,/home/data/kevinzhang/research/fractal_analysis/audio_data/billboard/vocals/full_duration/1957_2_Pat Boone_Love Letters in the Sand_vocals.mp3,1957_2_Pat Boone_Love Letters in the Sand_vocals.mp3,Pat Boone,Love Letters in the Sand,pending,,,,,
billboard_1957_03,billboard,1957,03,/home/data/kevinzhang/research/fractal_analysis/audio_data/billboard/vocals/full_duration/1957_3_The Diamonds_Little Darlin_vocals.mp3,1957_3_The Diamonds_Little Darlin_vocals.mp3,The Diamonds,Little Darlin,pending,,,,,
billboard_1957_04,billboard,1957,04,/home/data/kevinzhang/research/fractal_analysis/audio_data/billboard/vocals/full_duration/1957_4_Tab Hunter_Young Love_vocals.mp3,1957_4_Tab Hunter_Young Love_vocals.mp3,Tab Hunter,Young Love,pending,,,,,
billboard_1957_05,billboard,1957,05,/home/data/kevinzhang/research/fractal_analysis/audio_data/billboard/vocals/full_duration/1957_5_Jimmy Dorsey_So Rare_vocals.mp3,1957_5_Jimmy Dorsey_So Rare_vocals.mp3,Jimmy Dorsey,So Rare,pending,,,,,
billboard_1958_01,billboard,1958,01,/home/data/kevinzhang/research/fractal_analysis/audio_data/billboard/vocals/full_duration/1958_1_Domenico Modugno_Volare (Nel blu dipinto di blu)_vocals.mp3,1958_1_Domenico Modugno_Volare (Nel blu dipinto di blu)_vocals.mp3,Domenico Modugno,Volare (Nel blu dipinto di blu),pending,,,,,
billboard_1958_02a,billboard,1958,02a,/home/data/kevinzhang/research/fractal_analysis/audio_data/billboard/vocals/full_duration/1958_2a_The Everly Brothers_All I Have to Do Is Dream_vocals.mp3,1958_2a_The Everly Brothers_All I Have to Do Is Dream_vocals.mp3,The Everly Brothers,All I Have to Do Is Dream,pending,,,,,
billboard_1958_02b,billboard,1958,02b,/home/data/kevinzhang/research/fractal_analysis/audio_data/billboard/vocals/full_duration/1958_2b_The Everly Brothers_Claudette_vocals.mp3,1958_2b_The Everly Brothers_Claudette_vocals.mp3,The Everly Brothers,Claudette,pending,,,,,
billboard_1958_03a,billboard,1958,03a,/home/data/kevinzhang/research/fractal_analysis/audio_data/billboard/vocals/full_duration/1958_3a_Elvis Presley_Don't_vocals.mp3,1958_3a_Elvis Presley_Don't_vocals.mp3,Elvis Presley,Don't,pending,,,,,
billboard_1958_03b,billboard,1958,03b,/home/data/kevinzhang/research/fractal_analysis/audio_data/billboard/vocals/full_duration/1958_3b_Elvis Presley_I Beg of You_vocals.mp3,1958_3b_Elvis Presley_I Beg of You_vocals.mp3,Elvis Presley,I Beg of You,pending,,,,,
billboard_1958_04,billboard,1958,04,/home/data/kevinzhang/research/fractal_analysis/audio_data/billboard/vocals/full_duration/1958_4_David Seville_Witch Doctor_vocals.mp3,1958_4_David Seville_Witch Doctor_vocals.mp3,David Seville,Witch Doctor,pending,,,,,
billboard_1958_05,billboard,1958,05,/home/data/kevinzhang/research/fractal_analysis/audio_data/billboard/vocals/full_duration/1958_5_Perez Prado_Patricia_vocals.mp3,1958_5_Perez Prado_Patricia_vocals.mp3,Perez Prado,Patricia,pending,,,,,
billboard_1959_01,billboard,1959,01,/home/data/kevinzhang/research/fractal_analysis/audio_data/billboard/vocals/full_duration/1959_1_Johnny Horton_The Battle of New Orleans_vocals.mp3,1959_1_Johnny Horton_The Battle of New Orleans_vocals.mp3,Johnny Horton,The Battle of New Orleans,pending,,,,,
billboard_1959_02,billboard,1959,02,/home/data/kevinzhang/research/fractal_analysis/audio_data/billboard/vocals/full_duration/1959_2_Bobby Darin_Mack the Knife_vocals.mp3,1959_2_Bobby Darin_Mack the Knife_vocals.mp3,Bobby Darin,Mack the Knife,pending,,,,,
billboard_1959_03,billboard,1959,03,/home/data/kevinzhang/research/fractal_analysis/audio_data/billboard/vocals/full_duration/1959_3_Lloyd Price_Personality_vocals.mp3,1959_3_Lloyd Price_Personality_vocals.mp3,Lloyd Price,Personality,pending,,,,,
billboard_1959_04,billboard,1959,04,/home/data/kevinzhang/research/fractal_analysis/audio_data/billboard/vocals/full_duration/1959_4_Frankie Avalon_Venus_vocals.mp3,1959_4_Frankie Avalon_Venus_vocals.mp3,Frankie Avalon,Venus,pending,,,,,
billboard_1959_05,billboard,1959,05,/home/data/kevinzhang/research/fractal_analysis/audio_data/billboard/vocals/full_duration/1959_5_Paul Anka_Lonely Boy_vocals.mp3,1959_5_Paul Anka_Lonely Boy_vocals.mp3,Paul Anka,Lonely Boy,pending,,,,,
billboard_1960_01,billboard,1960,01,"/home/data/kevinzhang/research/fractal_analysis/audio_data/billboard/vocals/full_duration/1960_1_Percy Faith_The Theme from ""A Summer Place""_vocals.mp3","1960_1_Percy Faith_The Theme from ""A Summer Place""_vocals.mp3",Percy Faith,The Theme from 'A Summer Place',pending,,,,,
billboard_1960_02,billboard,1960,02,/home/data/kevinzhang/research/fractal_analysis/audio_data/billboard/vocals/full_duration/1960_2_Jim Reeves_He'll Have to Go_vocals.mp3,1960_2_Jim Reeves_He'll Have to Go_vocals.mp3,Jim Reeves,He'll Have to Go,pending,,,,,
billboard_1960_03,billboard,1960,03,/home/data/kevinzhang/research/fractal_analysis/audio_data/billboard/vocals/full_duration/1960_3_The Everly Brothers_Cathy's Clown_vocals.mp3,1960_3_The Everly Brothers_Cathy's Clown_vocals.mp3,The Everly Brothers,Cathy's Clown,pending,,,,,
billboard_1960_04,billboard,1960,04,/home/data/kevinzhang/research/fractal_analysis/audio_data/billboard/vocals/full_duration/1960_4_Johnny Preston_Running Bear_vocals.mp3,1960_4_Johnny Preston_Running Bear_vocals.mp3,Johnny Preston,Running Bear,pending,,,,,
billboard_1960_05,billboard,1960,05,/home/data/kevinzhang/research/fractal_analysis/audio_data/billboard/vocals/full_duration/1960_5_Mark Dinning_Teen Angel_vocals.mp3,1960_5_Mark Dinning_Teen Angel_vocals.mp3,Mark Dinning,Teen Angel,pending,,,,,
billboard_1961_01,billboard,1961,01,/home/data/kevinzhang/research/fractal_analysis/audio_data/billboard/vocals/full_duration/1961_1_Bobby Lewis_Tossin' and Turnin'_vocals.mp3,1961_1_Bobby Lewis_Tossin' and Turnin'_vocals.mp3,Bobby Lewis,Tossin' and Turnin',pending,,,,,
billboard_1961_02,billboard,1961,02,/home/data/kevinzhang/research/fractal_analysis/audio_data/billboard/vocals/full_duration/1961_2_Patsy Cline and The Jordanaires_I Fall to Pieces_vocals.mp3,1961_2_Patsy Cline and The Jordanaires_I Fall to Pieces_vocals.mp3,Patsy Cline and The Jordanaires,I Fall to Pieces,pending,,,,,
billboard_1961_03,billboard,1961,03,/home/data/kevinzhang/research/fractal_analysis/audio_data/billboard/vocals/full_duration/1961_3_The Highwaymen_Michael (Row the Boat Ashore)_vocals.mp3,1961_3_The Highwaymen_Michael (Row the Boat Ashore)_vocals.mp3,The Highwaymen,Michael (Row the Boat Ashore),pending,,,,,
billboard_1961_04,billboard,1961,04,/home/data/kevinzhang/research/fractal_analysis/audio_data/billboard/vocals/full_duration/1961_4_Roy Orbison_Crying_vocals.mp3,1961_4_Roy Orbison_Crying_vocals.mp3,Roy Orbison,Crying,pending,,,,,
billboard_1961_05,billboard,1961,05,/home/data/kevinzhang/research/fractal_analysis/audio_data/billboard/vocals/full_duration/1961_5_Del Shannon_Runaway_vocals.mp3,1961_5_Del Shannon_Runaway_vocals.mp3,Del Shannon,Runaway,pending,,,,,
billboard_1962_01,billboard,1962,01,/home/data/kevinzhang/research/fractal_analysis/audio_data/billboard/vocals/full_duration/1962_1_Acker Bilk_Stranger on the Shore_vocals.mp3,1962_1_Acker Bilk_Stranger on the Shore_vocals.mp3,Acker Bilk,Stranger on the Shore,pending,,,,,
billboard_1962_02,billboard,1962,02,/home/data/kevinzhang/research/fractal_analysis/audio_data/billboard/vocals/full_duration/1962_2_Ray Charles_I Can't Stop Loving You_vocals.mp3,1962_2_Ray Charles_I Can't Stop Loving You_vocals.mp3,Ray Charles,I Can't Stop Loving You,pending,,,,,
billboard_1962_03,billboard,1962,03,/home/data/kevinzhang/research/fractal_analysis/audio_data/billboard/vocals/full_duration/1962_3_Dee Dee Sharp_Mashed Potato Time_vocals.mp3,1962_3_Dee Dee Sharp_Mashed Potato Time_vocals.mp3,Dee Dee Sharp,Mashed Potato Time,pending,,,,,
billboard_1962_04,billboard,1962,04,/home/data/kevinzhang/research/fractal_analysis/audio_data/billboard/vocals/full_duration/1962_4_Bobby Vinton_Roses Are Red (My Love)_vocals.mp3,1962_4_Bobby Vinton_Roses Are Red (My Love)_vocals.mp3,Bobby Vinton,Roses Are Red (My Love),pending,,,,,
billboard_1962_05,billboard,1962,05,/home/data/kevinzhang/research/fractal_analysis/audio_data/billboard/vocals/full_duration/1962_5_David Rose_The Stripper_vocals.mp3,1962_5_David Rose_The Stripper_vocals.mp3,David Rose,The Stripper,pending,,,,,
billboard_1963_01,billboard,1963,01,/home/data/kevinzhang/research/fractal_analysis/audio_data/billboard/vocals/full_duration/1963_1_The Beach Boys_Surfin' USA_vocals.mp3,1963_1_The Beach Boys_Surfin' USA_vocals.mp3,The Beach Boys,Surfin' USA,pending,,,,,
billboard_1963_02,billboard,1963,02,/home/data/kevinzhang/research/fractal_analysis/audio_data/billboard/vocals/full_duration/1963_2_Skeeter Davis_The End of the World_vocals.mp3,1963_2_Skeeter Davis_The End of the World_vocals.mp3,Skeeter Davis,The End of the World,pending,,,,,
billboard_1963_03,billboard,1963,03,/home/data/kevinzhang/research/fractal_analysis/audio_data/billboard/vocals/full_duration/1963_3_The Cascades_Rhythm of the Rain_vocals.mp3,1963_3_The Cascades_Rhythm of the Rain_vocals.mp3,The Cascades,Rhythm of the Rain,pending,,,,,
billboard_1963_04,billboard,1963,04,/home/data/kevinzhang/research/fractal_analysis/audio_data/billboard/vocals/full_duration/1963_4_The Chiffons_He's So Fine_vocals.mp3,1963_4_The Chiffons_He's So Fine_vocals.mp3,The Chiffons,He's So Fine,pending,,,,,
billboard_1963_05,billboard,1963,05,/home/data/kevinzhang/research/fractal_analysis/audio_data/billboard/vocals/full_duration/1963_5_Bobby Vinton_Blue Velvet_vocals.mp3,1963_5_Bobby Vinton_Blue Velvet_vocals.mp3,Bobby Vinton,Blue Velvet,pending,,,,,
billboard_1964_01,billboard,1964,01,/home/data/kevinzhang/research/fractal_analysis/audio_data/billboard/vocals/full_duration/1964_1_The Beatles_I Want to Hold Your Hand_vocals.mp3,1964_1_The Beatles_I Want to Hold Your Hand_vocals.mp3,The Beatles,I Want to Hold Your Hand,pending,,,,,
billboard_1964_02,billboard,1964,02,/home/data/kevinzhang/research/fractal_analysis/audio_data/billboard/vocals/full_duration/1964_2_The Beatles_She Loves You_vocals.mp3,1964_2_The Beatles_She Loves You_vocals.mp3,The Beatles,She Loves You,pending,,,,,
billboard_1964_03,billboard,1964,03,"/home/data/kevinzhang/research/fractal_analysis/audio_data/billboard/vocals/full_duration/1964_3_Louis Armstrong_Hello, Dolly!_vocals.mp3","1964_3_Louis Armstrong_Hello, Dolly!_vocals.mp3",Louis Armstrong,"Hello, Dolly!",pending,,,,,
billboard_1964_04,billboard,1964,04,"/home/data/kevinzhang/research/fractal_analysis/audio_data/billboard/vocals/full_duration/1964_4_Roy Orbison_Oh, Pretty Woman_vocals.mp3","1964_4_Roy Orbison_Oh, Pretty Woman_vocals.mp3",Roy Orbison,"Oh, Pretty Woman",pending,,,,,
billboard_1964_05,billboard,1964,05,/home/data/kevinzhang/research/fractal_analysis/audio_data/billboard/vocals/full_duration/1964_5_The Beach Boys_I Get Around_vocals.mp3,1964_5_The Beach Boys_I Get Around_vocals.mp3,The Beach Boys,I Get Around,pending,,,,,
billboard_1965_01,billboard,1965,01,/home/data/kevinzhang/research/fractal_analysis/audio_data/billboard/vocals/full_duration/1965_1_Sam the Sham and the Pharaohs_Wooly Bully_vocals.mp3,1965_1_Sam the Sham and the Pharaohs_Wooly Bully_vocals.mp3,Sam the Sham and the Pharaohs,Wooly Bully,pending,,,,,
billboard_1965_02,billboard,1965,02,/home/data/kevinzhang/research/fractal_analysis/audio_data/billboard/vocals/full_duration/1965_2_Four Tops_I Can't Help Myself (Sugar Pie Honey Bunch)_vocals.mp3,1965_2_Four Tops_I Can't Help Myself (Sugar Pie Honey Bunch)_vocals.mp3,Four Tops,I Can't Help Myself (Sugar Pie Honey Bunch),pending,,,,,
billboard_1965_03,billboard,1965,03,/home/data/kevinzhang/research/fractal_analysis/audio_data/billboard/vocals/full_duration/1965_3_The Rolling Stones_(I Can't Get No) Satisfaction_vocals.mp3,1965_3_The Rolling Stones_(I Can't Get No) Satisfaction_vocals.mp3,The Rolling Stones,(I Can't Get No) Satisfaction,pending,,,,,
billboard_1965_04,billboard,1965,04,/home/data/kevinzhang/research/fractal_analysis/audio_data/billboard/vocals/full_duration/1965_4_We Five_You Were On My Mind_vocals.mp3,1965_4_We Five_You Were On My Mind_vocals.mp3,We Five,You Were On My Mind,pending,,,,,
billboard_1965_05,billboard,1965,05,/home/data/kevinzhang/research/fractal_analysis/audio_data/billboard/vocals/full_duration/1965_5_The Righteous Brothers_You've Lost That Lovin' Feelin'_vocals.mp3,1965_5_The Righteous Brothers_You've Lost That Lovin' Feelin'_vocals.mp3,The Righteous Brothers,You've Lost That Lovin' Feelin',pending,,,,,
billboard_1966_01,billboard,1966,01,/home/data/kevinzhang/research/fractal_analysis/audio_data/billboard/vocals/full_duration/1966_1_The Mamas & The Papas_California Dreamin'_vocals.mp3,1966_1_The Mamas & The Papas_California Dreamin'_vocals.mp3,The Mamas & The Papas,California Dreamin',pending,,,,,
billboard_1966_02,billboard,1966,02,/home/data/kevinzhang/research/fractal_analysis/audio_data/billboard/vocals/full_duration/1966_2_? and the Mysterians_96 Tears_vocals.mp3,1966_2_? and the Mysterians_96 Tears_vocals.mp3,? and the Mysterians,96 Tears,pending,,,,,
billboard_1966_03,billboard,1966,03,/home/data/kevinzhang/research/fractal_analysis/audio_data/billboard/vocals/full_duration/1966_3_Jimmy Ruffin_What Becomes Of The Brokenhearted_vocals.mp3,1966_3_Jimmy Ruffin_What Becomes Of The Brokenhearted_vocals.mp3,Jimmy Ruffin,What Becomes Of The Brokenhearted,pending,,,,,
billboard_1966_04,billboard,1966,04,/home/data/kevinzhang/research/fractal_analysis/audio_data/billboard/vocals/full_duration/1966_4_The Monkees_Last Train to Clarksville_vocals.mp3,1966_4_The Monkees_Last Train to Clarksville_vocals.mp3,The Monkees,Last Train to Clarksville,pending,,,,,
billboard_1966_05,billboard,1966,05,/home/data/kevinzhang/research/fractal_analysis/audio_data/billboard/vocals/full_duration/1966_5_Four Tops_Reach Out I'll Be There_vocals.mp3,1966_5_Four Tops_Reach Out I'll Be There_vocals.mp3,Four Tops,Reach Out I'll Be There,pending,,,,,
billboard_1967_01,billboard,1967,01,/home/data/kevinzhang/research/fractal_analysis/audio_data/billboard/vocals/full_duration/1967_1_Lulu_To Sir With Love_vocals.mp3,1967_1_Lulu_To Sir With Love_vocals.mp3,Lulu,To Sir With Love,pending,,,,,
billboard_1967_02,billboard,1967,02,/home/data/kevinzhang/research/fractal_analysis/audio_data/billboard/vocals/full_duration/1967_2_The Box Tops_The Letter_vocals.mp3,1967_2_The Box Tops_The Letter_vocals.mp3,The Box Tops,The Letter,pending,,,,,
billboard_1967_03,billboard,1967,03,/home/data/kevinzhang/research/fractal_analysis/audio_data/billboard/vocals/full_duration/1967_3_Bobbie Gentry_Ode to Billie Joe_vocals.mp3,1967_3_Bobbie Gentry_Ode to Billie Joe_vocals.mp3,Bobbie Gentry,Ode to Billie Joe,pending,,,,,
billboard_1967_04,billboard,1967,04,/home/data/kevinzhang/research/fractal_analysis/audio_data/billboard/vocals/full_duration/1967_4_The Association_Windy_vocals.mp3,1967_4_The Association_Windy_vocals.mp3,The Association,Windy,pending,,,,,
billboard_1967_05,billboard,1967,05,/home/data/kevinzhang/research/fractal_analysis/audio_data/billboard/vocals/full_duration/1967_5_The Monkees_I'm a Believer_vocals.mp3,1967_5_The Monkees_I'm a Believer_vocals.mp3,The Monkees,I'm a Believer,pending,,,,,
billboard_1968_01,billboard,1968,01,/home/data/kevinzhang/research/fractal_analysis/audio_data/billboard/vocals/full_duration/1968_1_The Beatles_Hey Jude_vocals.mp3,1968_1_The Beatles_Hey Jude_vocals.mp3,The Beatles,Hey Jude,pending,,,,,
billboard_1968_02,billboard,1968,02,/home/data/kevinzhang/research/fractal_analysis/audio_data/billboard/vocals/full_duration/1968_2_Paul Mauriat_Love is Blue_vocals.mp3,1968_2_Paul Mauriat_Love is Blue_vocals.mp3,Paul Mauriat,Love is Blue,pending,,,,,
billboard_1968_03,billboard,1968,03,/home/data/kevinzhang/research/fractal_analysis/audio_data/billboard/vocals/full_duration/1968_3_Bobby Goldsboro_Honey_vocals.mp3,1968_3_Bobby Goldsboro_Honey_vocals.mp3,Bobby Goldsboro,Honey,pending,,,,,
billboard_1968_04,billboard,1968,04,/home/data/kevinzhang/research/fractal_analysis/audio_data/billboard/vocals/full_duration/1968_4_Otis Redding_(Sittin' On) The Dock of the Bay_vocals.mp3,1968_4_Otis Redding_(Sittin' On) The Dock of the Bay_vocals.mp3,Otis Redding,(Sittin' On) The Dock of the Bay,pending,,,,,
billboard_1968_05,billboard,1968,05,/home/data/kevinzhang/research/fractal_analysis/audio_data/billboard/vocals/full_duration/1968_5_The Rascals_People Got to Be Free_vocals.mp3,1968_5_The Rascals_People Got to Be Free_vocals.mp3,The Rascals,People Got to Be Free,pending,,,,,
billboard_1969_01,billboard,1969,01,"/home/data/kevinzhang/research/fractal_analysis/audio_data/billboard/vocals/full_duration/1969_1_The Archies_Sugar, Sugar_vocals.mp3","1969_1_The Archies_Sugar, Sugar_vocals.mp3",The Archies,"Sugar, Sugar",pending,,,,,
billboard_1969_02,billboard,1969,02,/home/data/kevinzhang/research/fractal_analysis/audio_data/billboard/vocals/full_duration/1969_2_The 5th Dimension_Aquarius_Let the Sunshine In (The Flesh Failures)_vocals.mp3,1969_2_The 5th Dimension_Aquarius_Let the Sunshine In (The Flesh Failures)_vocals.mp3,The 5th Dimension,Aquarius/Let the Sunshine In (The Flesh Failures),pending,,,,,
billboard_1969_03,billboard,1969,03,/home/data/kevinzhang/research/fractal_analysis/audio_data/billboard/vocals/full_duration/1969_3_The Temptations_I Can't Get Next to You_vocals.mp3,1969_3_The Temptations_I Can't Get Next to You_vocals.mp3,The Temptations,I Can't Get Next to You,pending,,,,,
billboard_1969_04,billboard,1969,04,/home/data/kevinzhang/research/fractal_analysis/audio_data/billboard/vocals/full_duration/1969_4_The Rolling Stones_Honky Tonk Women_vocals.mp3,1969_4_The Rolling Stones_Honky Tonk Women_vocals.mp3,The Rolling Stones,Honky Tonk Women,pending,,,,,
billboard_1969_05,billboard,1969,05,/home/data/kevinzhang/research/fractal_analysis/audio_data/billboard/vocals/full_duration/1969_5_Sly and the Family Stone_Everyday People_vocals.mp3,1969_5_Sly and the Family Stone_Everyday People_vocals.mp3,Sly and the Family Stone,Everyday People,pending,,,,,
billboard_1970_01,billboard,1970,01,/home/data/kevinzhang/research/fractal_analysis/audio_data/billboard/vocals/full_duration/1970_1_Simon and Garfunkel_Bridge Over Troubled Water_vocals.mp3,1970_1_Simon and Garfunkel_Bridge Over Troubled Water_vocals.mp3,Simon and Garfunkel,Bridge Over Troubled Water,pending,,,,,
billboard_1970_02,billboard,1970,02,/home/data/kevinzhang/research/fractal_analysis/audio_data/billboard/vocals/full_duration/1970_2_The Carpenters_(They Long To Be) Close To You_vocals.mp3,1970_2_The Carpenters_(They Long To Be) Close To You_vocals.mp3,The Carpenters,(They Long To Be) Close To You,pending,,,,,
billboard_1970_03,billboard,1970,03,/home/data/kevinzhang/research/fractal_analysis/audio_data/billboard/vocals/full_duration/1970_3_The Guess Who_American Woman_vocals.mp3,1970_3_The Guess Who_American Woman_vocals.mp3,The Guess Who,American Woman,pending,,,,,
billboard_1970_04,billboard,1970,04,/home/data/kevinzhang/research/fractal_analysis/audio_data/billboard/vocals/full_duration/1970_4_B.J. Thomas_Raindrops Keep Fallin' on My Head_vocals.mp3,1970_4_B.J. Thomas_Raindrops Keep Fallin' on My Head_vocals.mp3,B.J. Thomas,Raindrops Keep Fallin' on My Head,pending,,,,,
billboard_1970_05,billboard,1970,05,/home/data/kevinzhang/research/fractal_analysis/audio_data/billboard/vocals/full_duration/1970_5_Edwin Starr_War_vocals.mp3,1970_5_Edwin Starr_War_vocals.mp3,Edwin Starr,War,pending,,,,,
billboard_1971_01,billboard,1971,01,/home/data/kevinzhang/research/fractal_analysis/audio_data/billboard/vocals/full_duration/1971_1_Three Dog Night_Joy To The World_vocals.mp3,1971_1_Three Dog Night_Joy To The World_vocals.mp3,Three Dog Night,Joy To The World,pending,,,,,
billboard_1971_02a,billboard,1971,02a,/home/data/kevinzhang/research/fractal_analysis/audio_data/billboard/vocals/full_duration/1971_2a_Rod Stewart_Maggie May_vocals.mp3,1971_2a_Rod Stewart_Maggie May_vocals.mp3,Rod Stewart,Maggie May,pending,,,,,
billboard_1971_02b,billboard,1971,02b,/home/data/kevinzhang/research/fractal_analysis/audio_data/billboard/vocals/full_duration/1971_2b_Rod Stewart_Reason to Believe_vocals.mp3,1971_2b_Rod Stewart_Reason to Believe_vocals.mp3,Rod Stewart,Reason to Believe,pending,,,,,
billboard_1971_03a,billboard,1971,03a,/home/data/kevinzhang/research/fractal_analysis/audio_data/billboard/vocals/full_duration/1971_3a_Carole King_I Feel the Earth Move_vocals.mp3,1971_3a_Carole King_I Feel the Earth Move_vocals.mp3,Carole King,I Feel the Earth Move,pending,,,,,
billboard_1971_03b,billboard,1971,03b,/home/data/kevinzhang/research/fractal_analysis/audio_data/billboard/vocals/full_duration/1971_3b_Carole King_It's Too Late_vocals.mp3,1971_3b_Carole King_It's Too Late_vocals.mp3,Carole King,It's Too Late,pending,,,,,
billboard_1971_04,billboard,1971,04,/home/data/kevinzhang/research/fractal_analysis/audio_data/billboard/vocals/full_duration/1971_4_The Osmonds_One Bad Apple_vocals.mp3,1971_4_The Osmonds_One Bad Apple_vocals.mp3,The Osmonds,One Bad Apple,pending,,,,,
billboard_1971_05,billboard,1971,05,/home/data/kevinzhang/research/fractal_analysis/audio_data/billboard/vocals/full_duration/1971_5_Bee Gees_How Can You Mend a Broken Heart_vocals.mp3,1971_5_Bee Gees_How Can You Mend a Broken Heart_vocals.mp3,Bee Gees,How Can You Mend a Broken Heart,pending,,,,,
billboard_1972_01,billboard,1972,01,/home/data/kevinzhang/research/fractal_analysis/audio_data/billboard/vocals/full_duration/1972_1_Roberta Flack_The First Time Ever I Saw Your Face_vocals.mp3,1972_1_Roberta Flack_The First Time Ever I Saw Your Face_vocals.mp3,Roberta Flack,The First Time Ever I Saw Your Face,pending,,,,,
billboard_1972_02,billboard,1972,02,/home/data/kevinzhang/research/fractal_analysis/audio_data/billboard/vocals/full_duration/1972_2_Gilbert O'Sullivan_Alone Again (Naturally)_vocals.mp3,1972_2_Gilbert O'Sullivan_Alone Again (Naturally)_vocals.mp3,Gilbert O'Sullivan,Alone Again (Naturally),pending,,,,,
billboard_1972_03,billboard,1972,03,/home/data/kevinzhang/research/fractal_analysis/audio_data/billboard/vocals/full_duration/1972_3_Don McLean_American Pie_vocals.mp3,1972_3_Don McLean_American Pie_vocals.mp3,Don McLean,American Pie,pending,,,,,
billboard_1972_04,billboard,1972,04,/home/data/kevinzhang/research/fractal_analysis/audio_data/billboard/vocals/full_duration/1972_4_Harry Nilsson_Without You_vocals.mp3,1972_4_Harry Nilsson_Without You_vocals.mp3,Harry Nilsson,Without You,pending,,,,,
billboard_1972_05,billboard,1972,05,/home/data/kevinzhang/research/fractal_analysis/audio_data/billboard/vocals/full_duration/1972_5_Sammy Davis Jr._The Candy Man_vocals.mp3,1972_5_Sammy Davis Jr._The Candy Man_vocals.mp3,Sammy Davis Jr.,The Candy Man,pending,,,,,
billboard_1973_01,billboard,1973,01,/home/data/kevinzhang/research/fractal_analysis/audio_data/billboard/vocals/full_duration/1973_1_Tony Orlando and Dawn_Tie a Yellow Ribbon Round the Ole Oak Tree_vocals.mp3,1973_1_Tony Orlando and Dawn_Tie a Yellow Ribbon Round the Ole Oak Tree_vocals.mp3,Tony Orlando and Dawn,Tie a Yellow Ribbon Round the Ole Oak Tree,pending,,,,,
billboard_1973_02,billboard,1973,02,"/home/data/kevinzhang/research/fractal_analysis/audio_data/billboard/vocals/full_duration/1973_2_Jim Croce_Bad, Bad Leroy Brown_vocals.mp3","1973_2_Jim Croce_Bad, Bad Leroy Brown_vocals.mp3",Jim Croce,"Bad, Bad Leroy Brown",pending,,,,,
billboard_1973_03,billboard,1973,03,/home/data/kevinzhang/research/fractal_analysis/audio_data/billboard/vocals/full_duration/1973_3_Roberta Flack_Killing Me Softly with His Song_vocals.mp3,1973_3_Roberta Flack_Killing Me Softly with His Song_vocals.mp3,Roberta Flack,Killing Me Softly with His Song,pending,,,,,
billboard_1973_04,billboard,1973,04,/home/data/kevinzhang/research/fractal_analysis/audio_data/billboard/vocals/full_duration/1973_4_Marvin Gaye_Let's Get It On_vocals.mp3,1973_4_Marvin Gaye_Let's Get It On_vocals.mp3,Marvin Gaye,Let's Get It On,pending,,,,,
billboard_1973_05,billboard,1973,05,/home/data/kevinzhang/research/fractal_analysis/audio_data/billboard/vocals/full_duration/1973_5_Paul McCartney and Wings_My Love_vocals.mp3,1973_5_Paul McCartney and Wings_My Love_vocals.mp3,Paul McCartney and Wings,My Love,pending,,,,,
billboard_1974_01,billboard,1974,01,/home/data/kevinzhang/research/fractal_analysis/audio_data/billboard/vocals/full_duration/1974_1_Barbara Streisand_The Way We Were_vocals.mp3,1974_1_Barbara Streisand_The Way We Were_vocals.mp3,Barbara Streisand,The Way We Were,pending,,,,,
billboard_1974_02,billboard,1974,02,/home/data/kevinzhang/research/fractal_analysis/audio_data/billboard/vocals/full_duration/1974_2_Terry Jacks_Seasons in the Sun_vocals.mp3,1974_2_Terry Jacks_Seasons in the Sun_vocals.mp3,Terry Jacks,Seasons in the Sun,pending,,,,,
billboard_1974_03,billboard,1974,03,/home/data/kevinzhang/research/fractal_analysis/audio_data/billboard/vocals/full_duration/1974_3_Love Unlimited Orchestra_Love's Theme_vocals.mp3,1974_3_Love Unlimited Orchestra_Love's Theme_vocals.mp3,Love Unlimited Orchestra,Love's Theme,pending,,,,,
billboard_1974_04,billboard,1974,04,/home/data/kevinzhang/research/fractal_analysis/audio_data/billboard/vocals/full_duration/1974_4_Redbone_Come and Get Your Love_vocals.mp3,1974_4_Redbone_Come and Get Your Love_vocals.mp3,Redbone,Come and Get Your Love,pending,,,,,
billboard_1974_05,billboard,1974,05,/home/data/kevinzhang/research/fractal_analysis/audio_data/billboard/vocals/full_duration/1974_5_The Jackson 5_Dancing Machine_vocals.mp3,1974_5_The Jackson 5_Dancing Machine_vocals.mp3,The Jackson 5,Dancing Machine,pending,,,,,
billboard_1975_01,billboard,1975,01,/home/data/kevinzhang/research/fractal_analysis/audio_data/billboard/vocals/full_duration/1975_1_Captain & Tennille_Love Will Keep Us Together_vocals.mp3,1975_1_Captain & Tennille_Love Will Keep Us Together_vocals.mp3,Captain & Tennille,Love Will Keep Us Together,pending,,,,,
billboard_1975_02,billboard,1975,02,/home/data/kevinzhang/research/fractal_analysis/audio_data/billboard/vocals/full_duration/1975_2_Glen Campbell_Rhinestone Cowboy_vocals.mp3,1975_2_Glen Campbell_Rhinestone Cowboy_vocals.mp3,Glen Campbell,Rhinestone Cowboy,pending,,,,,
billboard_1975_03,billboard,1975,03,/home/data/kevinzhang/research/fractal_analysis/audio_data/billboard/vocals/full_duration/1975_3_Elton John_Philadelphia Freedom_vocals.mp3,1975_3_Elton John_Philadelphia Freedom_vocals.mp3,Elton John,Philadelphia Freedom,pending,,,,,
billboard_1975_04,billboard,1975,04,/home/data/kevinzhang/research/fractal_analysis/audio_data/billboard/vocals/full_duration/1975_4_Freddy Fender_Before the Next Teardrop Falls_vocals.mp3,1975_4_Freddy Fender_Before the Next Teardrop Falls_vocals.mp3,Freddy Fender,Before the Next Teardrop Falls,pending,,,,,
billboard_1975_05,billboard,1975,05,/home/data/kevinzhang/research/fractal_analysis/audio_data/billboard/vocals/full_duration/1975_5_Frankie Valli_My Eyes Adored You_vocals.mp3,1975_5_Frankie Valli_My Eyes Adored You_vocals.mp3,Frankie Valli,My Eyes Adored You,pending,,,,,
billboard_1976_01,billboard,1976,01,/home/data/kevinzhang/research/fractal_analysis/audio_data/billboard/vocals/full_duration/1976_1_Wings_Silly Love Songs_vocals.mp3,1976_1_Wings_Silly Love Songs_vocals.mp3,Wings,Silly Love Songs,pending,,,,,
billboard_1976_02,billboard,1976,02,/home/data/kevinzhang/research/fractal_analysis/audio_data/billboard/vocals/full_duration/1976_2_Elton John and Kiki Dee_Don't Go Breaking My Heart_vocals.mp3,1976_2_Elton John and Kiki Dee_Don't Go Breaking My Heart_vocals.mp3,Elton John and Kiki Dee,Don't Go Breaking My Heart,pending,,,,,
billboard_1976_03,billboard,1976,03,/home/data/kevinzhang/research/fractal_analysis/audio_data/billboard/vocals/full_duration/1976_3_Johnnie Taylor_Disco Lady_vocals.mp3,1976_3_Johnnie Taylor_Disco Lady_vocals.mp3,Johnnie Taylor,Disco Lady,pending,,,,,
billboard_1976_04,billboard,1976,04,"/home/data/kevinzhang/research/fractal_analysis/audio_data/billboard/vocals/full_duration/1976_4_The Four Seasons_December, 1963 (Oh, What a Night)_vocals.mp3","1976_4_The Four Seasons_December, 1963 (Oh, What a Night)_vocals.mp3",The Four Seasons,"December, 1963 (Oh, What a Night)",pending,,,,,
billboard_1976_05,billboard,1976,05,/home/data/kevinzhang/research/fractal_analysis/audio_data/billboard/vocals/full_duration/1976_5_Wild Cherry_Play That Funky Music_vocals.mp3,1976_5_Wild Cherry_Play That Funky Music_vocals.mp3,Wild Cherry,Play That Funky Music,pending,,,,,
billboard_1977_01,billboard,1977,01,/home/data/kevinzhang/research/fractal_analysis/audio_data/billboard/vocals/full_duration/1977_1_Rod Stewart_Tonight's the Night (Gonna Be Alright)_vocals.mp3,1977_1_Rod Stewart_Tonight's the Night (Gonna Be Alright)_vocals.mp3,Rod Stewart,Tonight's the Night (Gonna Be Alright),pending,,,,,
billboard_1977_02,billboard,1977,02,/home/data/kevinzhang/research/fractal_analysis/audio_data/billboard/vocals/full_duration/1977_2_Andy Gibb_I Just Want To Be Your Everything_vocals.mp3,1977_2_Andy Gibb_I Just Want To Be Your Everything_vocals.mp3,Andy Gibb,I Just Want To Be Your Everything,pending,,,,,
billboard_1977_03,billboard,1977,03,/home/data/kevinzhang/research/fractal_analysis/audio_data/billboard/vocals/full_duration/1977_3_The Emotions_Best of My Love_vocals.mp3,1977_3_The Emotions_Best of My Love_vocals.mp3,The Emotions,Best of My Love,pending,,,,,
billboard_1977_04,billboard,1977,04,/home/data/kevinzhang/research/fractal_analysis/audio_data/billboard/vocals/full_duration/1977_4_Barbara Streisand_Evergreen (Love Theme from A Star Is Born)_vocals.mp3,1977_4_Barbara Streisand_Evergreen (Love Theme from A Star Is Born)_vocals.mp3,Barbara Streisand,Evergreen (Love Theme from A Star Is Born),pending,,,,,
billboard_1977_05,billboard,1977,05,/home/data/kevinzhang/research/fractal_analysis/audio_data/billboard/vocals/full_duration/1977_5_Hot_Angel in Your Arms_vocals.mp3,1977_5_Hot_Angel in Your Arms_vocals.mp3,Hot,Angel in Your Arms,pending,,,,,
billboard_1978_01,billboard,1978,01,/home/data/kevinzhang/research/fractal_analysis/audio_data/billboard/vocals/full_duration/1978_1_Andy Gibb_Shadow Dancing_vocals.mp3,1978_1_Andy Gibb_Shadow Dancing_vocals.mp3,Andy Gibb,Shadow Dancing,pending,,,,,
billboard_1978_02,billboard,1978,02,/home/data/kevinzhang/research/fractal_analysis/audio_data/billboard/vocals/full_duration/1978_2_Bee Gees_Night Fever_vocals.mp3,1978_2_Bee Gees_Night Fever_vocals.mp3,Bee Gees,Night Fever,pending,,,,,
billboard_1978_03,billboard,1978,03,/home/data/kevinzhang/research/fractal_analysis/audio_data/billboard/vocals/full_duration/1978_3_Debby Boone_You Light Up My Life_vocals.mp3,1978_3_Debby Boone_You Light Up My Life_vocals.mp3,Debby Boone,You Light Up My Life,pending,,,,,
billboard_1978_04,billboard,1978,04,/home/data/kevinzhang/research/fractal_analysis/audio_data/billboard/vocals/full_duration/1978_4_Bee Gees_Stayin Alive_vocals.mp3,1978_4_Bee Gees_Stayin Alive_vocals.mp3,Bee Gees,Stayin Alive,pending,,,,,
billboard_1978_05,billboard,1978,05,/home/data/kevinzhang/research/fractal_analysis/audio_data/billboard/vocals/full_duration/1978_5_Exile_Kiss You All Over_vocals.mp3,1978_5_Exile_Kiss You All Over_vocals.mp3,Exile,Kiss You All Over,pending,,,,,
billboard_1979_01,billboard,1979,01,/home/data/kevinzhang/research/fractal_analysis/audio_data/billboard/vocals/full_duration/1979_1_The Knack_My Sharona_vocals.mp3,1979_1_The Knack_My Sharona_vocals.mp3,The Knack,My Sharona,pending,,,,,
billboard_1979_02,billboard,1979,02,/home/data/kevinzhang/research/fractal_analysis/audio_data/billboard/vocals/full_duration/1979_2_Donna Summer_Bad Girls_vocals.mp3,1979_2_Donna Summer_Bad Girls_vocals.mp3,Donna Summer,Bad Girls,pending,,,,,
billboard_1979_03,billboard,1979,03,/home/data/kevinzhang/research/fractal_analysis/audio_data/billboard/vocals/full_duration/1979_3_Chic_Le Freak_vocals.mp3,1979_3_Chic_Le Freak_vocals.mp3,Chic,Le Freak,pending,,,,,
billboard_1979_04,billboard,1979,04,/home/data/kevinzhang/research/fractal_analysis/audio_data/billboard/vocals/full_duration/1979_4_Rod Stewart_Do Ya Think I'm Sexy?_vocals.mp3,1979_4_Rod Stewart_Do Ya Think I'm Sexy?_vocals.mp3,Rod Stewart,Do Ya Think I'm Sexy?,pending,,,,,
billboard_1979_05,billboard,1979,05,/home/data/kevinzhang/research/fractal_analysis/audio_data/billboard/vocals/full_duration/1979_5_Peaches & Herb_Reunited_vocals.mp3,1979_5_Peaches & Herb_Reunited_vocals.mp3,Peaches & Herb,Reunited,pending,,,,,
billboard_1980_01,billboard,1980,01,/home/data/kevinzhang/research/fractal_analysis/audio_data/billboard/vocals/full_duration/1980_1_Blondie_Call Me_vocals.mp3,1980_1_Blondie_Call Me_vocals.mp3,Blondie,Call Me,pending,,,,,
billboard_1980_02,billboard,1980,02,"/home/data/kevinzhang/research/fractal_analysis/audio_data/billboard/vocals/full_duration/1980_2_Pink Floyd_Another Brick in the Wall, Part II_vocals.mp3","1980_2_Pink Floyd_Another Brick in the Wall, Part II_vocals.mp3",Pink Floyd,"Another Brick in the Wall, Part II",pending,,,,,
billboard_1980_03,billboard,1980,03,/home/data/kevinzhang/research/fractal_analysis/audio_data/billboard/vocals/full_duration/1980_3_Olivia Newton-John_Magic_vocals.mp3,1980_3_Olivia Newton-John_Magic_vocals.mp3,Olivia Newton-John,Magic,pending,,,,,
billboard_1980_04,billboard,1980,04,/home/data/kevinzhang/research/fractal_analysis/audio_data/billboard/vocals/full_duration/1980_4_Michael Jackson_Rock with You_vocals.mp3,1980_4_Michael Jackson_Rock with You_vocals.mp3,Michael Jackson,Rock with You,pending,,,,,
billboard_1980_05,billboard,1980,05,/home/data/kevinzhang/research/fractal_analysis/audio_data/billboard/vocals/full_duration/1980_5_Captain & Tennille_Do That To Me One More Time_vocals.mp3,1980_5_Captain & Tennille_Do That To Me One More Time_vocals.mp3,Captain & Tennille,Do That To Me One More Time,pending,,,,,
billboard_1981_01,billboard,1981,01,/home/data/kevinzhang/research/fractal_analysis/audio_data/billboard/vocals/full_duration/1981_1_Kim Carnes_Bette Davis Eyes_vocals.mp3,1981_1_Kim Carnes_Bette Davis Eyes_vocals.mp3,Kim Carnes,Bette Davis Eyes,pending,,,,,
billboard_1981_02,billboard,1981,02,/home/data/kevinzhang/research/fractal_analysis/audio_data/billboard/vocals/full_duration/1981_2_Diana Ross and Lionel Richie_Endless Love_vocals.mp3,1981_2_Diana Ross and Lionel Richie_Endless Love_vocals.mp3,Diana Ross and Lionel Richie,Endless Love,pending,,,,,
billboard_1981_03,billboard,1981,03,/home/data/kevinzhang/research/fractal_analysis/audio_data/billboard/vocals/full_duration/1981_3_Kenny Rogers_Lady_vocals.mp3,1981_3_Kenny Rogers_Lady_vocals.mp3,Kenny Rogers,Lady,pending,,,,,
billboard_1981_04,billboard,1981,04,/home/data/kevinzhang/research/fractal_analysis/audio_data/billboard/vocals/full_duration/1981_4_John Lennon_(Just Like) Starting Over_vocals.mp3,1981_4_John Lennon_(Just Like) Starting Over_vocals.mp3,John Lennon,(Just Like) Starting Over,pending,,,,,
billboard_1981_05,billboard,1981,05,/home/data/kevinzhang/research/fractal_analysis/audio_data/billboard/vocals/full_duration/1981_5_Rick Springfield_Jessie's Girl_vocals.mp3,1981_5_Rick Springfield_Jessie's Girl_vocals.mp3,Rick Springfield,Jessie's Girl,pending,,,,,
billboard_1982_01,billboard,1982,01,/home/data/kevinzhang/research/fractal_analysis/audio_data/billboard/vocals/full_duration/1982_1_Olivia Newton-John_Physical_vocals.mp3,1982_1_Olivia Newton-John_Physical_vocals.mp3,Olivia Newton-John,Physical,pending,,,,,
billboard_1982_02,billboard,1982,02,/home/data/kevinzhang/research/fractal_analysis/audio_data/billboard/vocals/full_duration/1982_2_Survivor_Eye of the Tiger_vocals.mp3,1982_2_Survivor_Eye of the Tiger_vocals.mp3,Survivor,Eye of the Tiger,pending,,,,,
billboard_1982_03,billboard,1982,03,/home/data/kevinzhang/research/fractal_analysis/audio_data/billboard/vocals/full_duration/1982_3_Joan Jett & The Blackhearts_I Love Rock 'N Roll_vocals.mp3,1982_3_Joan Jett & The Blackhearts_I Love Rock 'N Roll_vocals.mp3,Joan Jett & The Blackhearts,I Love Rock 'N Roll,pending,,,,,
billboard_1982_04,billboard,1982,04,/home/data/kevinzhang/research/fractal_analysis/audio_data/billboard/vocals/full_duration/1982_4_Paul McCartney and Stevie Wonder_Ebony and Ivory_vocals.mp3,1982_4_Paul McCartney and Stevie Wonder_Ebony and Ivory_vocals.mp3,Paul McCartney and Stevie Wonder,Ebony and Ivory,pending,,,,,
billboard_1982_05,billboard,1982,05,/home/data/kevinzhang/research/fractal_analysis/audio_data/billboard/vocals/full_duration/1982_5_The J. Geils Band_Centerfold_vocals.mp3,1982_5_The J. Geils Band_Centerfold_vocals.mp3,The J. Geils Band,Centerfold,pending,,,,,
billboard_1983_01,billboard,1983,01,/home/data/kevinzhang/research/fractal_analysis/audio_data/billboard/vocals/full_duration/1983_1_The Police_Every Breath You Take_vocals.mp3,1983_1_The Police_Every Breath You Take_vocals.mp3,The Police,Every Breath You Take,pending,,,,,
billboard_1983_02,billboard,1983,02,/home/data/kevinzhang/research/fractal_analysis/audio_data/billboard/vocals/full_duration/1983_2_Michael Jackson_Billie Jean_vocals.mp3,1983_2_Michael Jackson_Billie Jean_vocals.mp3,Michael Jackson,Billie Jean,pending,,,,,
billboard_1983_03,billboard,1983,03,/home/data/kevinzhang/research/fractal_analysis/audio_data/billboard/vocals/full_duration/1983_3_Irene Cara_Flashdance...What a Feeling_vocals.mp3,1983_3_Irene Cara_Flashdance...What a Feeling_vocals.mp3,Irene Cara,Flashdance...What a Feeling,pending,,,,,
billboard_1983_04,billboard,1983,04,/home/data/kevinzhang/research/fractal_analysis/audio_data/billboard/vocals/full_duration/1983_4_Men at Work_Down Under_vocals.mp3,1983_4_Men at Work_Down Under_vocals.mp3,Men at Work,Down Under,pending,,,,,
billboard_1983_05,billboard,1983,05,/home/data/kevinzhang/research/fractal_analysis/audio_data/billboard/vocals/full_duration/1983_5_Michael Jackson_Beat It_vocals.mp3,1983_5_Michael Jackson_Beat It_vocals.mp3,Michael Jackson,Beat It,pending,,,,,
billboard_1984_01,billboard,1984,01,/home/data/kevinzhang/research/fractal_analysis/audio_data/billboard/vocals/full_duration/1984_1_Prince_When Doves Cry_vocals.mp3,1984_1_Prince_When Doves Cry_vocals.mp3,Prince,When Doves Cry,pending,,,,,
billboard_1984_02,billboard,1984,02,/home/data/kevinzhang/research/fractal_analysis/audio_data/billboard/vocals/full_duration/1984_2_Tina Turner_What's Love Got to Do with It_vocals.mp3,1984_2_Tina Turner_What's Love Got to Do with It_vocals.mp3,Tina Turner,What's Love Got to Do with It,pending,,,,,
billboard_1984_03,billboard,1984,03,/home/data/kevinzhang/research/fractal_analysis/audio_data/billboard/vocals/full_duration/1984_3_Paul McCartney and Michael Jackson_Say Say Say_vocals.mp3,1984_3_Paul McCartney and Michael Jackson_Say Say Say_vocals.mp3,Paul McCartney and Michael Jackson,Say Say Say,pending,,,,,
billboard_1984_04,billboard,1984,04,/home/data/kevinzhang/research/fractal_analysis/audio_data/billboard/vocals/full_duration/1984_4_Kenny Loggins_Footloose_vocals.mp3,1984_4_Kenny Loggins_Footloose_vocals.mp3,Kenny Loggins,Footloose,pending,,,,,
billboard_1984_05,billboard,1984,05,/home/data/kevinzhang/research/fractal_analysis/audio_data/billboard/vocals/full_duration/1984_5_Phil Collins_Against All Odds (Take a Look at Me Now)_vocals.mp3,1984_5_Phil Collins_Against All Odds (Take a Look at Me Now)_vocals.mp3,Phil Collins,Against All Odds (Take a Look at Me Now),pending,,,,,
billboard_1985_01,billboard,1985,01,/home/data/kevinzhang/research/fractal_analysis/audio_data/billboard/vocals/full_duration/1985_1_George Michael_Careless Whisper_vocals.mp3,1985_1_George Michael_Careless Whisper_vocals.mp3,George Michael,Careless Whisper,pending,,,,,
billboard_1985_02,billboard,1985,02,/home/data/kevinzhang/research/fractal_analysis/audio_data/billboard/vocals/full_duration/1985_2_Madonna_Like a Virgin_vocals.mp3,1985_2_Madonna_Like a Virgin_vocals.mp3,Madonna,Like a Virgin,pending,,,,,
billboard_1985_03,billboard,1985,03,/home/data/kevinzhang/research/fractal_analysis/audio_data/billboard/vocals/full_duration/1985_3_Wham!_Wake Me Up Before You Go-Go_vocals.mp3,1985_3_Wham!_Wake Me Up Before You Go-Go_vocals.mp3,Wham!,Wake Me Up Before You Go-Go,pending,,,,,
billboard_1985_04,billboard,1985,04,/home/data/kevinzhang/research/fractal_analysis/audio_data/billboard/vocals/full_duration/1985_4_Foreigner_I Want to Know What Love Is_vocals.mp3,1985_4_Foreigner_I Want to Know What Love Is_vocals.mp3,Foreigner,I Want to Know What Love Is,pending,,,,,
billboard_1985_05,billboard,1985,05,/home/data/kevinzhang/research/fractal_analysis/audio_data/billboard/vocals/full_duration/1985_5_Chaka Khan_I Feel for You_vocals.mp3,1985_5_Chaka Khan_I Feel for You_vocals.mp3,Chaka Khan,I Feel for You,pending,,,,,
billboard_1986_01,billboard,1986,01,/home/data/kevinzhang/research/fractal_analysis/audio_data/billboard/vocals/full_duration/1986_1_Dionne and Friends_That's What Friends Are For_vocals.mp3,1986_1_Dionne and Friends_That's What Friends Are For_vocals.mp3,Dionne and Friends,That's What Friends Are For,pending,,,,,
billboard_1986_02,billboard,1986,02,"/home/data/kevinzhang/research/fractal_analysis/audio_data/billboard/vocals/full_duration/1986_2_Lionel Richie_Say You, Say Me_vocals.mp3","1986_2_Lionel Richie_Say You, Say Me_vocals.mp3",Lionel Richie,"Say You, Say Me",pending,,,,,
billboard_1986_03,billboard,1986,03,/home/data/kevinzhang/research/fractal_analysis/audio_data/billboard/vocals/full_duration/1986_3_Klymaxx_I Miss You_vocals.mp3,1986_3_Klymaxx_I Miss You_vocals.mp3,Klymaxx,I Miss You,pending,,,,,
billboard_1986_04,billboard,1986,04,/home/data/kevinzhang/research/fractal_analysis/audio_data/billboard/vocals/full_duration/1986_4_Patti LaBelle feat. Michael McDonald_On My Own_vocals.mp3,1986_4_Patti LaBelle feat. Michael McDonald_On My Own_vocals.mp3,Patti LaBelle feat. Michael McDonald,On My Own,pending,,,,,
billboard_1986_05,billboard,1986,05,/home/data/kevinzhang/research/fractal_analysis/audio_data/billboard/vocals/full_duration/1986_5_Mr. Mister_Broken Wings_vocals.mp3,1986_5_Mr. Mister_Broken Wings_vocals.mp3,Mr. Mister,Broken Wings,pending,,,,,
billboard_1987_01,billboard,1987,01,/home/data/kevinzhang/research/fractal_analysis/audio_data/billboard/vocals/full_duration/1987_1_The Bangles_Walk Like an Egyptian_vocals.mp3,1987_1_The Bangles_Walk Like an Egyptian_vocals.mp3,The Bangles,Walk Like an Egyptian,pending,,,,,
billboard_1987_02,billboard,1987,02,/home/data/kevinzhang/research/fractal_analysis/audio_data/billboard/vocals/full_duration/1987_2_Heart_Alone_vocals.mp3,1987_2_Heart_Alone_vocals.mp3,Heart,Alone,pending,,,,,
billboard_1987_03,billboard,1987,03,/home/data/kevinzhang/research/fractal_analysis/audio_data/billboard/vocals/full_duration/1987_3_Gregory Abbott_Shake You Down_vocals.mp3,1987_3_Gregory Abbott_Shake You Down_vocals.mp3,Gregory Abbott,Shake You Down,pending,,,,,
billboard_1987_04,billboard,1987,04,/home/data/kevinzhang/research/fractal_analysis/audio_data/billboard/vocals/full_duration/1987_4_Whitney Houston_I Wanna Dance with Somebody (Who Loves Me)_vocals.mp3,1987_4_Whitney Houston_I Wanna Dance with Somebody (Who Loves Me)_vocals.mp3,Whitney Houston,I Wanna Dance with Somebody (Who Loves Me),pending,,,,,
billboard_1987_05,billboard,1987,05,/home/data/kevinzhang/research/fractal_analysis/audio_data/billboard/vocals/full_duration/1987_5_Starship_Nothing's Gonna Stop Us Now_vocals.mp3,1987_5_Starship_Nothing's Gonna Stop Us Now_vocals.mp3,Starship,Nothing's Gonna Stop Us Now,pending,,,,,
billboard_1988_01,billboard,1988,01,/home/data/kevinzhang/research/fractal_analysis/audio_data/billboard/vocals/full_duration/1988_1_George Michael_Faith_vocals.mp3,1988_1_George Michael_Faith_vocals.mp3,George Michael,Faith,pending,,,,,
billboard_1988_02,billboard,1988,02,/home/data/kevinzhang/research/fractal_analysis/audio_data/billboard/vocals/full_duration/1988_2_INXS_Need You Tonight_vocals.mp3,1988_2_INXS_Need You Tonight_vocals.mp3,INXS,Need You Tonight,pending,,,,,
billboard_1988_03,billboard,1988,03,/home/data/kevinzhang/research/fractal_analysis/audio_data/billboard/vocals/full_duration/1988_3_George Harrison_Got My Mind Set On You_vocals.mp3,1988_3_George Harrison_Got My Mind Set On You_vocals.mp3,George Harrison,Got My Mind Set On You,pending,,,,,
billboard_1988_04,billboard,1988,04,/home/data/kevinzhang/research/fractal_analysis/audio_data/billboard/vocals/full_duration/1988_4_Rick Astley_Never Gonna Give You Up_vocals.mp3,1988_4_Rick Astley_Never Gonna Give You Up_vocals.mp3,Rick Astley,Never Gonna Give You Up,pending,,,,,
billboard_1988_05,billboard,1988,05,/home/data/kevinzhang/research/fractal_analysis/audio_data/billboard/vocals/full_duration/1988_5_Guns N' Roses_Sweet Child O'Mine_vocals.mp3,1988_5_Guns N' Roses_Sweet Child O'Mine_vocals.mp3,Guns N' Roses,Sweet Child O'Mine,pending,,,,,
billboard_1989_01,billboard,1989,01,/home/data/kevinzhang/research/fractal_analysis/audio_data/billboard/vocals/full_duration/1989_1_Chicago_Look Away_vocals.mp3,1989_1_Chicago_Look Away_vocals.mp3,Chicago,Look Away,pending,,,,,
billboard_1989_02,billboard,1989,02,/home/data/kevinzhang/research/fractal_analysis/audio_data/billboard/vocals/full_duration/1989_2_Bobby Brown_My Prerogative_vocals.mp3,1989_2_Bobby Brown_My Prerogative_vocals.mp3,Bobby Brown,My Prerogative,pending,,,,,
billboard_1989_03,billboard,1989,03,/home/data/kevinzhang/research/fractal_analysis/audio_data/billboard/vocals/full_duration/1989_3_Poison_Every Rose Has Its Thorn_vocals.mp3,1989_3_Poison_Every Rose Has Its Thorn_vocals.mp3,Poison,Every Rose Has Its Thorn,pending,,,,,
billboard_1989_04,billboard,1989,04,/home/data/kevinzhang/research/fractal_analysis/audio_data/billboard/vocals/full_duration/1989_4_Paula Abdul_Straight Up_vocals.mp3,1989_4_Paula Abdul_Straight Up_vocals.mp3,Paula Abdul,Straight Up,pending,,,,,
billboard_1989_05,billboard,1989,05,/home/data/kevinzhang/research/fractal_analysis/audio_data/billboard/vocals/full_duration/1989_5_Janet Jackson_Miss You Much_vocals.mp3,1989_5_Janet Jackson_Miss You Much_vocals.mp3,Janet Jackson,Miss You Much,pending,,,,,
billboard_1990_01,billboard,1990,01,/home/data/kevinzhang/research/fractal_analysis/audio_data/billboard/vocals/full_duration/1990_1_Wilson Phillips_Hold On_vocals.mp3,1990_1_Wilson Phillips_Hold On_vocals.mp3,Wilson Phillips,Hold On,pending,,,,,
billboard_1990_02,billboard,1990,02,/home/data/kevinzhang/research/fractal_analysis/audio_data/billboard/vocals/full_duration/1990_2_Roxette_It Must Have Been Love_vocals.mp3,1990_2_Roxette_It Must Have Been Love_vocals.mp3,Roxette,It Must Have Been Love,pending,,,,,
billboard_1990_03,billboard,1990,03,/home/data/kevinzhang/research/fractal_analysis/audio_data/billboard/vocals/full_duration/1990_3_Sinead O'Connor_Nothing Compares 2 U_vocals.mp3,1990_3_Sinead O'Connor_Nothing Compares 2 U_vocals.mp3,Sinead O'Connor,Nothing Compares 2 U,pending,,,,,
billboard_1990_04,billboard,1990,04,/home/data/kevinzhang/research/fractal_analysis/audio_data/billboard/vocals/full_duration/1990_4_Bell Biv DeVoe_Poison_vocals.mp3,1990_4_Bell Biv DeVoe_Poison_vocals.mp3,Bell Biv DeVoe,Poison,pending,,,,,
billboard_1990_05,billboard,1990,05,/home/data/kevinzhang/research/fractal_analysis/audio_data/billboard/vocals/full_duration/1990_5_Madonna_Vogue_vocals.mp3,1990_5_Madonna_Vogue_vocals.mp3,Madonna,Vogue,pending,,,,,
billboard_1991_01,billboard,1991,01,/home/data/kevinzhang/research/fractal_analysis/audio_data/billboard/vocals/full_duration/1991_1_Bryan Adams_(Everything I Do) I Do It For You_vocals.mp3,1991_1_Bryan Adams_(Everything I Do) I Do It For You_vocals.mp3,Bryan Adams,(Everything I Do) I Do It For You,pending,,,,,
billboard_1991_02,billboard,1991,02,/home/data/kevinzhang/research/fractal_analysis/audio_data/billboard/vocals/full_duration/1991_2_Color Me Badd_I Wanna Sex You Up_vocals.mp3,1991_2_Color Me Badd_I Wanna Sex You Up_vocals.mp3,Color Me Badd,I Wanna Sex You Up,pending,,,,,
billboard_1991_03,billboard,1991,03,/home/data/kevinzhang/research/fractal_analysis/audio_data/billboard/vocals/full_duration/1991_3_C&C Music Factory_Gonna Make You Sweat (Everybody Dance Now)_vocals.mp3,1991_3_C&C Music Factory_Gonna Make You Sweat (Everybody Dance Now)_vocals.mp3,C&C Music Factory,Gonna Make You Sweat,pending,,,,,
billboard_1991_04,billboard,1991,04,/home/data/kevinzhang/research/fractal_analysis/audio_data/billboard/vocals/full_duration/1991_4_Paula Abdul_Rush Rush_vocals.mp3,1991_4_Paula Abdul_Rush Rush_vocals.mp3,Paula Abdul,Rush Rush,pending,,,,,
billboard_1991_05,billboard,1991,05,/home/data/kevinzhang/research/fractal_analysis/audio_data/billboard/vocals/full_duration/1991_5_Timmy T_One More Try_vocals.mp3,1991_5_Timmy T_One More Try_vocals.mp3,Timmy T,One More Try,pending,,,,,
billboard_1992_01,billboard,1992,01,/home/data/kevinzhang/research/fractal_analysis/audio_data/billboard/vocals/full_duration/1992_1_Boyz II Men_End of the Road_vocals.mp3,1992_1_Boyz II Men_End of the Road_vocals.mp3,Boyz II Men,End of the Road,pending,,,,,
billboard_1992_02,billboard,1992,02,/home/data/kevinzhang/research/fractal_analysis/audio_data/billboard/vocals/full_duration/1992_2_Sir Mix-a-Lot_Baby Got Back_vocals.mp3,1992_2_Sir Mix-a-Lot_Baby Got Back_vocals.mp3,Sir Mix-a-Lot,Baby Got Back,pending,,,,,
billboard_1992_03,billboard,1992,03,/home/data/kevinzhang/research/fractal_analysis/audio_data/billboard/vocals/full_duration/1992_3_Kris Kross_Jump_vocals.mp3,1992_3_Kris Kross_Jump_vocals.mp3,Kris Kross,Jump,pending,,,,,
billboard_1992_04,billboard,1992,04,/home/data/kevinzhang/research/fractal_analysis/audio_data/billboard/vocals/full_duration/1992_4_Vanessa Williams_Save the Best for Last_vocals.mp3,1992_4_Vanessa Williams_Save the Best for Last_vocals.mp3,Vanessa Williams,Save the Best for Last,pending,,,,,
billboard_1992_05,billboard,1992,05,/home/data/kevinzhang/research/fractal_analysis/audio_data/billboard/vocals/full_duration/1992_5_TLC_Baby-Baby-Baby_vocals.mp3,1992_5_TLC_Baby-Baby-Baby_vocals.mp3,TLC,Baby-Baby-Baby,pending,,,,,
billboard_1993_01,billboard,1993,01,/home/data/kevinzhang/research/fractal_analysis/audio_data/billboard/vocals/full_duration/1993_1_Whitney Houston_I Will Always Love You_vocals.mp3,1993_1_Whitney Houston_I Will Always Love You_vocals.mp3,Whitney Houston,I Will Always Love You,pending,,,,,
billboard_1993_02,billboard,1993,02,/home/data/kevinzhang/research/fractal_analysis/audio_data/billboard/vocals/full_duration/1993_2_Tag Team_Whoomp! (There It Is)_vocals.mp3,1993_2_Tag Team_Whoomp! (There It Is)_vocals.mp3,Tag Team,Whoomp! (There It Is),pending,,,,,
billboard_1993_03,billboard,1993,03,/home/data/kevinzhang/research/fractal_analysis/audio_data/billboard/vocals/full_duration/1993_3_UB40_Can't Help Falling in Love_vocals.mp3,1993_3_UB40_Can't Help Falling in Love_vocals.mp3,UB40,Can't Help Falling in Love,pending,,,,,
billboard_1993_04,billboard,1993,04,/home/data/kevinzhang/research/fractal_analysis/audio_data/billboard/vocals/full_duration/1993_4_Janet Jackson_That's the Way Love Goes_vocals.mp3,1993_4_Janet Jackson_That's the Way Love Goes_vocals.mp3,Janet Jackson,That's the Way Love Goes,pending,,,,,
billboard_1993_05,billboard,1993,05,/home/data/kevinzhang/research/fractal_analysis/audio_data/billboard/vocals/full_duration/1993_5_Silk_Freak Me_vocals.mp3,1993_5_Silk_Freak Me_vocals.mp3,Silk,Freak Me,pending,,,,,
billboard_1994_01,billboard,1994,01,/home/data/kevinzhang/research/fractal_analysis/audio_data/billboard/vocals/full_duration/1994_1_Ace of Base_The Sign_vocals.mp3,1994_1_Ace of Base_The Sign_vocals.mp3,Ace of Base,The Sign,pending,,,,,
billboard_1994_02,billboard,1994,02,/home/data/kevinzhang/research/fractal_analysis/audio_data/billboard/vocals/full_duration/1994_2_All-4-One_I Swear_vocals.mp3,1994_2_All-4-One_I Swear_vocals.mp3,All-4-One,I Swear,pending,,,,,
billboard_1994_03,billboard,1994,03,/home/data/kevinzhang/research/fractal_analysis/audio_data/billboard/vocals/full_duration/1994_3_Boyz II Men_I'll Make Love to You_vocals.mp3,1994_3_Boyz II Men_I'll Make Love to You_vocals.mp3,Boyz II Men,I'll Make Love to You,pending,,,,,
billboard_1994_04,billboard,1994,04,/home/data/kevinzhang/research/fractal_analysis/audio_data/billboard/vocals/full_duration/1994_4_Celine Dion_The Power of Love_vocals.mp3,1994_4_Celine Dion_The Power of Love_vocals.mp3,Celine Dion,The Power of Love,pending,,,,,
billboard_1994_05,billboard,1994,05,/home/data/kevinzhang/research/fractal_analysis/audio_data/billboard/vocals/full_duration/1994_5_Mariah Carey_Hero_vocals.mp3,1994_5_Mariah Carey_Hero_vocals.mp3,Mariah Carey,Hero,pending,,,,,
billboard_1995_01,billboard,1995,01,/home/data/kevinzhang/research/fractal_analysis/audio_data/billboard/vocals/full_duration/1995_1_Coolio feat. L.V._Gangsta's Paradise_vocals.mp3,1995_1_Coolio feat. L.V._Gangsta's Paradise_vocals.mp3,Coolio feat. L.V.,Gangsta's Paradise,pending,,,,,
billboard_1995_02,billboard,1995,02,/home/data/kevinzhang/research/fractal_analysis/audio_data/billboard/vocals/full_duration/1995_2_TLC_Waterfalls_vocals.mp3,1995_2_TLC_Waterfalls_vocals.mp3,TLC,Waterfalls,pending,,,,,
billboard_1995_03,billboard,1995,03,/home/data/kevinzhang/research/fractal_analysis/audio_data/billboard/vocals/full_duration/1995_3_TLC_Creep_vocals.mp3,1995_3_TLC_Creep_vocals.mp3,TLC,Creep,pending,,,,,
billboard_1995_04,billboard,1995,04,/home/data/kevinzhang/research/fractal_analysis/audio_data/billboard/vocals/full_duration/1995_4_Seal_Kiss from a Rose_vocals.mp3,1995_4_Seal_Kiss from a Rose_vocals.mp3,Seal,Kiss from a Rose,pending,,,,,
billboard_1995_05,billboard,1995,05,/home/data/kevinzhang/research/fractal_analysis/audio_data/billboard/vocals/full_duration/1995_5_Boyz II Men_On Bended Knee_vocals.mp3,1995_5_Boyz II Men_On Bended Knee_vocals.mp3,Boyz II Men,On Bended Knee,pending,,,,,
billboard_1996_01,billboard,1996,01,/home/data/kevinzhang/research/fractal_analysis/audio_data/billboard/vocals/full_duration/1996_1_Los del Rio_Macarena (Bayside Boys Remix)_vocals.mp3,1996_1_Los del Rio_Macarena (Bayside Boys Remix)_vocals.mp3,Los del Rio,Macarena (Bayside Boys Remix),pending,,,,,
billboard_1996_02,billboard,1996,02,/home/data/kevinzhang/research/fractal_analysis/audio_data/billboard/vocals/full_duration/1996_2_Mariah Carey and Boyz II Men_One Sweet Day_vocals.mp3,1996_2_Mariah Carey and Boyz II Men_One Sweet Day_vocals.mp3,Mariah Carey and Boyz II Men,One Sweet Day,pending,,,,,
billboard_1996_03,billboard,1996,03,/home/data/kevinzhang/research/fractal_analysis/audio_data/billboard/vocals/full_duration/1996_3_Celine Dion_Because You Loved Me_vocals.mp3,1996_3_Celine Dion_Because You Loved Me_vocals.mp3,Celine Dion,Because You Loved Me,pending,,,,,
billboard_1996_04,billboard,1996,04,/home/data/kevinzhang/research/fractal_analysis/audio_data/billboard/vocals/full_duration/1996_4_The Tony Rich Project_Nobody Knows_vocals.mp3,1996_4_The Tony Rich Project_Nobody Knows_vocals.mp3,The Tony Rich Project,Nobody Knows,pending,,,,,
billboard_1996_05,billboard,1996,05,/home/data/kevinzhang/research/fractal_analysis/audio_data/billboard/vocals/full_duration/1996_5_Mariah Carey_Always Be My Baby_vocals.mp3,1996_5_Mariah Carey_Always Be My Baby_vocals.mp3,Mariah Carey,Always Be My Baby,pending,,,,,
billboard_1997_01a,billboard,1997,01a,/home/data/kevinzhang/research/fractal_analysis/audio_data/billboard/vocals/full_duration/1997_1a_Elton John_Something About The Way You Look Tonight_vocals.mp3,1997_1a_Elton John_Something About The Way You Look Tonight_vocals.mp3,Elton John,Something About The Way You Look Tonight,pending,,,,,
billboard_1997_01b,billboard,1997,01b,/home/data/kevinzhang/research/fractal_analysis/audio_data/billboard/vocals/full_duration/1997_1b_Elton John_Candle in the Wind_vocals.mp3,1997_1b_Elton John_Candle in the Wind_vocals.mp3,Elton John,Candle in the Wind,pending,,,,,
billboard_1997_02a,billboard,1997,02a,/home/data/kevinzhang/research/fractal_analysis/audio_data/billboard/vocals/full_duration/1997_2a_Jewel_Foolish Games_vocals.mp3,1997_2a_Jewel_Foolish Games_vocals.mp3,Jewel,Foolish Games,pending,,,,,
billboard_1997_02b,billboard,1997,02b,/home/data/kevinzhang/research/fractal_analysis/audio_data/billboard/vocals/full_duration/1997_2b_Jewel_You Were Meant for Me_vocals.mp3,1997_2b_Jewel_You Were Meant for Me_vocals.mp3,Jewel,You Were Meant for Me,pending,,,,,
billboard_1997_03,billboard,1997,03,/home/data/kevinzhang/research/fractal_analysis/audio_data/billboard/vocals/full_duration/1997_3_Diddy feat. Faith Evans and 112_I'll Be Missing You_vocals.mp3,1997_3_Diddy feat. Faith Evans and 112_I'll Be Missing You_vocals.mp3,Diddy feat. Faith Evans and 112,I'll Be Missing You,pending,,,,,
billboard_1997_04,billboard,1997,04,/home/data/kevinzhang/research/fractal_analysis/audio_data/billboard/vocals/full_duration/1997_4_Toni Braxton_Un-Break My Heart_vocals.mp3,1997_4_Toni Braxton_Un-Break My Heart_vocals.mp3,Toni Braxton,Un-Break My Heart,pending,,,,,
billboard_1997_05,billboard,1997,05,/home/data/kevinzhang/research/fractal_analysis/audio_data/billboard/vocals/full_duration/1997_5_Diddy feat. Mase_Can't Nobody Hold Me Down_vocals.mp3,1997_5_Diddy feat. Mase_Can't Nobody Hold Me Down_vocals.mp3,Diddy feat. Mase,Can't Nobody Hold Me Down,pending,,,,,
billboard_1998_01,billboard,1998,01,/home/data/kevinzhang/research/fractal_analysis/audio_data/billboard/vocals/full_duration/1998_1_Next_Too Close_vocals.mp3,1998_1_Next_Too Close_vocals.mp3,Next,Too Close,pending,,,,,
billboard_1998_02,billboard,1998,02,/home/data/kevinzhang/research/fractal_analysis/audio_data/billboard/vocals/full_duration/1998_2_Brandy and Monica_The Boy Is Mine_vocals.mp3,1998_2_Brandy and Monica_The Boy Is Mine_vocals.mp3,Brandy and Monica,The Boy Is Mine,pending,,,,,
billboard_1998_03,billboard,1998,03,/home/data/kevinzhang/research/fractal_analysis/audio_data/billboard/vocals/full_duration/1998_3_Shania Twain_You're Still the One_vocals.mp3,1998_3_Shania Twain_You're Still the One_vocals.mp3,Shania Twain,You're Still the One,pending,,,,,
billboard_1998_04,billboard,1998,04,/home/data/kevinzhang/research/fractal_analysis/audio_data/billboard/vocals/full_duration/1998_4_Savage Garden_Truly Madly Deeply_vocals.mp3,1998_4_Savage Garden_Truly Madly Deeply_vocals.mp3,Savage Garden,Truly Madly Deeply,pending,,,,,
billboard_1998_05,billboard,1998,05,/home/data/kevinzhang/research/fractal_analysis/audio_data/billboard/vocals/full_duration/1998_5_LeAnn Rimes_How Do I Live_vocals.mp3,1998_5_LeAnn Rimes_How Do I Live_vocals.mp3,LeAnn Rimes,How Do I Live,pending,,,,,
billboard_1999_01,billboard,1999,01,/home/data/kevinzhang/research/fractal_analysis/audio_data/billboard/vocals/full_duration/1999_1_Cher_Believe_vocals.mp3,1999_1_Cher_Believe_vocals.mp3,Cher,Believe,pending,,,,,
billboard_1999_02,billboard,1999,02,/home/data/kevinzhang/research/fractal_analysis/audio_data/billboard/vocals/full_duration/1999_2_TLC_No Scrubs_vocals.mp3,1999_2_TLC_No Scrubs_vocals.mp3,TLC,No Scrubs,pending,,,,,
billboard_1999_03,billboard,1999,03,/home/data/kevinzhang/research/fractal_analysis/audio_data/billboard/vocals/full_duration/1999_3_Monica_Angel of Mine_vocals.mp3,1999_3_Monica_Angel of Mine_vocals.mp3,Monica,Angel of Mine,pending,,,,,
billboard_1999_04,billboard,1999,04,/home/data/kevinzhang/research/fractal_analysis/audio_data/billboard/vocals/full_duration/1999_4_Whitney Houston feat. Faith Evans and Kelly Price_Heartbreak Hotel_vocals.mp3,1999_4_Whitney Houston feat. Faith Evans and Kelly Price_Heartbreak Hotel_vocals.mp3,Whitney Houston feat. Faith Evans and Kelly Price,Heartbreak Hotel,pending,,,,,
billboard_1999_05,billboard,1999,05,/home/data/kevinzhang/research/fractal_analysis/audio_data/billboard/vocals/full_duration/1999_5_Britney Spears_...Baby One More Time_vocals.mp3,1999_5_Britney Spears_...Baby One More Time_vocals.mp3,Britney Spears,...Baby One More Time,pending,,,,,
billboard_2000_01,billboard,2000,01,/home/data/kevinzhang/research/fractal_analysis/audio_data/billboard/vocals/full_duration/2000_1_Faith Hill_Breathe_vocals.mp3,2000_1_Faith Hill_Breathe_vocals.mp3,Faith Hill,Breathe,pending,,,,,
billboard_2000_02,billboard,2000,02,/home/data/kevinzhang/research/fractal_analysis/audio_data/billboard/vocals/full_duration/2000_2_Santana feat. Rob Thomas_Smooth_vocals.mp3,2000_2_Santana feat. Rob Thomas_Smooth_vocals.mp3,Santana feat. Rob Thomas,Smooth,pending,,,,,
billboard_2000_03,billboard,2000,03,/home/data/kevinzhang/research/fractal_analysis/audio_data/billboard/vocals/full_duration/2000_3_Santana feat. The Product G&B_Maria Maria_vocals.mp3,2000_3_Santana feat. The Product G&B_Maria Maria_vocals.mp3,Santana feat. The Product G&B,Maria Maria,pending,,,,,
billboard_2000_04,billboard,2000,04,/home/data/kevinzhang/research/fractal_analysis/audio_data/billboard/vocals/full_duration/2000_4_Joe_I Wanna Know_vocals.mp3,2000_4_Joe_I Wanna Know_vocals.mp3,Joe,I Wanna Know,pending,,,,,
billboard_2000_05,billboard,2000,05,/home/data/kevinzhang/research/fractal_analysis/audio_data/billboard/vocals/full_duration/2000_5_Vertical Horizon_Everything You Want_vocals.mp3,2000_5_Vertical Horizon_Everything You Want_vocals.mp3,Vertical Horizon,Everything You Want,pending,,,,,
billboard_2001_01,billboard,2001,01,/home/data/kevinzhang/research/fractal_analysis/audio_data/billboard/vocals/full_duration/2001_1_Lifehouse_Hanging By A Moment_vocals.mp3,2001_1_Lifehouse_Hanging By A Moment_vocals.mp3,Lifehouse,Hanging By A Moment,pending,,,,,
billboard_2001_02,billboard,2001,02,/home/data/kevinzhang/research/fractal_analysis/audio_data/billboard/vocals/full_duration/2001_2_Alicia Keys_Fallin'_vocals.mp3,2001_2_Alicia Keys_Fallin'_vocals.mp3,Alicia Keys,Fallin',pending,,,,,
billboard_2001_03,billboard,2001,03,/home/data/kevinzhang/research/fractal_analysis/audio_data/billboard/vocals/full_duration/2001_3_Janet Jackson_All For You_vocals.mp3,2001_3_Janet Jackson_All For You_vocals.mp3,Janet Jackson,All For You,pending,,,,,
billboard_2001_04,billboard,2001,04,/home/data/kevinzhang/research/fractal_analysis/audio_data/billboard/vocals/full_duration/2001_4_Train_Drops of Jupiter (Tell Me)_vocals.mp3,2001_4_Train_Drops of Jupiter (Tell Me)_vocals.mp3,Train,Drops of Jupiter (Tell Me),pending,,,,,
billboard_2001_05,billboard,2001,05,/home/data/kevinzhang/research/fractal_analysis/audio_data/billboard/vocals/full_duration/2001_5_Jennifer Lopez feat. Ja Rule_I'm Real (Murder Remix)_vocals.mp3,2001_5_Jennifer Lopez feat. Ja Rule_I'm Real (Murder Remix)_vocals.mp3,Jennifer Lopez feat. Ja Rule,I'm Real (Murder Remix),pending,,,,,
billboard_2002_01,billboard,2002,01,/home/data/kevinzhang/research/fractal_analysis/audio_data/billboard/vocals/full_duration/2002_1_Nickelback_How You Remind Me_vocals.mp3,2002_1_Nickelback_How You Remind Me_vocals.mp3,Nickelback,How You Remind Me,pending,,,,,
billboard_2002_02,billboard,2002,02,/home/data/kevinzhang/research/fractal_analysis/audio_data/billboard/vocals/full_duration/2002_2_Ashanti_Foolish_vocals.mp3,2002_2_Ashanti_Foolish_vocals.mp3,Ashanti,Foolish,pending,,,,,
billboard_2002_03,billboard,2002,03,/home/data/kevinzhang/research/fractal_analysis/audio_data/billboard/vocals/full_duration/2002_3_Nelly_Hot in Herre_vocals.mp3,2002_3_Nelly_Hot in Herre_vocals.mp3,Nelly,Hot in Herre,pending,,,,,
billboard_2002_04,billboard,2002,04,/home/data/kevinzhang/research/fractal_analysis/audio_data/billboard/vocals/full_duration/2002_4_Nelly feat. Kelly Rowland_Dilemma_vocals.mp3,2002_4_Nelly feat. Kelly Rowland_Dilemma_vocals.mp3,Nelly feat. Kelly Rowland,Dilemma,pending,,,,,
billboard_2002_05,billboard,2002,05,/home/data/kevinzhang/research/fractal_analysis/audio_data/billboard/vocals/full_duration/2002_5_The Calling_Wherever You Will Go_vocals.mp3,2002_5_The Calling_Wherever You Will Go_vocals.mp3,The Calling,Wherever You Will Go,pending,,,,,
billboard_2003_01,billboard,2003,01,/home/data/kevinzhang/research/fractal_analysis/audio_data/billboard/vocals/full_duration/2003_1_50 Cent_In da Club_vocals.mp3,2003_1_50 Cent_In da Club_vocals.mp3,50 Cent,In da Club,pending,,,,,
billboard_2003_02,billboard,2003,02,/home/data/kevinzhang/research/fractal_analysis/audio_data/billboard/vocals/full_duration/2003_2_R. Kelly_Ignition_vocals.mp3,2003_2_R. Kelly_Ignition_vocals.mp3,R. Kelly,Ignition,pending,,,,,
billboard_2003_03,billboard,2003,03,/home/data/kevinzhang/research/fractal_analysis/audio_data/billboard/vocals/full_duration/2003_3_Sean Paul_Get Busy_vocals.mp3,2003_3_Sean Paul_Get Busy_vocals.mp3,Sean Paul,Get Busy,pending,,,,,
billboard_2003_04,billboard,2003,04,/home/data/kevinzhang/research/fractal_analysis/audio_data/billboard/vocals/full_duration/2003_4_Beyonce featuring Jay-Z_Crazy in Love_vocals.mp3,2003_4_Beyonce featuring Jay-Z_Crazy in Love_vocals.mp3,Beyonce featuring Jay-Z,Crazy in Love,pending,,,,,
billboard_2003_05,billboard,2003,05,/home/data/kevinzhang/research/fractal_analysis/audio_data/billboard/vocals/full_duration/2003_5_3 Doors Down_When I'm Gone_vocals.mp3,2003_5_3 Doors Down_When I'm Gone_vocals.mp3,3 Doors Down,When I'm Gone,pending,,,,,
billboard_2004_01,billboard,2004,01,/home/data/kevinzhang/research/fractal_analysis/audio_data/billboard/vocals/full_duration/2004_1_Usher feat. Lil John & Ludacris_Yeah!_vocals.mp3,2004_1_Usher feat. Lil John & Ludacris_Yeah!_vocals.mp3,Usher feat. Lil John & Ludacris,Yeah!,pending,,,,,
billboard_2004_02,billboard,2004,02,/home/data/kevinzhang/research/fractal_analysis/audio_data/billboard/vocals/full_duration/2004_2_Usher_Burn_vocals.mp3,2004_2_Usher_Burn_vocals.mp3,Usher,Burn,pending,,,,,
billboard_2004_03,billboard,2004,03,/home/data/kevinzhang/research/fractal_analysis/audio_data/billboard/vocals/full_duration/2004_3_Alicia Keys_If I Ain't Got You_vocals.mp3,2004_3_Alicia Keys_If I Ain't Got You_vocals.mp3,Alicia Keys,If I Ain't Got You,pending,,,,,
billboard_2004_04,billboard,2004,04,/home/data/kevinzhang/research/fractal_analysis/audio_data/billboard/vocals/full_duration/2004_4_Maroon 5_This Love_vocals.mp3,2004_4_Maroon 5_This Love_vocals.mp3,Maroon 5,This Love,pending,,,,,
billboard_2004_05,billboard,2004,05,/home/data/kevinzhang/research/fractal_analysis/audio_data/billboard/vocals/full_duration/2004_5_OutKast feat. Sleepy Brown_The Way You Move_vocals.mp3,2004_5_OutKast feat. Sleepy Brown_The Way You Move_vocals.mp3,OutKast feat. Sleepy Brown,The Way You Move,pending,,,,,
billboard_2005_01,billboard,2005,01,/home/data/kevinzhang/research/fractal_analysis/audio_data/billboard/vocals/full_duration/2005_1_Mariah Carey_We Belong Together_vocals.mp3,2005_1_Mariah Carey_We Belong Together_vocals.mp3,Mariah Carey,We Belong Together,pending,,,,,
billboard_2005_02,billboard,2005,02,/home/data/kevinzhang/research/fractal_analysis/audio_data/billboard/vocals/full_duration/2005_2_Gwen Stefani_Hollaback Girl_vocals.mp3,2005_2_Gwen Stefani_Hollaback Girl_vocals.mp3,Gwen Stefani,Hollaback Girl,pending,,,,,
billboard_2005_03,billboard,2005,03,/home/data/kevinzhang/research/fractal_analysis/audio_data/billboard/vocals/full_duration/2005_3_Mario_Let Me Love You_vocals.mp3,2005_3_Mario_Let Me Love You_vocals.mp3,Mario,Let Me Love You,pending,,,,,
billboard_2005_04,billboard,2005,04,/home/data/kevinzhang/research/fractal_analysis/audio_data/billboard/vocals/full_duration/2005_4_Kelly Clarkson_Since U Been Gone_vocals.mp3,2005_4_Kelly Clarkson_Since U Been Gone_vocals.mp3,Kelly Clarkson,Since U Been Gone,pending,,,,,
billboard_2005_05,billboard,2005,05,"/home/data/kevinzhang/research/fractal_analysis/audio_data/billboard/vocals/full_duration/2005_5_Ciara feat. Missy Elliot_1, 2 Step_vocals.mp3","2005_5_Ciara feat. Missy Elliot_1, 2 Step_vocals.mp3",Ciara feat. Missy Elliot,"1, 2 Step",pending,,,,,
billboard_2006_01,billboard,2006,01,/home/data/kevinzhang/research/fractal_analysis/audio_data/billboard/vocals/full_duration/2006_1_Daniel Powter_Bad Day_vocals.mp3,2006_1_Daniel Powter_Bad Day_vocals.mp3,Daniel Powter,Bad Day,pending,,,,,
billboard_2006_02,billboard,2006,02,/home/data/kevinzhang/research/fractal_analysis/audio_data/billboard/vocals/full_duration/2006_2_Sean Paul_Temperature_vocals.mp3,2006_2_Sean Paul_Temperature_vocals.mp3,Sean Paul,Temperature,pending,,,,,
billboard_2006_03,billboard,2006,03,/home/data/kevinzhang/research/fractal_analysis/audio_data/billboard/vocals/full_duration/2006_3_Nelly Furtado feat. Timbaland_Promiscuous_vocals.mp3,2006_3_Nelly Furtado feat. Timbaland_Promiscuous_vocals.mp3,Nelly Furtado feat. Timbaland,Promiscuous,pending,,,,,
billboard_2006_04,billboard,2006,04,/home/data/kevinzhang/research/fractal_analysis/audio_data/billboard/vocals/full_duration/2006_4_James Blunt_You're Beautiful_vocals.mp3,2006_4_James Blunt_You're Beautiful_vocals.mp3,James Blunt,You're Beautiful,pending,,,,,
billboard_2006_05,billboard,2006,05,/home/data/kevinzhang/research/fractal_analysis/audio_data/billboard/vocals/full_duration/2006_5_Shakira feat. Wyclef Jean_Hips Don't Lie_vocals.mp3,2006_5_Shakira feat. Wyclef Jean_Hips Don't Lie_vocals.mp3,Shakira feat. Wyclef Jean,Hips Don't Lie,pending,,,,,
billboard_2007_01,billboard,2007,01,/home/data/kevinzhang/research/fractal_analysis/audio_data/billboard/vocals/full_duration/2007_1_Beyonce_Irreplaceable_vocals.mp3,2007_1_Beyonce_Irreplaceable_vocals.mp3,Beyonce,Irreplaceable,pending,,,,,
billboard_2007_02,billboard,2007,02,/home/data/kevinzhang/research/fractal_analysis/audio_data/billboard/vocals/full_duration/2007_2_Rihanna feat. Jay-Z_Umbrella_vocals.mp3,2007_2_Rihanna feat. Jay-Z_Umbrella_vocals.mp3,Rihanna feat. Jay-Z,Umbrella,pending,,,,,
billboard_2007_03,billboard,2007,03,/home/data/kevinzhang/research/fractal_analysis/audio_data/billboard/vocals/full_duration/2007_3_Gwen Stefani feat. Akon_The Sweet Escape_vocals.mp3,2007_3_Gwen Stefani feat. Akon_The Sweet Escape_vocals.mp3,Gwen Stefani feat. Akon,The Sweet Escape,pending,,,,,
billboard_2007_04,billboard,2007,04,/home/data/kevinzhang/research/fractal_analysis/audio_data/billboard/vocals/full_duration/2007_4_Fergie_Big Girls Don't Cry (Personal)_vocals.mp3,2007_4_Fergie_Big Girls Don't Cry (Personal)_vocals.mp3,Fergie,Big Girls Don't Cry (Personal),pending,,,,,
billboard_2007_05,billboard,2007,05,/home/data/kevinzhang/research/fractal_analysis/audio_data/billboard/vocals/full_duration/2007_5_T-Pain feat. Yung Joc_Buy U a Drank (Shawty Snappin')_vocals.mp3,2007_5_T-Pain feat. Yung Joc_Buy U a Drank (Shawty Snappin')_vocals.mp3,T-Pain feat. Yung Joc,Buy U a Drank (Shawty Snappin'),pending,,,,,
billboard_2008_01,billboard,2008,01,/home/data/kevinzhang/research/fractal_analysis/audio_data/billboard/vocals/full_duration/2008_1_Flo Rida feat. T-Pain_Low_vocals.mp3,2008_1_Flo Rida feat. T-Pain_Low_vocals.mp3,Flo Rida feat. T-Pain,Low,pending,,,,,
billboard_2008_02,billboard,2008,02,/home/data/kevinzhang/research/fractal_analysis/audio_data/billboard/vocals/full_duration/2008_2_Leona Lewis_Bleeding Love_vocals.mp3,2008_2_Leona Lewis_Bleeding Love_vocals.mp3,Leona Lewis,Bleeding Love,pending,,,,,
billboard_2008_03,billboard,2008,03,/home/data/kevinzhang/research/fractal_analysis/audio_data/billboard/vocals/full_duration/2008_3_Alicia Keys_No One_vocals.mp3,2008_3_Alicia Keys_No One_vocals.mp3,Alicia Keys,No One,pending,,,,,
billboard_2008_04,billboard,2008,04,/home/data/kevinzhang/research/fractal_analysis/audio_data/billboard/vocals/full_duration/2008_4_Lil Wayne feat. Static Major_Lollipop_vocals.mp3,2008_4_Lil Wayne feat. Static Major_Lollipop_vocals.mp3,Lil Wayne feat. Static Major,Lollipop,pending,,,,,
billboard_2008_05,billboard,2008,05,/home/data/kevinzhang/research/fractal_analysis/audio_data/billboard/vocals/full_duration/2008_5_Timbaland feat. OneRepublic_Apologize_vocals.mp3,2008_5_Timbaland feat. OneRepublic_Apologize_vocals.mp3,Timbaland feat. OneRepublic,Apologize,pending,,,,,
billboard_2009_01,billboard,2009,01,/home/data/kevinzhang/research/fractal_analysis/audio_data/billboard/vocals/full_duration/2009_1_The Black Eyed Peas_Boom Boom Pow_vocals.mp3,2009_1_The Black Eyed Peas_Boom Boom Pow_vocals.mp3,The Black Eyed Peas,Boom Boom Pow,pending,,,,,
billboard_2009_02,billboard,2009,02,/home/data/kevinzhang/research/fractal_analysis/audio_data/billboard/vocals/full_duration/2009_2_Lady Gaga_Poker Face_vocals.mp3,2009_2_Lady Gaga_Poker Face_vocals.mp3,Lady Gaga,Poker Face,pending,,,,,
billboard_2009_03,billboard,2009,03,/home/data/kevinzhang/research/fractal_analysis/audio_data/billboard/vocals/full_duration/2009_3_Lady Gaga feat. Colby O'Donis_Just Dance_vocals.mp3,2009_3_Lady Gaga feat. Colby O'Donis_Just Dance_vocals.mp3,Lady Gaga feat. Colby O'Donis,Just Dance,pending,,,,,
billboard_2009_04,billboard,2009,04,/home/data/kevinzhang/research/fractal_analysis/audio_data/billboard/vocals/full_duration/2009_4_The Black Eyed Peas_I Gotta Feeling_vocals.mp3,2009_4_The Black Eyed Peas_I Gotta Feeling_vocals.mp3,The Black Eyed Peas,I Gotta Feeling,pending,,,,,
billboard_2009_05,billboard,2009,05,/home/data/kevinzhang/research/fractal_analysis/audio_data/billboard/vocals/full_duration/2009_5_Taylor Swift_Love Story_vocals.mp3,2009_5_Taylor Swift_Love Story_vocals.mp3,Taylor Swift,Love Story,pending,,,,,
billboard_2010_01,billboard,2010,01,/home/data/kevinzhang/research/fractal_analysis/audio_data/billboard/vocals/full_duration/2010_1_Kesha_Tik Tok_vocals.mp3,2010_1_Kesha_Tik Tok_vocals.mp3,Kesha,Tik Tok,pending,,,,,
billboard_2010_02,billboard,2010,02,/home/data/kevinzhang/research/fractal_analysis/audio_data/billboard/vocals/full_duration/2010_2_Lady Antebellum_Need You Now_vocals.mp3,2010_2_Lady Antebellum_Need You Now_vocals.mp3,Lady Antebellum,Need You Now,pending,,,,,
billboard_2010_03,billboard,2010,03,"/home/data/kevinzhang/research/fractal_analysis/audio_data/billboard/vocals/full_duration/2010_3_Train_Hey, Soul Sister_vocals.mp3","2010_3_Train_Hey, Soul Sister_vocals.mp3",Train,"Hey, Soul Sister",pending,,,,,
billboard_2010_04,billboard,2010,04,/home/data/kevinzhang/research/fractal_analysis/audio_data/billboard/vocals/full_duration/2010_4_Katy Perry feat. Snoop Dogg_California Gurls_vocals.mp3,2010_4_Katy Perry feat. Snoop Dogg_California Gurls_vocals.mp3,Katy Perry feat. Snoop Dogg,California Gurls,pending,,,,,
billboard_2010_05,billboard,2010,05,/home/data/kevinzhang/research/fractal_analysis/audio_data/billboard/vocals/full_duration/2010_5_Usher feat. will.i.am_OMG_vocals.mp3,2010_5_Usher feat. will.i.am_OMG_vocals.mp3,Usher feat. will.i.am,OMG,pending,,,,,
billboard_2011_01,billboard,2011,01,/home/data/kevinzhang/research/fractal_analysis/audio_data/billboard/vocals/full_duration/2011_1_Adele_Rolling in the Deep_vocals.mp3,2011_1_Adele_Rolling in the Deep_vocals.mp3,Adele,Rolling in the Deep,pending,,,,,
billboard_2011_02,billboard,2011,02,/home/data/kevinzhang/research/fractal_analysis/audio_data/billboard/vocals/full_duration/2011_2_LMFAO feat. Lauren Bennett and GoonRock_Party Rock Anthem_vocals.mp3,2011_2_LMFAO feat. Lauren Bennett and GoonRock_Party Rock Anthem_vocals.mp3,LMFAO feat. Lauren Bennett and GoonRock,Party Rock Anthem,pending,,,,,
billboard_2011_03,billboard,2011,03,/home/data/kevinzhang/research/fractal_analysis/audio_data/billboard/vocals/full_duration/2011_3_Katy Perry_Firework_vocals.mp3,2011_3_Katy Perry_Firework_vocals.mp3,Katy Perry,Firework,pending,,,,,
billboard_2011_04,billboard,2011,04,/home/data/kevinzhang/research/fractal_analysis/audio_data/billboard/vocals/full_duration/2011_4_Katy Perry feat. Kanye West_E.T._vocals.mp3,2011_4_Katy Perry feat. Kanye West_E.T._vocals.mp3,Katy Perry feat. Kanye West,E.T.,pending,,,,,
billboard_2011_05,billboard,2011,05,"/home/data/kevinzhang/research/fractal_analysis/audio_data/billboard/vocals/full_duration/2011_5_Pitbull feat. Ne-Yo, Afrojack and Nayer_Give Me Everything_vocals.mp3","2011_5_Pitbull feat. Ne-Yo, Afrojack and Nayer_Give Me Everything_vocals.mp3","Pitbull feat. Ne-Yo, Afrojack and Nayer",Give Me Everything,pending,,,,,
billboard_2012_01,billboard,2012,01,/home/data/kevinzhang/research/fractal_analysis/audio_data/billboard/vocals/full_duration/2012_1_Gotye feat. Kimbra_Somebody That I Used to Know_vocals.mp3,2012_1_Gotye feat. Kimbra_Somebody That I Used to Know_vocals.mp3,Gotye feat. Kimbra,Somebody That I Used to Know,pending,,,,,
billboard_2012_02,billboard,2012,02,/home/data/kevinzhang/research/fractal_analysis/audio_data/billboard/vocals/full_duration/2012_2_Carly Rae Jepsen_Call Me Maybe_vocals.mp3,2012_2_Carly Rae Jepsen_Call Me Maybe_vocals.mp3,Carly Rae Jepsen,Call Me Maybe,pending,,,,,
billboard_2012_03,billboard,2012,03,/home/data/kevinzhang/research/fractal_analysis/audio_data/billboard/vocals/full_duration/2012_3_Fun feat. Janelle Monae_We Are Young_vocals.mp3,2012_3_Fun feat. Janelle Monae_We Are Young_vocals.mp3,Fun feat. Janelle Monae,We Are Young,pending,,,,,
billboard_2012_04,billboard,2012,04,/home/data/kevinzhang/research/fractal_analysis/audio_data/billboard/vocals/full_duration/2012_4_Maroon 5 feat. Wiz Khalifa_Payphone_vocals.mp3,2012_4_Maroon 5 feat. Wiz Khalifa_Payphone_vocals.mp3,Maroon 5 feat. Wiz Khalifa,Payphone,pending,,,,,
billboard_2012_05,billboard,2012,05,/home/data/kevinzhang/research/fractal_analysis/audio_data/billboard/vocals/full_duration/2012_5_Ellie Goulding_Lights_vocals.mp3,2012_5_Ellie Goulding_Lights_vocals.mp3,Ellie Goulding,Lights,pending,,,,,
billboard_2013_01,billboard,2013,01,/home/data/kevinzhang/research/fractal_analysis/audio_data/billboard/vocals/full_duration/2013_1_Macklemore and Ryan Lewis feat. Wanz_Thrift Shop_vocals.mp3,2013_1_Macklemore and Ryan Lewis feat. Wanz_Thrift Shop_vocals.mp3,Macklemore and Ryan Lewis feat. Wanz,Thrift Shop,pending,,,,,
billboard_2013_02,billboard,2013,02,/home/data/kevinzhang/research/fractal_analysis/audio_data/billboard/vocals/full_duration/2013_2_Robin Thicke feat. TI and Pharrell Williams_Blurred Lines_vocals.mp3,2013_2_Robin Thicke feat. TI and Pharrell Williams_Blurred Lines_vocals.mp3,Robin Thicke feat. TI and Pharrell Williams,Blurred Lines,pending,,,,,
billboard_2013_03,billboard,2013,03,/home/data/kevinzhang/research/fractal_analysis/audio_data/billboard/vocals/full_duration/2013_3_Imagine Dragons_Radioactive_vocals.mp3,2013_3_Imagine Dragons_Radioactive_vocals.mp3,Imagine Dragons,Radioactive,pending,,,,,
billboard_2013_04,billboard,2013,04,/home/data/kevinzhang/research/fractal_analysis/audio_data/billboard/vocals/full_duration/2013_4_Baauer_Harlem Shake_vocals.mp3,2013_4_Baauer_Harlem Shake_vocals.mp3,Baauer,Harlem Shake,pending,,,,,
billboard_2013_05,billboard,2013,05,/home/data/kevinzhang/research/fractal_analysis/audio_data/billboard/vocals/full_duration/2013_5_Macklemore and Ryan Lewis feat. Ray Dalton_Can't Hold Us_vocals.mp3,2013_5_Macklemore and Ryan Lewis feat. Ray Dalton_Can't Hold Us_vocals.mp3,Macklemore and Ryan Lewis feat. Ray Dalton,Can't Hold Us,pending,,,,,
billboard_2014_01,billboard,2014,01,/home/data/kevinzhang/research/fractal_analysis/audio_data/billboard/vocals/full_duration/2014_1_Pharrell Williams_Happy_vocals.mp3,2014_1_Pharrell Williams_Happy_vocals.mp3,Pharrell Williams,Happy,pending,,,,,
billboard_2014_02,billboard,2014,02,/home/data/kevinzhang/research/fractal_analysis/audio_data/billboard/vocals/full_duration/2014_2_Katy Perry and Juicy J_Dark Horse_vocals.mp3,2014_2_Katy Perry and Juicy J_Dark Horse_vocals.mp3,Katy Perry and Juicy J,Dark Horse,pending,,,,,
billboard_2014_03,billboard,2014,03,/home/data/kevinzhang/research/fractal_analysis/audio_data/billboard/vocals/full_duration/2014_3_John Legend_All of Me_vocals.mp3,2014_3_John Legend_All of Me_vocals.mp3,John Legend,All of Me,pending,,,,,
billboard_2014_04,billboard,2014,04,/home/data/kevinzhang/research/fractal_analysis/audio_data/billboard/vocals/full_duration/2014_4_Iggy Azalea feat. Charli XCX_Fancy_vocals.mp3,2014_4_Iggy Azalea feat. Charli XCX_Fancy_vocals.mp3,Iggy Azalea feat. Charli XCX,Fancy,pending,,,,,
billboard_2014_05,billboard,2014,05,/home/data/kevinzhang/research/fractal_analysis/audio_data/billboard/vocals/full_duration/2014_5_OneRepublic_Counting Stars_vocals.mp3,2014_5_OneRepublic_Counting Stars_vocals.mp3,OneRepublic,Counting Stars,pending,,,,,
billboard_2015_01,billboard,2015,01,/home/data/kevinzhang/research/fractal_analysis/audio_data/billboard/vocals/full_duration/2015_1_Mark Ronson feat. Bruno Mars_Uptown Funk_vocals.mp3,2015_1_Mark Ronson feat. Bruno Mars_Uptown Funk_vocals.mp3,Mark Ronson feat. Bruno Mars,Uptown Funk,pending,,,,,
billboard_2015_02,billboard,2015,02,/home/data/kevinzhang/research/fractal_analysis/audio_data/billboard/vocals/full_duration/2015_2_Ed Sheeran_Thinking Out Loud_vocals.mp3,2015_2_Ed Sheeran_Thinking Out Loud_vocals.mp3,Ed Sheeran,Thinking Out Loud,pending,,,,,
billboard_2015_03,billboard,2015,03,/home/data/kevinzhang/research/fractal_analysis/audio_data/billboard/vocals/full_duration/2015_3_Wiz Khalifa feat. Charlie Puth_See You Again_vocals.mp3,2015_3_Wiz Khalifa feat. Charlie Puth_See You Again_vocals.mp3,Wiz Khalifa feat. Charlie Puth,See You Again,pending,,,,,
billboard_2015_04,billboard,2015,04,/home/data/kevinzhang/research/fractal_analysis/audio_data/billboard/vocals/full_duration/2015_4_Fetty Wap_Trap Queen_vocals.mp3,2015_4_Fetty Wap_Trap Queen_vocals.mp3,Fetty Wap,Trap Queen,pending,,,,,
billboard_2015_05,billboard,2015,05,/home/data/kevinzhang/research/fractal_analysis/audio_data/billboard/vocals/full_duration/2015_5_Maroon 5_Sugar_vocals.mp3,2015_5_Maroon 5_Sugar_vocals.mp3,Maroon 5,Sugar,pending,,,,,
billboard_2016_01,billboard,2016,01,/home/data/kevinzhang/research/fractal_analysis/audio_data/billboard/vocals/full_duration/2016_1_Justin Bieber_Love Yourself_vocals.mp3,2016_1_Justin Bieber_Love Yourself_vocals.mp3,Justin Bieber,Love Yourself,pending,,,,,
billboard_2016_02,billboard,2016,02,/home/data/kevinzhang/research/fractal_analysis/audio_data/billboard/vocals/full_duration/2016_2_Justin Bieber_Sorry_vocals.mp3,2016_2_Justin Bieber_Sorry_vocals.mp3,Justin Bieber,Sorry,pending,,,,,
billboard_2016_03,billboard,2016,03,/home/data/kevinzhang/research/fractal_analysis/audio_data/billboard/vocals/full_duration/2016_3_Drake feat. Wizkid and Kyla_One Dance_vocals.mp3,2016_3_Drake feat. Wizkid and Kyla_One Dance_vocals.mp3,Drake feat. Wizkid and Kyla,One Dance,pending,,,,,
billboard_2016_04,billboard,2016,04,/home/data/kevinzhang/research/fractal_analysis/audio_data/billboard/vocals/full_duration/2016_4_Rihanna feat. Drake_Work_vocals.mp3,2016_4_Rihanna feat. Drake_Work_vocals.mp3,Rihanna feat. Drake,Work,pending,,,,,
billboard_2016_05,billboard,2016,05,/home/data/kevinzhang/research/fractal_analysis/audio_data/billboard/vocals/full_duration/2016_5_Twenty One Pilots_Stressed Out_vocals.mp3,2016_5_Twenty One Pilots_Stressed Out_vocals.mp3,Twenty One Pilots,Stressed Out,pending,,,,,
billboard_2017_01,billboard,2017,01,/home/data/kevinzhang/research/fractal_analysis/audio_data/billboard/vocals/full_duration/2017_1_Ed Sheeran_Shape of You_vocals.mp3,2017_1_Ed Sheeran_Shape of You_vocals.mp3,Ed Sheeran,Shape of You,pending,,,,,
billboard_2017_02,billboard,2017,02,/home/data/kevinzhang/research/fractal_analysis/audio_data/billboard/vocals/full_duration/2017_2_Luis Fonsi and Daddy Yankee feat. Justin Bieber_Despacito (Remix)_vocals.mp3,2017_2_Luis Fonsi and Daddy Yankee feat. Justin Bieber_Despacito (Remix)_vocals.mp3,Luis Fonsi and Daddy Yankee feat. Justin Bieber,Despacito (Remix),pending,,,,,
billboard_2017_03,billboard,2017,03,/home/data/kevinzhang/research/fractal_analysis/audio_data/billboard/vocals/full_duration/2017_3_Bruno Mars_That's What I Like_vocals.mp3,2017_3_Bruno Mars_That's What I Like_vocals.mp3,Bruno Mars,That's What I Like,pending,,,,,
billboard_2017_04,billboard,2017,04,/home/data/kevinzhang/research/fractal_analysis/audio_data/billboard/vocals/full_duration/2017_4_Kendrick Lamar_Humble_vocals.mp3,2017_4_Kendrick Lamar_Humble_vocals.mp3,Kendrick Lamar,Humble,pending,,,,,
billboard_2017_05,billboard,2017,05,/home/data/kevinzhang/research/fractal_analysis/audio_data/billboard/vocals/full_duration/2017_5_The Chainsmokers and Coldplay_Something Just Like This_vocals.mp3,2017_5_The Chainsmokers and Coldplay_Something Just Like This_vocals.mp3,The Chainsmokers and Coldplay,Something Just Like This,pending,,,,,
billboard_2018_01,billboard,2018,01,/home/data/kevinzhang/research/fractal_analysis/audio_data/billboard/vocals/full_duration/2018_1_Drake_God's Plan_vocals.mp3,2018_1_Drake_God's Plan_vocals.mp3,Drake,God's Plan,pending,,,,,
billboard_2018_02,billboard,2018,02,/home/data/kevinzhang/research/fractal_analysis/audio_data/billboard/vocals/full_duration/2018_2_Ed Sheeran_Perfect_vocals.mp3,2018_2_Ed Sheeran_Perfect_vocals.mp3,Ed Sheeran,Perfect,pending,,,,,
billboard_2018_03,billboard,2018,03,/home/data/kevinzhang/research/fractal_analysis/audio_data/billboard/vocals/full_duration/2018_3_Bebe Rexha feat. Florida Georgia Line_Meant to Be_vocals.mp3,2018_3_Bebe Rexha feat. Florida Georgia Line_Meant to Be_vocals.mp3,Bebe Rexha feat. Florida Georgia Line,Meant to Be,pending,,,,,
billboard_2018_04,billboard,2018,04,/home/data/kevinzhang/research/fractal_analysis/audio_data/billboard/vocals/full_duration/2018_4_Camila Cabello feat. Young Thug_Havana_vocals.mp3,2018_4_Camila Cabello feat. Young Thug_Havana_vocals.mp3,Camila Cabello feat. Young Thug,Havana,pending,,,,,
billboard_2018_05,billboard,2018,05,/home/data/kevinzhang/research/fractal_analysis/audio_data/billboard/vocals/full_duration/2018_5_Post Malone feat. 21 Savage_rockstar_vocals.mp3,2018_5_Post Malone feat. 21 Savage_rockstar_vocals.mp3,Post Malone feat. 21 Savage,rockstar,pending,,,,,
billboard_2019_01,billboard,2019,01,/home/data/kevinzhang/research/fractal_analysis/audio_data/billboard/vocals/full_duration/2019_1_Lil Nas X feat. Billy Ray Cyrus_Old Town Road - Remix_vocals.mp3,2019_1_Lil Nas X feat. Billy Ray Cyrus_Old Town Road - Remix_vocals.mp3,Lil Nas X feat. Billy Ray Cyrus,Old Town Road - Remix,pending,,,,,
billboard_2019_02,billboard,2019,02,/home/data/kevinzhang/research/fractal_analysis/audio_data/billboard/vocals/full_duration/2019_2_Post Malone and Swae Lee_Sunflower_vocals.mp3,2019_2_Post Malone and Swae Lee_Sunflower_vocals.mp3,Post Malone and Swae Lee,Sunflower,pending,,,,,
billboard_2019_03,billboard,2019,03,/home/data/kevinzhang/research/fractal_analysis/audio_data/billboard/vocals/full_duration/2019_3_Halsey_Without Me_vocals.mp3,2019_3_Halsey_Without Me_vocals.mp3,Halsey,Without Me,pending,,,,,
billboard_2019_04,billboard,2019,04,/home/data/kevinzhang/research/fractal_analysis/audio_data/billboard/vocals/full_duration/2019_4_Billie Eilish_Bad Guy_vocals.mp3,2019_4_Billie Eilish_Bad Guy_vocals.mp3,Billie Eilish,Bad Guy,pending,,,,,
billboard_2019_05,billboard,2019,05,/home/data/kevinzhang/research/fractal_analysis/audio_data/billboard/vocals/full_duration/2019_5_Post Malone_Wow_vocals.mp3,2019_5_Post Malone_Wow_vocals.mp3,Post Malone,Wow,pending,,,,,
billboard_2020_01,billboard,2020,01,/home/data/kevinzhang/research/fractal_analysis/audio_data/billboard/vocals/full_duration/2020_1_The Weeknd_Blinding Lights_vocals.mp3,2020_1_The Weeknd_Blinding Lights_vocals.mp3,The Weeknd,Blinding Lights,pending,,,,,
billboard_2020_02,billboard,2020,02,/home/data/kevinzhang/research/fractal_analysis/audio_data/billboard/vocals/full_duration/2020_2_Post Malone_Circles_vocals.mp3,2020_2_Post Malone_Circles_vocals.mp3,Post Malone,Circles,pending,,,,,
billboard_2020_03,billboard,2020,03,/home/data/kevinzhang/research/fractal_analysis/audio_data/billboard/vocals/full_duration/2020_3_Roddy Ricch_The Box_vocals.mp3,2020_3_Roddy Ricch_The Box_vocals.mp3,Roddy Ricch,The Box,pending,,,,,
billboard_2020_04,billboard,2020,04,/home/data/kevinzhang/research/fractal_analysis/audio_data/billboard/vocals/full_duration/2020_4_Dua Lipa_Don't Start Now_vocals.mp3,2020_4_Dua Lipa_Don't Start Now_vocals.mp3,Dua Lipa,Don't Start Now,pending,,,,,
billboard_2020_05,billboard,2020,05,/home/data/kevinzhang/research/fractal_analysis/audio_data/billboard/vocals/full_duration/2020_5_DaBaby feat. Roddy Ricch_Rockstar_vocals.mp3,2020_5_DaBaby feat. Roddy Ricch_Rockstar_vocals.mp3,DaBaby feat. Roddy Ricch,Rockstar,pending,,,,,
billboard_2021_01,billboard,2021,01,/home/data/kevinzhang/research/fractal_analysis/audio_data/billboard/vocals/full_duration/2021_1_Dua Lipa_Levitating_vocals.mp3,2021_1_Dua Lipa_Levitating_vocals.mp3,Dua Lipa,Levitating,pending,,,,,
billboard_2021_02,billboard,2021,02,/home/data/kevinzhang/research/fractal_analysis/audio_data/billboard/vocals/full_duration/2021_2_The Weeknd and Ariana Grande_Save Your Tears_vocals.mp3,2021_2_The Weeknd and Ariana Grande_Save Your Tears_vocals.mp3,The Weeknd and Ariana Grande,Save Your Tears,pending,,,,,
billboard_2021_03,billboard,2021,03,/home/data/kevinzhang/research/fractal_analysis/audio_data/billboard/vocals/full_duration/2021_3_The Weeknd_Blinding Lights_vocals.mp3,2021_3_The Weeknd_Blinding Lights_vocals.mp3,The Weeknd,Blinding Lights,pending,,,,,
billboard_2021_04,billboard,2021,04,/home/data/kevinzhang/research/fractal_analysis/audio_data/billboard/vocals/full_duration/2021_4_24kGoldn feat. Iann Dior_Mood_vocals.mp3,2021_4_24kGoldn feat. Iann Dior_Mood_vocals.mp3,24kGoldn feat. Iann Dior,Mood,pending,,,,,
billboard_2021_05,billboard,2021,05,/home/data/kevinzhang/research/fractal_analysis/audio_data/billboard/vocals/full_duration/2021_5_Olivia Rodrigo_Good 4 U_vocals.mp3,2021_5_Olivia Rodrigo_Good 4 U_vocals.mp3,Olivia Rodrigo,Good 4 U,pending,,,,,
billboard_2022_01,billboard,2022,01,/home/data/kevinzhang/research/fractal_analysis/audio_data/billboard/vocals/full_duration/2022_1_Glass Animals_Heat Waves_vocals.mp3,2022_1_Glass Animals_Heat Waves_vocals.mp3,Glass Animals,Heat Waves,pending,,,,,
billboard_2022_02,billboard,2022,02,/home/data/kevinzhang/research/fractal_analysis/audio_data/billboard/vocals/full_duration/2022_2_Harry Styles_As It Was_vocals.mp3,2022_2_Harry Styles_As It Was_vocals.mp3,Harry Styles,As It Was,pending,,,,,
billboard_2022_03,billboard,2022,03,/home/data/kevinzhang/research/fractal_analysis/audio_data/billboard/vocals/full_duration/2022_3_Kid Laroi and Justin Bieber_Stay_vocals.mp3,2022_3_Kid Laroi and Justin Bieber_Stay_vocals.mp3,Kid Laroi and Justin Bieber,Stay,pending,,,,,
billboard_2022_04,billboard,2022,04,/home/data/kevinzhang/research/fractal_analysis/audio_data/billboard/vocals/full_duration/2022_4_Adele_Easy On Me_vocals.mp3,2022_4_Adele_Easy On Me_vocals.mp3,Adele,Easy On Me,pending,,,,,
billboard_2022_05,billboard,2022,05,/home/data/kevinzhang/research/fractal_analysis/audio_data/billboard/vocals/full_duration/2022_5_Ed Sheeran_Shivers_vocals.mp3,2022_5_Ed Sheeran_Shivers_vocals.mp3,Ed Sheeran,Shivers,pending,,,,,
billboard_2023_01,billboard,2023,01,/home/data/kevinzhang/research/fractal_analysis/audio_data/billboard/vocals/full_duration/2023_1_Morgan Wallen_Last Night_vocals.mp3,2023_1_Morgan Wallen_Last Night_vocals.mp3,Morgan Wallen,Last Night,pending,,,,,
billboard_2023_02,billboard,2023,02,/home/data/kevinzhang/research/fractal_analysis/audio_data/billboard/vocals/full_duration/2023_2_Miley Cyrus_Flowers_vocals.mp3,2023_2_Miley Cyrus_Flowers_vocals.mp3,Miley Cyrus,Flowers,pending,,,,,
billboard_2023_03,billboard,2023,03,/home/data/kevinzhang/research/fractal_analysis/audio_data/billboard/vocals/full_duration/2023_3_SZA_Kill Bill_vocals.mp3,2023_3_SZA_Kill Bill_vocals.mp3,SZA,Kill Bill,pending,,,,,
billboard_2023_04,billboard,2023,04,/home/data/kevinzhang/research/fractal_analysis/audio_data/billboard/vocals/full_duration/2023_4_Taylor Swift_Anti-Hero_vocals.mp3,2023_4_Taylor Swift_Anti-Hero_vocals.mp3,Taylor Swift,Anti-Hero,pending,,,,,
billboard_2023_05,billboard,2023,05,"/home/data/kevinzhang/research/fractal_analysis/audio_data/billboard/vocals/full_duration/2023_5_Metro Boomin, The Weeknd and 21 Savage_Creepin'_vocals.mp3","2023_5_Metro Boomin, The Weeknd and 21 Savage_Creepin'_vocals.mp3","Metro Boomin, The Weeknd and 21 Savage",Creepin',pending,,,,,
billboard_2024_01,billboard,2024,01,/home/data/kevinzhang/research/fractal_analysis/audio_data/billboard/vocals/full_duration/2024_1_Teddy Swims_Lose Control_vocals.mp3,2024_1_Teddy Swims_Lose Control_vocals.mp3,Teddy Swims,Lose Control,pending,,,,,
billboard_2024_02,billboard,2024,02,/home/data/kevinzhang/research/fractal_analysis/audio_data/billboard/vocals/full_duration/2024_2_Shaboozey_A Bar Song (Tipsy)_vocals.mp3,2024_2_Shaboozey_A Bar Song (Tipsy)_vocals.mp3,Shaboozey,A Bar Song (Tipsy),pending,,,,,
billboard_2024_03,billboard,2024,03,/home/data/kevinzhang/research/fractal_analysis/audio_data/billboard/vocals/full_duration/2024_3_Benson Boone_Beautiful Things_vocals.mp3,2024_3_Benson Boone_Beautiful Things_vocals.mp3,Benson Boone,Beautiful Things,pending,,,,,
billboard_2024_04,billboard,2024,04,/home/data/kevinzhang/research/fractal_analysis/audio_data/billboard/vocals/full_duration/2024_4_Post Malone feat. Morgan Wallen_I Had Some Help_vocals.mp3,2024_4_Post Malone feat. Morgan Wallen_I Had Some Help_vocals.mp3,Post Malone feat. Morgan Wallen,I Had Some Help,pending,,,,,
billboard_2024_05,billboard,2024,05,/home/data/kevinzhang/research/fractal_analysis/audio_data/billboard/vocals/full_duration/2024_5_Jack Harlow_Lovin' On Me_vocals.mp3,2024_5_Jack Harlow_Lovin' On Me_vocals.mp3,Jack Harlow,Lovin' On Me,pending,,,,,
suno_v4_5_1950_01,suno_v4_5,1950,01,/home/data/kevinzhang/research/fractal_analysis/audio_data/suno_v4_5/vocals/batch_1/1950_1_38fa2ceb-b210-4c6c-9c91-40b5bf255495_vocals.mp3,1950_1_38fa2ceb-b210-4c6c-9c91-40b5bf255495_vocals.mp3,Gordon Jenkins & The Weavers,Goodnight Irene,pending,,,,,
suno_v4_5_1950_02,suno_v4_5,1950,02,/home/data/kevinzhang/research/fractal_analysis/audio_data/suno_v4_5/vocals/batch_1/1950_2_16ebda6e-5af5-4bf3-a5ef-65bfb30b7ea9_vocals.mp3,1950_2_16ebda6e-5af5-4bf3-a5ef-65bfb30b7ea9_vocals.mp3,Nat King Cole,Mona Lisa,pending,,,,,
suno_v4_5_1950_03,suno_v4_5,1950,03,/home/data/kevinzhang/research/fractal_analysis/audio_data/suno_v4_5/vocals/batch_1/1950_3_aa7eff4d-63cf-44fd-988c-027c7ab55941_vocals.mp3,1950_3_aa7eff4d-63cf-44fd-988c-027c7ab55941_vocals.mp3,Anton Karas,Third Man Theme,pending,,,,,
suno_v4_5_1950_04,suno_v4_5,1950,04,/home/data/kevinzhang/research/fractal_analysis/audio_data/suno_v4_5/vocals/batch_1/1950_4_09f37e8c-f7de-42ec-bb36-137f07e9c10a_vocals.mp3,1950_4_09f37e8c-f7de-42ec-bb36-137f07e9c10a_vocals.mp3,Gary & Bing Crosby,Sam's Song,pending,,,,,
suno_v4_5_1950_05,suno_v4_5,1950,05,/home/data/kevinzhang/research/fractal_analysis/audio_data/suno_v4_5/vocals/batch_1/1950_5_078c5961-e751-4194-9ecc-75a2558da972_vocals.mp3,1950_5_078c5961-e751-4194-9ecc-75a2558da972_vocals.mp3,Gary & Bing Crosby,Simple Melody,pending,,,,,
suno_v4_5_1951_01,suno_v4_5,1951,01,/home/data/kevinzhang/research/fractal_analysis/audio_data/suno_v4_5/vocals/batch_1/1951_1_3c268d53-7b64-4355-a8c1-4f21ae6c36d1_vocals.mp3,1951_1_3c268d53-7b64-4355-a8c1-4f21ae6c36d1_vocals.mp3,Nat King Cole,Too Young,pending,,,,,
suno_v4_5_1951_02,suno_v4_5,1951,02,/home/data/kevinzhang/research/fractal_analysis/audio_data/suno_v4_5/vocals/batch_1/1951_2_46525c12-edea-4312-9f93-375886da24ae_vocals.mp3,1951_2_46525c12-edea-4312-9f93-375886da24ae_vocals.mp3,Tony Bennett,Because of You,pending,,,,,
suno_v4_5_1951_03,suno_v4_5,1951,03,/home/data/kevinzhang/research/fractal_analysis/audio_data/suno_v4_5/vocals/batch_1/1951_3_df5a0420-c85e-480e-9358-676403392036_vocals.mp3,1951_3_df5a0420-c85e-480e-9358-676403392036_vocals.mp3,Les Paul & Mary Ford,How High the Moon,pending,,,,,
suno_v4_5_1951_04,suno_v4_5,1951,04,/home/data/kevinzhang/research/fractal_analysis/audio_data/suno_v4_5/vocals/batch_1/1951_4_cab4549b-b6b1-4e0d-8818-f806d0e8a2a2_vocals.mp3,1951_4_cab4549b-b6b1-4e0d-8818-f806d0e8a2a2_vocals.mp3,Rosemary Clooney,Come on-a My House,pending,,,,,
suno_v4_5_1951_05,suno_v4_5,1951,05,/home/data/kevinzhang/research/fractal_analysis/audio_data/suno_v4_5/vocals/batch_1/1951_5_7fed4746-8386-4f98-835b-5cba6f198a47_vocals.mp3,1951_5_7fed4746-8386-4f98-835b-5cba6f198a47_vocals.mp3,Mario Lanza,Be My Love,pending,,,,,
suno_v4_5_1952_01,suno_v4_5,1952,01,/home/data/kevinzhang/research/fractal_analysis/audio_data/suno_v4_5/vocals/batch_1/1952_1_c2aa2401-970f-41fa-8619-de4f251d56b8_vocals.mp3,1952_1_c2aa2401-970f-41fa-8619-de4f251d56b8_vocals.mp3,Leroy Anderson,Blue Tango,pending,,,,,
suno_v4_5_1952_02,suno_v4_5,1952,02,/home/data/kevinzhang/research/fractal_analysis/audio_data/suno_v4_5/vocals/batch_1/1952_2_8af5be62-e067-46aa-829b-0926eda2f350_vocals.mp3,1952_2_8af5be62-e067-46aa-829b-0926eda2f350_vocals.mp3,Kay Starr,Wheel of Fortune,pending,,,,,
suno_v4_5_1952_03,suno_v4_5,1952,03,/home/data/kevinzhang/research/fractal_analysis/audio_data/suno_v4_5/vocals/batch_1/1952_3_8c0f425a-05e4-4fc2-8da9-4e648a963450_vocals.mp3,1952_3_8c0f425a-05e4-4fc2-8da9-4e648a963450_vocals.mp3,Johnnie Ray & The Four Lads,Cry,pending,,,,,
suno_v4_5_1952_04,suno_v4_5,1952,04,/home/data/kevinzhang/research/fractal_analysis/audio_data/suno_v4_5/vocals/batch_1/1952_4_cbf0dc42-1d22-423a-91c7-0f0961f8477c_vocals.mp3,1952_4_cbf0dc42-1d22-423a-91c7-0f0961f8477c_vocals.mp3,Jo Stafford,You Belong to Me,pending,,,,,
suno_v4_5_1952_05,suno_v4_5,1952,05,/home/data/kevinzhang/research/fractal_analysis/audio_data/suno_v4_5/vocals/batch_1/1952_5_1afefea5-183f-41b7-aa8d-5c6ecd9df85a_vocals.mp3,1952_5_1afefea5-183f-41b7-aa8d-5c6ecd9df85a_vocals.mp3,Vera Lynn,Auf Wiederseh’n Sweetheart,pending,,,,,
suno_v4_5_1953_01,suno_v4_5,1953,01,/home/data/kevinzhang/research/fractal_analysis/audio_data/suno_v4_5/vocals/batch_1/1953_1_2fa08868-888f-4fe8-922e-47078de5b290_vocals.mp3,1953_1_2fa08868-888f-4fe8-922e-47078de5b290_vocals.mp3,Percy Faith,The Song from Moulin Rouge,pending,,,,,
suno_v4_5_1953_02,suno_v4_5,1953,02,/home/data/kevinzhang/research/fractal_analysis/audio_data/suno_v4_5/vocals/batch_1/1953_2_47c04b12-05f6-49f9-9799-2af1707ed3ef_vocals.mp3,1953_2_47c04b12-05f6-49f9-9799-2af1707ed3ef_vocals.mp3,Les Paul & Mary Ford,Vaya con Dios,pending,,,,,
suno_v4_5_1953_03,suno_v4_5,1953,03,/home/data/kevinzhang/research/fractal_analysis/audio_data/suno_v4_5/vocals/batch_1/1953_3_56c0cf24-e008-409d-8f8f-43b7bce5cc2e_vocals.mp3,1953_3_56c0cf24-e008-409d-8f8f-43b7bce5cc2e_vocals.mp3,Patti Page,(How Much Is) That Doggie in the Window,pending,,,,,
suno_v4_5_1953_04,suno_v4_5,1953,04,/home/data/kevinzhang/research/fractal_analysis/audio_data/suno_v4_5/vocals/batch_1/1953_4_6fcaff12-ee4d-4841-bd4b-85520e98c5f5_vocals.mp3,1953_4_6fcaff12-ee4d-4841-bd4b-85520e98c5f5_vocals.mp3,Eddie Fisher,I'm Walking Behind You,pending,,,,,
suno_v4_5_1953_05,suno_v4_5,1953,05,/home/data/kevinzhang/research/fractal_analysis/audio_data/suno_v4_5/vocals/batch_1/1953_5_94fc6b47-25c2-4f77-83c2-8ca6ccfc0718_vocals.mp3,1953_5_94fc6b47-25c2-4f77-83c2-8ca6ccfc0718_vocals.mp3,Ames Brothers,"You, You, You",pending,,,,,
suno_v4_5_1954_01,suno_v4_5,1954,01,/home/data/kevinzhang/research/fractal_analysis/audio_data/suno_v4_5/vocals/batch_1/1954_1_2fc020eb-6dc9-4dc3-9921-15b728b39e09_vocals.mp3,1954_1_2fc020eb-6dc9-4dc3-9921-15b728b39e09_vocals.mp3,Kitty Kallen,Little Things Mean a Lot,pending,,,,,
suno_v4_5_1954_02,suno_v4_5,1954,02,/home/data/kevinzhang/research/fractal_analysis/audio_data/suno_v4_5/vocals/batch_1/1954_2_6db36038-12a4-431e-aad3-ab10c270c35c_vocals.mp3,1954_2_6db36038-12a4-431e-aad3-ab10c270c35c_vocals.mp3,Perry Como,Wanted,pending,,,,,
suno_v4_5_1954_03,suno_v4_5,1954,03,/home/data/kevinzhang/research/fractal_analysis/audio_data/suno_v4_5/vocals/batch_1/1954_3_5c239d32-438e-4dbc-be8c-ad8facc9e397_vocals.mp3,1954_3_5c239d32-438e-4dbc-be8c-ad8facc9e397_vocals.mp3,Rosemary Clooney,Hey There,pending,,,,,
suno_v4_5_1954_04,suno_v4_5,1954,04,/home/data/kevinzhang/research/fractal_analysis/audio_data/suno_v4_5/vocals/batch_1/1954_4_2f1482de-5aec-46ca-8a46-d82caf872451_vocals.mp3,1954_4_2f1482de-5aec-46ca-8a46-d82caf872451_vocals.mp3,The Crew-Cuts,Sh-Boom,pending,,,,,
suno_v4_5_1954_05,suno_v4_5,1954,05,/home/data/kevinzhang/research/fractal_analysis/audio_data/suno_v4_5/vocals/batch_1/1954_5_709e602f-eacc-4236-a7ee-eb65e9d6b34a_vocals.mp3,1954_5_709e602f-eacc-4236-a7ee-eb65e9d6b34a_vocals.mp3,Jo Stafford,Make Love to Me,pending,,,,,
suno_v4_5_1955_01,suno_v4_5,1955,01,/home/data/kevinzhang/research/fractal_analysis/audio_data/suno_v4_5/vocals/batch_1/1955_1_a6240319-d8a3-4b02-a224-b6c5777232fd_vocals.mp3,1955_1_a6240319-d8a3-4b02-a224-b6c5777232fd_vocals.mp3,Perez Prado,Cherry Pink and Apple Blossom White,pending,,,,,
suno_v4_5_1955_02,suno_v4_5,1955,02,/home/data/kevinzhang/research/fractal_analysis/audio_data/suno_v4_5/vocals/batch_1/1955_2_872ed583-b4ae-4543-87f9-4a604bf2550c_vocals.mp3,1955_2_872ed583-b4ae-4543-87f9-4a604bf2550c_vocals.mp3,Bill Haley & His Comets,Rock Around the Clock,pending,,,,,
suno_v4_5_1955_03,suno_v4_5,1955,03,/home/data/kevinzhang/research/fractal_analysis/audio_data/suno_v4_5/vocals/batch_1/1955_3_f2f44aae-c005-4e47-b872-8c0702a32bb5_vocals.mp3,1955_3_f2f44aae-c005-4e47-b872-8c0702a32bb5_vocals.mp3,Mitch Miller,The Yellow Rose of Texas,pending,,,,,
suno_v4_5_1955_04,suno_v4_5,1955,04,/home/data/kevinzhang/research/fractal_analysis/audio_data/suno_v4_5/vocals/batch_1/1955_4_d99a3907-9eec-44b1-946c-c65be344caa3_vocals.mp3,1955_4_d99a3907-9eec-44b1-946c-c65be344caa3_vocals.mp3,Roger Williams,Autumn Leaves,pending,,,,,
suno_v4_5_1955_05,suno_v4_5,1955,05,/home/data/kevinzhang/research/fractal_analysis/audio_data/suno_v4_5/vocals/batch_1/1955_5_4f9bfba4-2013-4428-b03a-60386be283d0_vocals.mp3,1955_5_4f9bfba4-2013-4428-b03a-60386be283d0_vocals.mp3,Les Baxter,Unchained Melody,pending,,,,,
suno_v4_5_1956_01,suno_v4_5,1956,01,/home/data/kevinzhang/research/fractal_analysis/audio_data/suno_v4_5/vocals/batch_1/1956_1_71a4baa3-7f5b-482c-93ef-403b667bdf36_vocals.mp3,1956_1_71a4baa3-7f5b-482c-93ef-403b667bdf36_vocals.mp3,Elvis Presley,Heartbreak Hotel,pending,,,,,
suno_v4_5_1956_02,suno_v4_5,1956,02,/home/data/kevinzhang/research/fractal_analysis/audio_data/suno_v4_5/vocals/batch_1/1956_2_53e6fa0d-0ac7-4b36-89e5-016a599974b3_vocals.mp3,1956_2_53e6fa0d-0ac7-4b36-89e5-016a599974b3_vocals.mp3,Elvis Presley,Don't Be Cruel,pending,,,,,
suno_v4_5_1956_03,suno_v4_5,1956,03,/home/data/kevinzhang/research/fractal_analysis/audio_data/suno_v4_5/vocals/batch_1/1956_3_3b6056b8-6cfc-4fb2-8d15-2bcede39a464_vocals.mp3,1956_3_3b6056b8-6cfc-4fb2-8d15-2bcede39a464_vocals.mp3,Nelson Riddle,Lisbon Antigua,pending,,,,,
suno_v4_5_1956_04,suno_v4_5,1956,04,/home/data/kevinzhang/research/fractal_analysis/audio_data/suno_v4_5/vocals/batch_1/1956_4_2a3c7422-c53f-4bae-be59-2d02c0b0a224_vocals.mp3,1956_4_2a3c7422-c53f-4bae-be59-2d02c0b0a224_vocals.mp3,The Platters,My Prayer,pending,,,,,
suno_v4_5_1956_05,suno_v4_5,1956,05,/home/data/kevinzhang/research/fractal_analysis/audio_data/suno_v4_5/vocals/batch_1/1956_5_7f56e0a6-d927-474c-9608-ef0dc20ef522_vocals.mp3,1956_5_7f56e0a6-d927-474c-9608-ef0dc20ef522_vocals.mp3,Gogi Grant,The Wayward Wind,pending,,,,,
suno_v4_5_1957_01,suno_v4_5,1957,01,/home/data/kevinzhang/research/fractal_analysis/audio_data/suno_v4_5/vocals/batch_1/1957_1_8f7d2dc3-86cd-43ac-9384-3a4b5d3d224d_vocals.mp3,1957_1_8f7d2dc3-86cd-43ac-9384-3a4b5d3d224d_vocals.mp3,Elvis Presley,All Shook Up,pending,,,,,
suno_v4_5_1957_02,suno_v4_5,1957,02,/home/data/kevinzhang/research/fractal_analysis/audio_data/suno_v4_5/vocals/batch_1/1957_2_140985ec-5eea-4b53-bb8b-46dd9e160913_vocals.mp3,1957_2_140985ec-5eea-4b53-bb8b-46dd9e160913_vocals.mp3,Pat Boone,Love Letters in the Sand,pending,,,,,
suno_v4_5_1957_03,suno_v4_5,1957,03,/home/data/kevinzhang/research/fractal_analysis/audio_data/suno_v4_5/vocals/batch_1/1957_3_a6f693ef-0200-43ec-8e69-841388df3b3e_vocals.mp3,1957_3_a6f693ef-0200-43ec-8e69-841388df3b3e_vocals.mp3,The Diamonds,Little Darlin,pending,,,,,
suno_v4_5_1957_04,suno_v4_5,1957,04,/home/data/kevinzhang/research/fractal_analysis/audio_data/suno_v4_5/vocals/batch_1/1957_4_7b88c455-6c73-4237-a1db-42d776353850_vocals.mp3,1957_4_7b88c455-6c73-4237-a1db-42d776353850_vocals.mp3,Tab Hunter,Young Love,pending,,,,,
suno_v4_5_1957_05,suno_v4_5,1957,05,/home/data/kevinzhang/research/fractal_analysis/audio_data/suno_v4_5/vocals/batch_1/1957_5_4dfa6920-50d4-4d16-8f3b-c5f132304f5e_vocals.mp3,1957_5_4dfa6920-50d4-4d16-8f3b-c5f132304f5e_vocals.mp3,Jimmy Dorsey,So Rare,pending,,,,,
suno_v4_5_1958_01,suno_v4_5,1958,01,/home/data/kevinzhang/research/fractal_analysis/audio_data/suno_v4_5/vocals/batch_1/1958_1_514bce90-06f3-46b6-9903-6483ac244cf9_vocals.mp3,1958_1_514bce90-06f3-46b6-9903-6483ac244cf9_vocals.mp3,Domenico Modugno,Volare (Nel blu dipinto di blu),pending,,,,,
suno_v4_5_1958_02a,suno_v4_5,1958,02a,/home/data/kevinzhang/research/fractal_analysis/audio_data/suno_v4_5/vocals/batch_1/1958_2a_248df169-00dd-406c-9f9a-c08443d9a6f3_vocals.mp3,1958_2a_248df169-00dd-406c-9f9a-c08443d9a6f3_vocals.mp3,The Everly Brothers,All I Have to Do Is Dream,pending,,,,,
suno_v4_5_1958_02b,suno_v4_5,1958,02b,/home/data/kevinzhang/research/fractal_analysis/audio_data/suno_v4_5/vocals/batch_1/1958_2b_550ac148-e269-42fb-b486-19ef6e50ef0d_vocals.mp3,1958_2b_550ac148-e269-42fb-b486-19ef6e50ef0d_vocals.mp3,The Everly Brothers,Claudette,pending,,,,,
suno_v4_5_1958_03a,suno_v4_5,1958,03a,/home/data/kevinzhang/research/fractal_analysis/audio_data/suno_v4_5/vocals/batch_1/1958_3a_58cfec7c-e390-4ec9-80d6-7aa3ebbcf672_vocals.mp3,1958_3a_58cfec7c-e390-4ec9-80d6-7aa3ebbcf672_vocals.mp3,Elvis Presley,Don't,pending,,,,,
suno_v4_5_1958_03b,suno_v4_5,1958,03b,/home/data/kevinzhang/research/fractal_analysis/audio_data/suno_v4_5/vocals/batch_1/1958_3b_3b1b6bd2-a46e-47d8-8abf-50203cf87dd8_vocals.mp3,1958_3b_3b1b6bd2-a46e-47d8-8abf-50203cf87dd8_vocals.mp3,Elvis Presley,I Beg of You,pending,,,,,
suno_v4_5_1958_04,suno_v4_5,1958,04,/home/data/kevinzhang/research/fractal_analysis/audio_data/suno_v4_5/vocals/batch_1/1958_4_3002e8fe-3eda-4cc4-b07f-514a0f70d5fd_vocals.mp3,1958_4_3002e8fe-3eda-4cc4-b07f-514a0f70d5fd_vocals.mp3,David Seville,Witch Doctor,pending,,,,,
suno_v4_5_1958_05,suno_v4_5,1958,05,/home/data/kevinzhang/research/fractal_analysis/audio_data/suno_v4_5/vocals/batch_1/1958_5_0b54c7cd-9ca8-4580-adc8-92687088ec9a_vocals.mp3,1958_5_0b54c7cd-9ca8-4580-adc8-92687088ec9a_vocals.mp3,Perez Prado,Patricia,pending,,,,,
suno_v4_5_1959_01,suno_v4_5,1959,01,/home/data/kevinzhang/research/fractal_analysis/audio_data/suno_v4_5/vocals/batch_1/1959_1_0ac9df39-5411-400c-89ff-929c8091d8ce_vocals.mp3,1959_1_0ac9df39-5411-400c-89ff-929c8091d8ce_vocals.mp3,Johnny Horton,The Battle of New Orleans,pending,,,,,
suno_v4_5_1959_02,suno_v4_5,1959,02,/home/data/kevinzhang/research/fractal_analysis/audio_data/suno_v4_5/vocals/batch_1/1959_2_2affdaff-2af9-4699-bd86-5f6ca5b911de_vocals.mp3,1959_2_2affdaff-2af9-4699-bd86-5f6ca5b911de_vocals.mp3,Bobby Darin,Mack the Knife,pending,,,,,
suno_v4_5_1959_03,suno_v4_5,1959,03,/home/data/kevinzhang/research/fractal_analysis/audio_data/suno_v4_5/vocals/batch_1/1959_3_94f8595a-c6a3-40bb-bcfb-6693096ca764_vocals.mp3,1959_3_94f8595a-c6a3-40bb-bcfb-6693096ca764_vocals.mp3,Lloyd Price,Personality,pending,,,,,
suno_v4_5_1959_04,suno_v4_5,1959,04,/home/data/kevinzhang/research/fractal_analysis/audio_data/suno_v4_5/vocals/batch_1/1959_4_57475b64-a16a-4349-8d42-362a51376fb8_vocals.mp3,1959_4_57475b64-a16a-4349-8d42-362a51376fb8_vocals.mp3,Frankie Avalon,Venus,pending,,,,,
suno_v4_5_1959_05,suno_v4_5,1959,05,/home/data/kevinzhang/research/fractal_analysis/audio_data/suno_v4_5/vocals/batch_1/1959_5_4aa1124c-b067-4862-860f-1fe3e7809334_vocals.mp3,1959_5_4aa1124c-b067-4862-860f-1fe3e7809334_vocals.mp3,Paul Anka,Lonely Boy,pending,,,,,
suno_v4_5_1960_01,suno_v4_5,1960,01,/home/data/kevinzhang/research/fractal_analysis/audio_data/suno_v4_5/vocals/batch_1/1960_1_3a0204ea-9035-45b2-a184-88299ec68a6b_vocals.mp3,1960_1_3a0204ea-9035-45b2-a184-88299ec68a6b_vocals.mp3,Percy Faith,The Theme from 'A Summer Place',pending,,,,,
suno_v4_5_1960_02,suno_v4_5,1960,02,/home/data/kevinzhang/research/fractal_analysis/audio_data/suno_v4_5/vocals/batch_1/1960_2_e32dc09b-a8a8-4980-82f2-08d309281673_vocals.mp3,1960_2_e32dc09b-a8a8-4980-82f2-08d309281673_vocals.mp3,Jim Reeves,He'll Have to Go,pending,,,,,
suno_v4_5_1960_03,suno_v4_5,1960,03,/home/data/kevinzhang/research/fractal_analysis/audio_data/suno_v4_5/vocals/batch_1/1960_3_625a7f1f-98ab-4be6-88a8-fea5e68fea67_vocals.mp3,1960_3_625a7f1f-98ab-4be6-88a8-fea5e68fea67_vocals.mp3,The Everly Brothers,Cathy's Clown,pending,,,,,
suno_v4_5_1960_04,suno_v4_5,1960,04,/home/data/kevinzhang/research/fractal_analysis/audio_data/suno_v4_5/vocals/batch_1/1960_4_11c80f52-5efe-4f84-bf5f-69a9c35ec12a_vocals.mp3,1960_4_11c80f52-5efe-4f84-bf5f-69a9c35ec12a_vocals.mp3,Johnny Preston,Running Bear,pending,,,,,
suno_v4_5_1960_05,suno_v4_5,1960,05,/home/data/kevinzhang/research/fractal_analysis/audio_data/suno_v4_5/vocals/batch_1/1960_5_0b46107c-f6fd-4842-b55b-8ae1fa8dc5fb_vocals.mp3,1960_5_0b46107c-f6fd-4842-b55b-8ae1fa8dc5fb_vocals.mp3,Mark Dinning,Teen Angel,pending,,,,,
suno_v4_5_1961_01,suno_v4_5,1961,01,/home/data/kevinzhang/research/fractal_analysis/audio_data/suno_v4_5/vocals/batch_1/1961_1_76831d9f-5567-4c0a-8d9b-8bc77b3c2598_vocals.mp3,1961_1_76831d9f-5567-4c0a-8d9b-8bc77b3c2598_vocals.mp3,Bobby Lewis,Tossin' and Turnin',pending,,,,,
suno_v4_5_1961_02,suno_v4_5,1961,02,/home/data/kevinzhang/research/fractal_analysis/audio_data/suno_v4_5/vocals/batch_1/1961_2_d5291a00-e0a4-4368-9441-3a28e8704b3a_vocals.mp3,1961_2_d5291a00-e0a4-4368-9441-3a28e8704b3a_vocals.mp3,Patsy Cline and The Jordanaires,I Fall to Pieces,pending,,,,,
suno_v4_5_1961_03,suno_v4_5,1961,03,/home/data/kevinzhang/research/fractal_analysis/audio_data/suno_v4_5/vocals/batch_1/1961_3_5717b8be-0b74-48f1-83ce-c39942c63e01_vocals.mp3,1961_3_5717b8be-0b74-48f1-83ce-c39942c63e01_vocals.mp3,The Highwaymen,Michael (Row the Boat Ashore),pending,,,,,
suno_v4_5_1961_04,suno_v4_5,1961,04,/home/data/kevinzhang/research/fractal_analysis/audio_data/suno_v4_5/vocals/batch_1/1961_4_82863157-18fe-4a29-8324-0a3357cbd963_vocals.mp3,1961_4_82863157-18fe-4a29-8324-0a3357cbd963_vocals.mp3,Roy Orbison,Crying,pending,,,,,
suno_v4_5_1961_05,suno_v4_5,1961,05,/home/data/kevinzhang/research/fractal_analysis/audio_data/suno_v4_5/vocals/batch_1/1961_5_9f270712-766f-4277-bd77-2b23e754806f_vocals.mp3,1961_5_9f270712-766f-4277-bd77-2b23e754806f_vocals.mp3,Del Shannon,Runaway,pending,,,,,
suno_v4_5_1962_01,suno_v4_5,1962,01,/home/data/kevinzhang/research/fractal_analysis/audio_data/suno_v4_5/vocals/batch_1/1962_1_07de3ffd-dbd0-441b-ad59-00f326a2191a_vocals.mp3,1962_1_07de3ffd-dbd0-441b-ad59-00f326a2191a_vocals.mp3,Acker Bilk,Stranger on the Shore,pending,,,,,
suno_v4_5_1962_02,suno_v4_5,1962,02,/home/data/kevinzhang/research/fractal_analysis/audio_data/suno_v4_5/vocals/batch_1/1962_2_0114c852-cca6-4b07-a2b2-fa21442cbd21_vocals.mp3,1962_2_0114c852-cca6-4b07-a2b2-fa21442cbd21_vocals.mp3,Ray Charles,I Can't Stop Loving You,pending,,,,,
suno_v4_5_1962_03,suno_v4_5,1962,03,/home/data/kevinzhang/research/fractal_analysis/audio_data/suno_v4_5/vocals/batch_1/1962_3_00be4d25-1354-476e-84e2-50c7330e85de_vocals.mp3,1962_3_00be4d25-1354-476e-84e2-50c7330e85de_vocals.mp3,Dee Dee Sharp,Mashed Potato Time,pending,,,,,
suno_v4_5_1962_04,suno_v4_5,1962,04,/home/data/kevinzhang/research/fractal_analysis/audio_data/suno_v4_5/vocals/batch_1/1962_4_a5a06e15-0529-4653-9b8b-fdc8f92308c0_vocals.mp3,1962_4_a5a06e15-0529-4653-9b8b-fdc8f92308c0_vocals.mp3,Bobby Vinton,Roses Are Red (My Love),pending,,,,,
suno_v4_5_1962_05,suno_v4_5,1962,05,/home/data/kevinzhang/research/fractal_analysis/audio_data/suno_v4_5/vocals/batch_1/1962_5_6c939f70-9859-486a-bf5d-81faa11e921d_vocals.mp3,1962_5_6c939f70-9859-486a-bf5d-81faa11e921d_vocals.mp3,David Rose,The Stripper,pending,,,,,
suno_v4_5_1963_01,suno_v4_5,1963,01,/home/data/kevinzhang/research/fractal_analysis/audio_data/suno_v4_5/vocals/batch_1/1963_1_8af888e9-aa72-4c18-9c18-4b95d6e65749_vocals.mp3,1963_1_8af888e9-aa72-4c18-9c18-4b95d6e65749_vocals.mp3,The Beach Boys,Surfin' USA,pending,,,,,
suno_v4_5_1963_02,suno_v4_5,1963,02,/home/data/kevinzhang/research/fractal_analysis/audio_data/suno_v4_5/vocals/batch_1/1963_2_4b2f29a8-b27c-4cb4-970b-223722659985_vocals.mp3,1963_2_4b2f29a8-b27c-4cb4-970b-223722659985_vocals.mp3,Skeeter Davis,The End of the World,pending,,,,,
suno_v4_5_1963_03,suno_v4_5,1963,03,/home/data/kevinzhang/research/fractal_analysis/audio_data/suno_v4_5/vocals/batch_1/1963_3_aa2f4f6c-5d53-4442-a084-aed26defc8a9_vocals.mp3,1963_3_aa2f4f6c-5d53-4442-a084-aed26defc8a9_vocals.mp3,The Cascades,Rhythm of the Rain,pending,,,,,
suno_v4_5_1963_04,suno_v4_5,1963,04,/home/data/kevinzhang/research/fractal_analysis/audio_data/suno_v4_5/vocals/batch_1/1963_4_274d6dbf-bc75-4239-ab84-e2747a0821ab_vocals.mp3,1963_4_274d6dbf-bc75-4239-ab84-e2747a0821ab_vocals.mp3,The Chiffons,He's So Fine,pending,,,,,
suno_v4_5_1963_05,suno_v4_5,1963,05,/home/data/kevinzhang/research/fractal_analysis/audio_data/suno_v4_5/vocals/batch_1/1963_5_3b18c80b-c838-4c6d-999f-8c76f67e570e_vocals.mp3,1963_5_3b18c80b-c838-4c6d-999f-8c76f67e570e_vocals.mp3,Bobby Vinton,Blue Velvet,pending,,,,,
suno_v4_5_1964_01,suno_v4_5,1964,01,/home/data/kevinzhang/research/fractal_analysis/audio_data/suno_v4_5/vocals/batch_1/1964_1_2259ac98-0878-4639-a66b-d5d7482a8638_vocals.mp3,1964_1_2259ac98-0878-4639-a66b-d5d7482a8638_vocals.mp3,The Beatles,I Want to Hold Your Hand,pending,,,,,
suno_v4_5_1964_02,suno_v4_5,1964,02,/home/data/kevinzhang/research/fractal_analysis/audio_data/suno_v4_5/vocals/batch_1/1964_2_9f7ba761-1a78-44db-8e23-9b8a9fe0d4f0_vocals.mp3,1964_2_9f7ba761-1a78-44db-8e23-9b8a9fe0d4f0_vocals.mp3,The Beatles,She Loves You,pending,,,,,
suno_v4_5_1964_03,suno_v4_5,1964,03,/home/data/kevinzhang/research/fractal_analysis/audio_data/suno_v4_5/vocals/batch_1/1964_3_380dee14-5dce-4974-818d-3b478afe6c19_vocals.mp3,1964_3_380dee14-5dce-4974-818d-3b478afe6c19_vocals.mp3,Louis Armstrong,"Hello, Dolly!",pending,,,,,
suno_v4_5_1964_04,suno_v4_5,1964,04,/home/data/kevinzhang/research/fractal_analysis/audio_data/suno_v4_5/vocals/batch_1/1964_4_1919108b-f0ea-4d9a-91a5-b9a7e403337a_vocals.mp3,1964_4_1919108b-f0ea-4d9a-91a5-b9a7e403337a_vocals.mp3,Roy Orbison,"Oh, Pretty Woman",pending,,,,,
suno_v4_5_1964_05,suno_v4_5,1964,05,/home/data/kevinzhang/research/fractal_analysis/audio_data/suno_v4_5/vocals/batch_1/1964_5_0efd41ac-268d-4d63-91e3-b9511637f145_vocals.mp3,1964_5_0efd41ac-268d-4d63-91e3-b9511637f145_vocals.mp3,The Beach Boys,I Get Around,pending,,,,,
suno_v4_5_1965_01,suno_v4_5,1965,01,/home/data/kevinzhang/research/fractal_analysis/audio_data/suno_v4_5/vocals/batch_1/1965_1_548940e1-e012-425b-87bd-221cd806bd16_vocals.mp3,1965_1_548940e1-e012-425b-87bd-221cd806bd16_vocals.mp3,Sam the Sham and the Pharaohs,Wooly Bully,pending,,,,,
suno_v4_5_1965_02,suno_v4_5,1965,02,/home/data/kevinzhang/research/fractal_analysis/audio_data/suno_v4_5/vocals/batch_1/1965_2_5132107b-4538-43a0-86f4-57a2fdd6b19e_vocals.mp3,1965_2_5132107b-4538-43a0-86f4-57a2fdd6b19e_vocals.mp3,Four Tops,I Can't Help Myself (Sugar Pie Honey Bunch),pending,,,,,
suno_v4_5_1965_03,suno_v4_5,1965,03,/home/data/kevinzhang/research/fractal_analysis/audio_data/suno_v4_5/vocals/batch_1/1965_3_6df3d851-7fa9-44cc-a97f-7097d668ca98_vocals.mp3,1965_3_6df3d851-7fa9-44cc-a97f-7097d668ca98_vocals.mp3,The Rolling Stones,(I Can't Get No) Satisfaction,pending,,,,,
suno_v4_5_1965_04,suno_v4_5,1965,04,/home/data/kevinzhang/research/fractal_analysis/audio_data/suno_v4_5/vocals/batch_1/1965_4_c4db08fe-61e5-4abf-9809-82fd9997956e_vocals.mp3,1965_4_c4db08fe-61e5-4abf-9809-82fd9997956e_vocals.mp3,We Five,You Were On My Mind,pending,,,,,
suno_v4_5_1965_05,suno_v4_5,1965,05,/home/data/kevinzhang/research/fractal_analysis/audio_data/suno_v4_5/vocals/batch_1/1965_5_3b1f5cf4-d8e3-4050-9cd3-98b1faab5015_vocals.mp3,1965_5_3b1f5cf4-d8e3-4050-9cd3-98b1faab5015_vocals.mp3,The Righteous Brothers,You've Lost That Lovin' Feelin',pending,,,,,
suno_v4_5_1966_01,suno_v4_5,1966,01,/home/data/kevinzhang/research/fractal_analysis/audio_data/suno_v4_5/vocals/batch_1/1966_1_13124c9c-9cc4-49dc-a8a6-a41d5672289b_vocals.mp3,1966_1_13124c9c-9cc4-49dc-a8a6-a41d5672289b_vocals.mp3,The Mamas & The Papas,California Dreamin',pending,,,,,
suno_v4_5_1966_02,suno_v4_5,1966,02,/home/data/kevinzhang/research/fractal_analysis/audio_data/suno_v4_5/vocals/batch_1/1966_2_3998da19-b0b7-4148-b621-60fd338a69b1_vocals.mp3,1966_2_3998da19-b0b7-4148-b621-60fd338a69b1_vocals.mp3,? and the Mysterians,96 Tears,pending,,,,,
suno_v4_5_1966_03,suno_v4_5,1966,03,/home/data/kevinzhang/research/fractal_analysis/audio_data/suno_v4_5/vocals/batch_1/1966_3_2abe8ea1-2284-4b9f-b02b-ac765f8571b9_vocals.mp3,1966_3_2abe8ea1-2284-4b9f-b02b-ac765f8571b9_vocals.mp3,Jimmy Ruffin,What Becomes Of The Brokenhearted,pending,,,,,
suno_v4_5_1966_04,suno_v4_5,1966,04,/home/data/kevinzhang/research/fractal_analysis/audio_data/suno_v4_5/vocals/batch_1/1966_4_cb189a24-4baa-4b05-8343-06b21a8e494a_vocals.mp3,1966_4_cb189a24-4baa-4b05-8343-06b21a8e494a_vocals.mp3,The Monkees,Last Train to Clarksville,pending,,,,,
suno_v4_5_1966_05,suno_v4_5,1966,05,/home/data/kevinzhang/research/fractal_analysis/audio_data/suno_v4_5/vocals/batch_1/1966_5_49e4e8e8-5186-4413-b0b2-598f60f0c4a2_vocals.mp3,1966_5_49e4e8e8-5186-4413-b0b2-598f60f0c4a2_vocals.mp3,Four Tops,Reach Out I'll Be There,pending,,,,,
suno_v4_5_1967_01,suno_v4_5,1967,01,/home/data/kevinzhang/research/fractal_analysis/audio_data/suno_v4_5/vocals/batch_1/1967_1_35ba81ab-9a9d-47c9-a6c8-500eb41bfe93_vocals.mp3,1967_1_35ba81ab-9a9d-47c9-a6c8-500eb41bfe93_vocals.mp3,Lulu,To Sir With Love,pending,,,,,
suno_v4_5_1967_02,suno_v4_5,1967,02,/home/data/kevinzhang/research/fractal_analysis/audio_data/suno_v4_5/vocals/batch_1/1967_2_62337e44-cd52-4e86-80a7-817dc5118e2b_vocals.mp3,1967_2_62337e44-cd52-4e86-80a7-817dc5118e2b_vocals.mp3,The Box Tops,The Letter,pending,,,,,
suno_v4_5_1967_03,suno_v4_5,1967,03,/home/data/kevinzhang/research/fractal_analysis/audio_data/suno_v4_5/vocals/batch_1/1967_3_948ad1a5-5b95-4125-a34a-27f37f8e4c75_vocals.mp3,1967_3_948ad1a5-5b95-4125-a34a-27f37f8e4c75_vocals.mp3,Bobbie Gentry,Ode to Billie Joe,pending,,,,,
suno_v4_5_1967_04,suno_v4_5,1967,04,/home/data/kevinzhang/research/fractal_analysis/audio_data/suno_v4_5/vocals/batch_1/1967_4_3fd513a8-7f4f-4971-ab61-6a588e80e012_vocals.mp3,1967_4_3fd513a8-7f4f-4971-ab61-6a588e80e012_vocals.mp3,The Association,Windy,pending,,,,,
suno_v4_5_1967_05,suno_v4_5,1967,05,/home/data/kevinzhang/research/fractal_analysis/audio_data/suno_v4_5/vocals/batch_1/1967_5_2a35a9fa-5adb-4cfd-a8d4-8e8775ce7d6b_vocals.mp3,1967_5_2a35a9fa-5adb-4cfd-a8d4-8e8775ce7d6b_vocals.mp3,The Monkees,I'm a Believer,pending,,,,,
suno_v4_5_1968_01,suno_v4_5,1968,01,/home/data/kevinzhang/research/fractal_analysis/audio_data/suno_v4_5/vocals/batch_1/1968_1_23221a1e-3d29-4def-bc72-2dabff5052c0_vocals.mp3,1968_1_23221a1e-3d29-4def-bc72-2dabff5052c0_vocals.mp3,The Beatles,Hey Jude,pending,,,,,
suno_v4_5_1968_02,suno_v4_5,1968,02,/home/data/kevinzhang/research/fractal_analysis/audio_data/suno_v4_5/vocals/batch_1/1968_2_c6cad870-5da3-4a10-b119-9ae4da5d552a_vocals.mp3,1968_2_c6cad870-5da3-4a10-b119-9ae4da5d552a_vocals.mp3,Paul Mauriat,Love is Blue,pending,,,,,
suno_v4_5_1968_03,suno_v4_5,1968,03,/home/data/kevinzhang/research/fractal_analysis/audio_data/suno_v4_5/vocals/batch_1/1968_3_ac3581bc-773b-4b0f-b871-769ce2b7dba0_vocals.mp3,1968_3_ac3581bc-773b-4b0f-b871-769ce2b7dba0_vocals.mp3,Bobby Goldsboro,Honey,pending,,,,,
suno_v4_5_1968_04,suno_v4_5,1968,04,/home/data/kevinzhang/research/fractal_analysis/audio_data/suno_v4_5/vocals/batch_1/1968_4_5e74eac7-5eb0-4f60-8a47-6715c1d4c765_vocals.mp3,1968_4_5e74eac7-5eb0-4f60-8a47-6715c1d4c765_vocals.mp3,Otis Redding,(Sittin' On) The Dock of the Bay,pending,,,,,
suno_v4_5_1968_05,suno_v4_5,1968,05,/home/data/kevinzhang/research/fractal_analysis/audio_data/suno_v4_5/vocals/batch_1/1968_5_5ea7ab08-0b53-41f9-8d18-14dac9e6b298_vocals.mp3,1968_5_5ea7ab08-0b53-41f9-8d18-14dac9e6b298_vocals.mp3,The Rascals,People Got to Be Free,pending,,,,,
suno_v4_5_1969_01,suno_v4_5,1969,01,/home/data/kevinzhang/research/fractal_analysis/audio_data/suno_v4_5/vocals/batch_1/1969_1_23795450-a17d-4322-b766-3dc5842c4eca_vocals.mp3,1969_1_23795450-a17d-4322-b766-3dc5842c4eca_vocals.mp3,The Archies,"Sugar, Sugar",pending,,,,,
suno_v4_5_1969_02,suno_v4_5,1969,02,/home/data/kevinzhang/research/fractal_analysis/audio_data/suno_v4_5/vocals/batch_1/1969_2_5de1b63b-31bf-4353-af8b-cdd4e4edb4ff_vocals.mp3,1969_2_5de1b63b-31bf-4353-af8b-cdd4e4edb4ff_vocals.mp3,The 5th Dimension,Aquarius/Let the Sunshine In (The Flesh Failures),pending,,,,,
suno_v4_5_1969_03,suno_v4_5,1969,03,/home/data/kevinzhang/research/fractal_analysis/audio_data/suno_v4_5/vocals/batch_1/1969_3_20dfffcb-7bf1-4c89-87c0-4b6d8bf5e539_vocals.mp3,1969_3_20dfffcb-7bf1-4c89-87c0-4b6d8bf5e539_vocals.mp3,The Temptations,I Can't Get Next to You,pending,,,,,
suno_v4_5_1969_04,suno_v4_5,1969,04,/home/data/kevinzhang/research/fractal_analysis/audio_data/suno_v4_5/vocals/batch_1/1969_4_1868834b-98c1-40dc-b1a6-e2e1630c989a_vocals.mp3,1969_4_1868834b-98c1-40dc-b1a6-e2e1630c989a_vocals.mp3,The Rolling Stones,Honky Tonk Women,pending,,,,,
suno_v4_5_1969_05,suno_v4_5,1969,05,/home/data/kevinzhang/research/fractal_analysis/audio_data/suno_v4_5/vocals/batch_1/1969_5_5a4019d2-71da-40b8-9c69-757080087379_vocals.mp3,1969_5_5a4019d2-71da-40b8-9c69-757080087379_vocals.mp3,Sly and the Family Stone,Everyday People,pending,,,,,
suno_v4_5_1970_01,suno_v4_5,1970,01,/home/data/kevinzhang/research/fractal_analysis/audio_data/suno_v4_5/vocals/batch_1/1970_1_ea6b0d5a-07da-41d6-82ae-a898c6db96ff_vocals.mp3,1970_1_ea6b0d5a-07da-41d6-82ae-a898c6db96ff_vocals.mp3,Simon and Garfunkel,Bridge Over Troubled Water,pending,,,,,
suno_v4_5_1970_02,suno_v4_5,1970,02,/home/data/kevinzhang/research/fractal_analysis/audio_data/suno_v4_5/vocals/batch_1/1970_2_08797dad-f38e-40cd-807b-658b5ed003bd_vocals.mp3,1970_2_08797dad-f38e-40cd-807b-658b5ed003bd_vocals.mp3,The Carpenters,(They Long To Be) Close To You,pending,,,,,
suno_v4_5_1970_03,suno_v4_5,1970,03,/home/data/kevinzhang/research/fractal_analysis/audio_data/suno_v4_5/vocals/batch_1/1970_3_743434c8-2007-4fcc-af1e-a176a5f1c5e5_vocals.mp3,1970_3_743434c8-2007-4fcc-af1e-a176a5f1c5e5_vocals.mp3,The Guess Who,American Woman,pending,,,,,
suno_v4_5_1970_04,suno_v4_5,1970,04,/home/data/kevinzhang/research/fractal_analysis/audio_data/suno_v4_5/vocals/batch_1/1970_4_5aa224a1-3358-45a7-8014-b5d750d4a3b7_vocals.mp3,1970_4_5aa224a1-3358-45a7-8014-b5d750d4a3b7_vocals.mp3,B.J. Thomas,Raindrops Keep Fallin' on My Head,pending,,,,,
suno_v4_5_1970_05,suno_v4_5,1970,05,/home/data/kevinzhang/research/fractal_analysis/audio_data/suno_v4_5/vocals/batch_1/1970_5_1cf89559-1a45-402a-b73d-1867df60383d_vocals.mp3,1970_5_1cf89559-1a45-402a-b73d-1867df60383d_vocals.mp3,Edwin Starr,War,pending,,,,,
suno_v4_5_1971_01,suno_v4_5,1971,01,/home/data/kevinzhang/research/fractal_analysis/audio_data/suno_v4_5/vocals/batch_1/1971_1_5851af61-b726-4224-bca8-cd9b7bca30d5_vocals.mp3,1971_1_5851af61-b726-4224-bca8-cd9b7bca30d5_vocals.mp3,Three Dog Night,Joy To The World,pending,,,,,
suno_v4_5_1971_02a,suno_v4_5,1971,02a,/home/data/kevinzhang/research/fractal_analysis/audio_data/suno_v4_5/vocals/batch_1/1971_2a_16773111-4bc0-46a5-84c3-22116b9e64b2_vocals.mp3,1971_2a_16773111-4bc0-46a5-84c3-22116b9e64b2_vocals.mp3,Rod Stewart,Maggie May,pending,,,,,
suno_v4_5_1971_02b,suno_v4_5,1971,02b,/home/data/kevinzhang/research/fractal_analysis/audio_data/suno_v4_5/vocals/batch_1/1971_2b_c773b5f2-e47b-4cf6-995a-d1aa2bbe54fc_vocals.mp3,1971_2b_c773b5f2-e47b-4cf6-995a-d1aa2bbe54fc_vocals.mp3,Rod Stewart,Reason to Believe,pending,,,,,
suno_v4_5_1971_03a,suno_v4_5,1971,03a,/home/data/kevinzhang/research/fractal_analysis/audio_data/suno_v4_5/vocals/batch_1/1971_3a_1c56dd40-32da-423f-9ac9-22cf3c565637_vocals.mp3,1971_3a_1c56dd40-32da-423f-9ac9-22cf3c565637_vocals.mp3,Carole King,I Feel the Earth Move,pending,,,,,
suno_v4_5_1971_03b,suno_v4_5,1971,03b,/home/data/kevinzhang/research/fractal_analysis/audio_data/suno_v4_5/vocals/batch_1/1971_3b_4b3c3651-b364-4cf0-aa4f-3749737f7b65_vocals.mp3,1971_3b_4b3c3651-b364-4cf0-aa4f-3749737f7b65_vocals.mp3,Carole King,It's Too Late,pending,,,,,
suno_v4_5_1971_04,suno_v4_5,1971,04,/home/data/kevinzhang/research/fractal_analysis/audio_data/suno_v4_5/vocals/batch_1/1971_4_71b28a27-0365-40ac-9028-7e572ef34e49_vocals.mp3,1971_4_71b28a27-0365-40ac-9028-7e572ef34e49_vocals.mp3,The Osmonds,One Bad Apple,pending,,,,,
suno_v4_5_1971_05,suno_v4_5,1971,05,/home/data/kevinzhang/research/fractal_analysis/audio_data/suno_v4_5/vocals/batch_1/1971_5_45dae5ed-407a-4c31-ae72-7d05596706ed_vocals.mp3,1971_5_45dae5ed-407a-4c31-ae72-7d05596706ed_vocals.mp3,Bee Gees,How Can You Mend a Broken Heart,pending,,,,,
suno_v4_5_1972_01,suno_v4_5,1972,01,/home/data/kevinzhang/research/fractal_analysis/audio_data/suno_v4_5/vocals/batch_1/1972_1_29cb510d-3446-4bcb-8c8c-c1f41e4e409f_vocals.mp3,1972_1_29cb510d-3446-4bcb-8c8c-c1f41e4e409f_vocals.mp3,Roberta Flack,The First Time Ever I Saw Your Face,pending,,,,,
suno_v4_5_1972_02,suno_v4_5,1972,02,/home/data/kevinzhang/research/fractal_analysis/audio_data/suno_v4_5/vocals/batch_1/1972_2_1b7c17b3-8d44-4470-8aa1-8e3e12afe2bf_vocals.mp3,1972_2_1b7c17b3-8d44-4470-8aa1-8e3e12afe2bf_vocals.mp3,Gilbert O'Sullivan,Alone Again (Naturally),pending,,,,,
suno_v4_5_1972_03,suno_v4_5,1972,03,/home/data/kevinzhang/research/fractal_analysis/audio_data/suno_v4_5/vocals/batch_1/1972_3_9f79b543-cbd0-48a7-b6f3-a93d597056a1_vocals.mp3,1972_3_9f79b543-cbd0-48a7-b6f3-a93d597056a1_vocals.mp3,Don McLean,American Pie,pending,,,,,
suno_v4_5_1972_04,suno_v4_5,1972,04,/home/data/kevinzhang/research/fractal_analysis/audio_data/suno_v4_5/vocals/batch_1/1972_4_3e0cc9f9-478f-489b-99b6-67f6e3ea64fa_vocals.mp3,1972_4_3e0cc9f9-478f-489b-99b6-67f6e3ea64fa_vocals.mp3,Harry Nilsson,Without You,pending,,,,,
suno_v4_5_1972_05,suno_v4_5,1972,05,/home/data/kevinzhang/research/fractal_analysis/audio_data/suno_v4_5/vocals/batch_1/1972_5_2241ff37-deef-47fb-bef7-52dd8f0298b9_vocals.mp3,1972_5_2241ff37-deef-47fb-bef7-52dd8f0298b9_vocals.mp3,Sammy Davis Jr.,The Candy Man,pending,,,,,
suno_v4_5_1973_01,suno_v4_5,1973,01,/home/data/kevinzhang/research/fractal_analysis/audio_data/suno_v4_5/vocals/batch_1/1973_1_4576d6b8-6709-458c-8850-0c8d41a0842b_vocals.mp3,1973_1_4576d6b8-6709-458c-8850-0c8d41a0842b_vocals.mp3,Tony Orlando and Dawn,Tie a Yellow Ribbon Round the Ole Oak Tree,pending,,,,,
suno_v4_5_1973_02,suno_v4_5,1973,02,/home/data/kevinzhang/research/fractal_analysis/audio_data/suno_v4_5/vocals/batch_1/1973_2_075cec61-85a2-4f43-a181-bcfe36afaa23_vocals.mp3,1973_2_075cec61-85a2-4f43-a181-bcfe36afaa23_vocals.mp3,Jim Croce,"Bad, Bad Leroy Brown",pending,,,,,
suno_v4_5_1973_03,suno_v4_5,1973,03,/home/data/kevinzhang/research/fractal_analysis/audio_data/suno_v4_5/vocals/batch_1/1973_3_2f5abc6e-af04-472b-ae14-63e174af2cc4_vocals.mp3,1973_3_2f5abc6e-af04-472b-ae14-63e174af2cc4_vocals.mp3,Roberta Flack,Killing Me Softly with His Song,pending,,,,,
suno_v4_5_1973_04,suno_v4_5,1973,04,/home/data/kevinzhang/research/fractal_analysis/audio_data/suno_v4_5/vocals/batch_1/1973_4_663f9d3c-add1-416e-aeb6-bc15da239d8e_vocals.mp3,1973_4_663f9d3c-add1-416e-aeb6-bc15da239d8e_vocals.mp3,Marvin Gaye,Let's Get It On,pending,,,,,
suno_v4_5_1973_05,suno_v4_5,1973,05,/home/data/kevinzhang/research/fractal_analysis/audio_data/suno_v4_5/vocals/batch_1/1973_5_af459014-430c-440b-9e1c-82f982b9b313_vocals.mp3,1973_5_af459014-430c-440b-9e1c-82f982b9b313_vocals.mp3,Paul McCartney and Wings,My Love,pending,,,,,
suno_v4_5_1974_01,suno_v4_5,1974,01,/home/data/kevinzhang/research/fractal_analysis/audio_data/suno_v4_5/vocals/batch_1/1974_1_01435251-c39a-4cd8-839b-12f9966d949c_vocals.mp3,1974_1_01435251-c39a-4cd8-839b-12f9966d949c_vocals.mp3,Barbara Streisand,The Way We Were,pending,,,,,
suno_v4_5_1974_02,suno_v4_5,1974,02,/home/data/kevinzhang/research/fractal_analysis/audio_data/suno_v4_5/vocals/batch_1/1974_2_b2927787-53ee-4994-afe0-01a4ee1d2a52_vocals.mp3,1974_2_b2927787-53ee-4994-afe0-01a4ee1d2a52_vocals.mp3,Terry Jacks,Seasons in the Sun,pending,,,,,
suno_v4_5_1974_03,suno_v4_5,1974,03,/home/data/kevinzhang/research/fractal_analysis/audio_data/suno_v4_5/vocals/batch_1/1974_3_3bf4d3a6-4da2-4ed8-85e7-0cbe42fa7293_vocals.mp3,1974_3_3bf4d3a6-4da2-4ed8-85e7-0cbe42fa7293_vocals.mp3,Love Unlimited Orchestra,Love's Theme,pending,,,,,
suno_v4_5_1974_04,suno_v4_5,1974,04,/home/data/kevinzhang/research/fractal_analysis/audio_data/suno_v4_5/vocals/batch_1/1974_4_51c02d35-1681-43d7-802b-0b31f403586b_vocals.mp3,1974_4_51c02d35-1681-43d7-802b-0b31f403586b_vocals.mp3,Redbone,Come and Get Your Love,pending,,,,,
suno_v4_5_1974_05,suno_v4_5,1974,05,/home/data/kevinzhang/research/fractal_analysis/audio_data/suno_v4_5/vocals/batch_1/1974_5_b52e3a8d-71ab-4305-8411-bc278fef3add_vocals.mp3,1974_5_b52e3a8d-71ab-4305-8411-bc278fef3add_vocals.mp3,The Jackson 5,Dancing Machine,pending,,,,,
suno_v4_5_1975_01,suno_v4_5,1975,01,/home/data/kevinzhang/research/fractal_analysis/audio_data/suno_v4_5/vocals/batch_1/1975_1_89897fe0-15a3-495e-a4c3-558ad415fa74_vocals.mp3,1975_1_89897fe0-15a3-495e-a4c3-558ad415fa74_vocals.mp3,Captain & Tennille,Love Will Keep Us Together,pending,,,,,
suno_v4_5_1975_02,suno_v4_5,1975,02,/home/data/kevinzhang/research/fractal_analysis/audio_data/suno_v4_5/vocals/batch_1/1975_2_541ed4f7-7a0a-47e6-8216-0d1cab11fde4_vocals.mp3,1975_2_541ed4f7-7a0a-47e6-8216-0d1cab11fde4_vocals.mp3,Glen Campbell,Rhinestone Cowboy,pending,,,,,
suno_v4_5_1975_03,suno_v4_5,1975,03,/home/data/kevinzhang/research/fractal_analysis/audio_data/suno_v4_5/vocals/batch_1/1975_3_3ca113bf-f651-4a3b-8020-257944bc424e_vocals.mp3,1975_3_3ca113bf-f651-4a3b-8020-257944bc424e_vocals.mp3,Elton John,Philadelphia Freedom,pending,,,,,
suno_v4_5_1975_04,suno_v4_5,1975,04,/home/data/kevinzhang/research/fractal_analysis/audio_data/suno_v4_5/vocals/batch_1/1975_4_16b42242-81e7-47aa-96e2-469832662062_vocals.mp3,1975_4_16b42242-81e7-47aa-96e2-469832662062_vocals.mp3,Freddy Fender,Before the Next Teardrop Falls,pending,,,,,
suno_v4_5_1975_05,suno_v4_5,1975,05,/home/data/kevinzhang/research/fractal_analysis/audio_data/suno_v4_5/vocals/batch_1/1975_5_417cda7a-fc83-44a0-a346-65f333d174e5_vocals.mp3,1975_5_417cda7a-fc83-44a0-a346-65f333d174e5_vocals.mp3,Frankie Valli,My Eyes Adored You,pending,,,,,
suno_v4_5_1976_01,suno_v4_5,1976,01,/home/data/kevinzhang/research/fractal_analysis/audio_data/suno_v4_5/vocals/batch_1/1976_1_57a8bbac-f16d-409c-8d42-505ef6671670_vocals.mp3,1976_1_57a8bbac-f16d-409c-8d42-505ef6671670_vocals.mp3,Wings,Silly Love Songs,pending,,,,,
suno_v4_5_1976_02,suno_v4_5,1976,02,/home/data/kevinzhang/research/fractal_analysis/audio_data/suno_v4_5/vocals/batch_1/1976_2_74ef81c7-3886-4263-bd46-f6c59200bcae_vocals.mp3,1976_2_74ef81c7-3886-4263-bd46-f6c59200bcae_vocals.mp3,Elton John and Kiki Dee,Don't Go Breaking My Heart,pending,,,,,
suno_v4_5_1976_03,suno_v4_5,1976,03,/home/data/kevinzhang/research/fractal_analysis/audio_data/suno_v4_5/vocals/batch_1/1976_3_6a6e3a9e-9b87-4172-88c1-3d4a8bf5a31b_vocals.mp3,1976_3_6a6e3a9e-9b87-4172-88c1-3d4a8bf5a31b_vocals.mp3,Johnnie Taylor,Disco Lady,pending,,,,,
suno_v4_5_1976_04,suno_v4_5,1976,04,/home/data/kevinzhang/research/fractal_analysis/audio_data/suno_v4_5/vocals/batch_1/1976_4_1daf8a59-52ac-4059-a014-886333101650_vocals.mp3,1976_4_1daf8a59-52ac-4059-a014-886333101650_vocals.mp3,The Four Seasons,"December, 1963 (Oh, What a Night)",pending,,,,,
suno_v4_5_1976_05,suno_v4_5,1976,05,/home/data/kevinzhang/research/fractal_analysis/audio_data/suno_v4_5/vocals/batch_1/1976_5_e9a9f881-08f6-4e80-8787-bdecf4d6be54_vocals.mp3,1976_5_e9a9f881-08f6-4e80-8787-bdecf4d6be54_vocals.mp3,Wild Cherry,Play That Funky Music,pending,,,,,
suno_v4_5_1977_01,suno_v4_5,1977,01,/home/data/kevinzhang/research/fractal_analysis/audio_data/suno_v4_5/vocals/batch_1/1977_1_c466fd97-da4e-4a80-a4a1-bf6f8975a289_vocals.mp3,1977_1_c466fd97-da4e-4a80-a4a1-bf6f8975a289_vocals.mp3,Rod Stewart,Tonight's the Night (Gonna Be Alright),pending,,,,,
suno_v4_5_1977_02,suno_v4_5,1977,02,/home/data/kevinzhang/research/fractal_analysis/audio_data/suno_v4_5/vocals/batch_1/1977_2_a28af4f2-d1dd-4e74-9870-7af6fbafa36c_vocals.mp3,1977_2_a28af4f2-d1dd-4e74-9870-7af6fbafa36c_vocals.mp3,Andy Gibb,I Just Want To Be Your Everything,pending,,,,,
suno_v4_5_1977_03,suno_v4_5,1977,03,/home/data/kevinzhang/research/fractal_analysis/audio_data/suno_v4_5/vocals/batch_1/1977_3_2696d36a-919b-4404-afd4-c831bcf5018b_vocals.mp3,1977_3_2696d36a-919b-4404-afd4-c831bcf5018b_vocals.mp3,The Emotions,Best of My Love,pending,,,,,
suno_v4_5_1977_04,suno_v4_5,1977,04,/home/data/kevinzhang/research/fractal_analysis/audio_data/suno_v4_5/vocals/batch_1/1977_4_879f90e3-558c-4d9e-9002-c9bf158d2927_vocals.mp3,1977_4_879f90e3-558c-4d9e-9002-c9bf158d2927_vocals.mp3,Barbara Streisand,Evergreen (Love Theme from A Star Is Born),pending,,,,,
suno_v4_5_1977_05,suno_v4_5,1977,05,/home/data/kevinzhang/research/fractal_analysis/audio_data/suno_v4_5/vocals/batch_1/1977_5_1d3850a5-db1f-4870-9e5b-dbb5990448d0_vocals.mp3,1977_5_1d3850a5-db1f-4870-9e5b-dbb5990448d0_vocals.mp3,Hot,Angel in Your Arms,pending,,,,,
suno_v4_5_1978_01,suno_v4_5,1978,01,/home/data/kevinzhang/research/fractal_analysis/audio_data/suno_v4_5/vocals/batch_1/1978_1_44a435d4-1435-48f2-ae33-ffd7663be2d9_vocals.mp3,1978_1_44a435d4-1435-48f2-ae33-ffd7663be2d9_vocals.mp3,Andy Gibb,Shadow Dancing,pending,,,,,
suno_v4_5_1978_02,suno_v4_5,1978,02,/home/data/kevinzhang/research/fractal_analysis/audio_data/suno_v4_5/vocals/batch_1/1978_2_089efb59-505c-4359-89db-ae54925e49c6_vocals.mp3,1978_2_089efb59-505c-4359-89db-ae54925e49c6_vocals.mp3,Bee Gees,Night Fever,pending,,,,,
suno_v4_5_1978_03,suno_v4_5,1978,03,/home/data/kevinzhang/research/fractal_analysis/audio_data/suno_v4_5/vocals/batch_1/1978_3_546953c6-dc9f-4649-a250-fdb6aa2ac4a2_vocals.mp3,1978_3_546953c6-dc9f-4649-a250-fdb6aa2ac4a2_vocals.mp3,Debby Boone,You Light Up My Life,pending,,,,,
suno_v4_5_1978_04,suno_v4_5,1978,04,/home/data/kevinzhang/research/fractal_analysis/audio_data/suno_v4_5/vocals/batch_1/1978_4_8d522d6f-2f9b-4339-8828-a610d8b7d74a_vocals.mp3,1978_4_8d522d6f-2f9b-4339-8828-a610d8b7d74a_vocals.mp3,Bee Gees,Stayin Alive,pending,,,,,
suno_v4_5_1978_05,suno_v4_5,1978,05,/home/data/kevinzhang/research/fractal_analysis/audio_data/suno_v4_5/vocals/batch_1/1978_5_75935b16-8614-4140-8bda-83fc78ed32de_vocals.mp3,1978_5_75935b16-8614-4140-8bda-83fc78ed32de_vocals.mp3,Exile,Kiss You All Over,pending,,,,,
suno_v4_5_1979_01,suno_v4_5,1979,01,/home/data/kevinzhang/research/fractal_analysis/audio_data/suno_v4_5/vocals/batch_1/1979_1_53c00abc-1533-4748-a071-0ddc564f9a11_vocals.mp3,1979_1_53c00abc-1533-4748-a071-0ddc564f9a11_vocals.mp3,The Knack,My Sharona,pending,,,,,
suno_v4_5_1979_02,suno_v4_5,1979,02,/home/data/kevinzhang/research/fractal_analysis/audio_data/suno_v4_5/vocals/batch_1/1979_2_51ffa9f9-fe06-45a2-a78d-b3da5885d1a1_vocals.mp3,1979_2_51ffa9f9-fe06-45a2-a78d-b3da5885d1a1_vocals.mp3,Donna Summer,Bad Girls,pending,,,,,
suno_v4_5_1979_03,suno_v4_5,1979,03,/home/data/kevinzhang/research/fractal_analysis/audio_data/suno_v4_5/vocals/batch_1/1979_3_449ae90a-21c2-40b1-b21e-f6006409fb9d_vocals.mp3,1979_3_449ae90a-21c2-40b1-b21e-f6006409fb9d_vocals.mp3,Chic,Le Freak,pending,,,,,
suno_v4_5_1979_04,suno_v4_5,1979,04,/home/data/kevinzhang/research/fractal_analysis/audio_data/suno_v4_5/vocals/batch_1/1979_4_546418c2-000f-4079-8dab-b050060eb713_vocals.mp3,1979_4_546418c2-000f-4079-8dab-b050060eb713_vocals.mp3,Rod Stewart,Do Ya Think I'm Sexy?,pending,,,,,
suno_v4_5_1979_05,suno_v4_5,1979,05,/home/data/kevinzhang/research/fractal_analysis/audio_data/suno_v4_5/vocals/batch_1/1979_5_1a5f49dc-97d8-4f10-9414-148b0eaa8937_vocals.mp3,1979_5_1a5f49dc-97d8-4f10-9414-148b0eaa8937_vocals.mp3,Peaches & Herb,Reunited,pending,,,,,
suno_v4_5_1980_01,suno_v4_5,1980,01,/home/data/kevinzhang/research/fractal_analysis/audio_data/suno_v4_5/vocals/batch_1/1980_1_4f5ffff3-5cc2-4724-8be0-a366488fdb87_vocals.mp3,1980_1_4f5ffff3-5cc2-4724-8be0-a366488fdb87_vocals.mp3,Blondie,Call Me,pending,,,,,
suno_v4_5_1980_02,suno_v4_5,1980,02,/home/data/kevinzhang/research/fractal_analysis/audio_data/suno_v4_5/vocals/batch_1/1980_2_583e05a9-5c11-4828-874f-609b8ff74bb5_vocals.mp3,1980_2_583e05a9-5c11-4828-874f-609b8ff74bb5_vocals.mp3,Pink Floyd,"Another Brick in the Wall, Part II",pending,,,,,
suno_v4_5_1980_03,suno_v4_5,1980,03,/home/data/kevinzhang/research/fractal_analysis/audio_data/suno_v4_5/vocals/batch_1/1980_3_4b4c1f78-3b1b-4733-84f5-efcb9c2b0584_vocals.mp3,1980_3_4b4c1f78-3b1b-4733-84f5-efcb9c2b0584_vocals.mp3,Olivia Newton-John,Magic,pending,,,,,
suno_v4_5_1980_04,suno_v4_5,1980,04,/home/data/kevinzhang/research/fractal_analysis/audio_data/suno_v4_5/vocals/batch_1/1980_4_70d15747-55fc-4854-93fb-4d66840c5ef8_vocals.mp3,1980_4_70d15747-55fc-4854-93fb-4d66840c5ef8_vocals.mp3,Michael Jackson,Rock with You,pending,,,,,
suno_v4_5_1980_05,suno_v4_5,1980,05,/home/data/kevinzhang/research/fractal_analysis/audio_data/suno_v4_5/vocals/batch_1/1980_5_40c4df46-2d8d-4acb-a027-eb52c581eeb2_vocals.mp3,1980_5_40c4df46-2d8d-4acb-a027-eb52c581eeb2_vocals.mp3,Captain & Tennille,Do That To Me One More Time,pending,,,,,
suno_v4_5_1981_01,suno_v4_5,1981,01,/home/data/kevinzhang/research/fractal_analysis/audio_data/suno_v4_5/vocals/batch_1/1981_1_92095f6d-3779-4945-8702-5e3c8ce69677_vocals.mp3,1981_1_92095f6d-3779-4945-8702-5e3c8ce69677_vocals.mp3,Kim Carnes,Bette Davis Eyes,pending,,,,,
suno_v4_5_1981_02,suno_v4_5,1981,02,/home/data/kevinzhang/research/fractal_analysis/audio_data/suno_v4_5/vocals/batch_1/1981_2_41ee99b7-203a-4d7c-bdd8-d8eebbecf04b_vocals.mp3,1981_2_41ee99b7-203a-4d7c-bdd8-d8eebbecf04b_vocals.mp3,Diana Ross and Lionel Richie,Endless Love,pending,,,,,
suno_v4_5_1981_03,suno_v4_5,1981,03,/home/data/kevinzhang/research/fractal_analysis/audio_data/suno_v4_5/vocals/batch_1/1981_3_632ada89-70fc-4a48-a007-821ec867fa1d_vocals.mp3,1981_3_632ada89-70fc-4a48-a007-821ec867fa1d_vocals.mp3,Kenny Rogers,Lady,pending,,,,,
suno_v4_5_1981_04,suno_v4_5,1981,04,/home/data/kevinzhang/research/fractal_analysis/audio_data/suno_v4_5/vocals/batch_1/1981_4_04a63d2b-83f9-4bd1-9031-eb235414a57e_vocals.mp3,1981_4_04a63d2b-83f9-4bd1-9031-eb235414a57e_vocals.mp3,John Lennon,(Just Like) Starting Over,pending,,,,,
suno_v4_5_1981_05,suno_v4_5,1981,05,/home/data/kevinzhang/research/fractal_analysis/audio_data/suno_v4_5/vocals/batch_1/1981_5_3a4a1015-cb65-41a4-8091-1942059603e8_vocals.mp3,1981_5_3a4a1015-cb65-41a4-8091-1942059603e8_vocals.mp3,Rick Springfield,Jessie's Girl,pending,,,,,
suno_v4_5_1982_01,suno_v4_5,1982,01,/home/data/kevinzhang/research/fractal_analysis/audio_data/suno_v4_5/vocals/batch_1/1982_1_8764661f-f3a3-4d6f-87dc-35d92862d6f4_vocals.mp3,1982_1_8764661f-f3a3-4d6f-87dc-35d92862d6f4_vocals.mp3,Olivia Newton-John,Physical,pending,,,,,
suno_v4_5_1982_02,suno_v4_5,1982,02,/home/data/kevinzhang/research/fractal_analysis/audio_data/suno_v4_5/vocals/batch_1/1982_2_675cdded-9dfe-4c11-a9a1-5a85693a2c96_vocals.mp3,1982_2_675cdded-9dfe-4c11-a9a1-5a85693a2c96_vocals.mp3,Survivor,Eye of the Tiger,pending,,,,,
suno_v4_5_1982_03,suno_v4_5,1982,03,/home/data/kevinzhang/research/fractal_analysis/audio_data/suno_v4_5/vocals/batch_1/1982_3_465f9364-10d7-412a-84fc-b057a678636c_vocals.mp3,1982_3_465f9364-10d7-412a-84fc-b057a678636c_vocals.mp3,Joan Jett & The Blackhearts,I Love Rock 'N Roll,pending,,,,,
suno_v4_5_1982_04,suno_v4_5,1982,04,/home/data/kevinzhang/research/fractal_analysis/audio_data/suno_v4_5/vocals/batch_1/1982_4_6a6be99c-9d66-4925-9ab9-502efed8d4da_vocals.mp3,1982_4_6a6be99c-9d66-4925-9ab9-502efed8d4da_vocals.mp3,Paul McCartney and Stevie Wonder,Ebony and Ivory,pending,,,,,
suno_v4_5_1982_05,suno_v4_5,1982,05,/home/data/kevinzhang/research/fractal_analysis/audio_data/suno_v4_5/vocals/batch_1/1982_5_71224555-81f7-4fac-936a-b3d926149776_vocals.mp3,1982_5_71224555-81f7-4fac-936a-b3d926149776_vocals.mp3,The J. Geils Band,Centerfold,pending,,,,,
suno_v4_5_1983_01,suno_v4_5,1983,01,/home/data/kevinzhang/research/fractal_analysis/audio_data/suno_v4_5/vocals/batch_1/1983_1_0fdb5ce4-d38a-4dc2-a3ed-13e8c76d31b3_vocals.mp3,1983_1_0fdb5ce4-d38a-4dc2-a3ed-13e8c76d31b3_vocals.mp3,The Police,Every Breath You Take,pending,,,,,
suno_v4_5_1983_02,suno_v4_5,1983,02,/home/data/kevinzhang/research/fractal_analysis/audio_data/suno_v4_5/vocals/batch_1/1983_2_c651e64d-fedc-4055-ba09-f8bbb91ff940_vocals.mp3,1983_2_c651e64d-fedc-4055-ba09-f8bbb91ff940_vocals.mp3,Michael Jackson,Billie Jean,pending,,,,,
suno_v4_5_1983_03,suno_v4_5,1983,03,/home/data/kevinzhang/research/fractal_analysis/audio_data/suno_v4_5/vocals/batch_1/1983_3_49d6e51b-59ee-4605-9371-9a94259cff23_vocals.mp3,1983_3_49d6e51b-59ee-4605-9371-9a94259cff23_vocals.mp3,Irene Cara,Flashdance...What a Feeling,pending,,,,,
suno_v4_5_1983_04,suno_v4_5,1983,04,/home/data/kevinzhang/research/fractal_analysis/audio_data/suno_v4_5/vocals/batch_1/1983_4_f0729098-84bc-4791-82c4-63e9e8da30eb_vocals.mp3,1983_4_f0729098-84bc-4791-82c4-63e9e8da30eb_vocals.mp3,Men at Work,Down Under,pending,,,,,
suno_v4_5_1983_05,suno_v4_5,1983,05,/home/data/kevinzhang/research/fractal_analysis/audio_data/suno_v4_5/vocals/batch_1/1983_5_8f0ef202-0254-4289-8af8-ca1fb1349520_vocals.mp3,1983_5_8f0ef202-0254-4289-8af8-ca1fb1349520_vocals.mp3,Michael Jackson,Beat It,pending,,,,,
suno_v4_5_1984_01,suno_v4_5,1984,01,/home/data/kevinzhang/research/fractal_analysis/audio_data/suno_v4_5/vocals/batch_1/1984_1_0b978930-db6c-457c-99ee-dca2a415cf53_vocals.mp3,1984_1_0b978930-db6c-457c-99ee-dca2a415cf53_vocals.mp3,Prince,When Doves Cry,pending,,,,,
suno_v4_5_1984_02,suno_v4_5,1984,02,/home/data/kevinzhang/research/fractal_analysis/audio_data/suno_v4_5/vocals/batch_1/1984_2_1f7283db-6540-4a53-8fb8-5b28464fe3d8_vocals.mp3,1984_2_1f7283db-6540-4a53-8fb8-5b28464fe3d8_vocals.mp3,Tina Turner,What's Love Got to Do with It,pending,,,,,
suno_v4_5_1984_03,suno_v4_5,1984,03,/home/data/kevinzhang/research/fractal_analysis/audio_data/suno_v4_5/vocals/batch_1/1984_3_2a3e5a4d-6cb2-4f7c-82ae-f3ef3e8a2414_vocals.mp3,1984_3_2a3e5a4d-6cb2-4f7c-82ae-f3ef3e8a2414_vocals.mp3,Paul McCartney and Michael Jackson,Say Say Say,pending,,,,,
suno_v4_5_1984_04,suno_v4_5,1984,04,/home/data/kevinzhang/research/fractal_analysis/audio_data/suno_v4_5/vocals/batch_1/1984_4_301b6a30-c6b6-4aac-9b40-bc1b429c0a37_vocals.mp3,1984_4_301b6a30-c6b6-4aac-9b40-bc1b429c0a37_vocals.mp3,Kenny Loggins,Footloose,pending,,,,,
suno_v4_5_1984_05,suno_v4_5,1984,05,/home/data/kevinzhang/research/fractal_analysis/audio_data/suno_v4_5/vocals/batch_1/1984_5_fa53a038-86c4-4e30-89c4-49031d3b96b3_vocals.mp3,1984_5_fa53a038-86c4-4e30-89c4-49031d3b96b3_vocals.mp3,Phil Collins,Against All Odds (Take a Look at Me Now),pending,,,,,
suno_v4_5_1985_01,suno_v4_5,1985,01,/home/data/kevinzhang/research/fractal_analysis/audio_data/suno_v4_5/vocals/batch_1/1985_1_9fb9b600-eb41-41aa-936f-d553b8bbeb3a_vocals.mp3,1985_1_9fb9b600-eb41-41aa-936f-d553b8bbeb3a_vocals.mp3,George Michael,Careless Whisper,pending,,,,,
suno_v4_5_1985_02,suno_v4_5,1985,02,/home/data/kevinzhang/research/fractal_analysis/audio_data/suno_v4_5/vocals/batch_1/1985_2_39aa963b-2d18-43c7-911b-98b7c3123434_vocals.mp3,1985_2_39aa963b-2d18-43c7-911b-98b7c3123434_vocals.mp3,Madonna,Like a Virgin,pending,,,,,
suno_v4_5_1985_03,suno_v4_5,1985,03,/home/data/kevinzhang/research/fractal_analysis/audio_data/suno_v4_5/vocals/batch_1/1985_3_a88e6339-56c1-457f-822b-faf82de087e7_vocals.mp3,1985_3_a88e6339-56c1-457f-822b-faf82de087e7_vocals.mp3,Wham!,Wake Me Up Before You Go-Go,pending,,,,,
suno_v4_5_1985_04,suno_v4_5,1985,04,/home/data/kevinzhang/research/fractal_analysis/audio_data/suno_v4_5/vocals/batch_1/1985_4_50547d5f-e824-4bb7-ae47-394c6c7e6c38_vocals.mp3,1985_4_50547d5f-e824-4bb7-ae47-394c6c7e6c38_vocals.mp3,Foreigner,I Want to Know What Love Is,pending,,,,,
suno_v4_5_1985_05,suno_v4_5,1985,05,/home/data/kevinzhang/research/fractal_analysis/audio_data/suno_v4_5/vocals/batch_1/1985_5_8542b600-d71f-4c1a-b8ff-8c2b11676bc5_vocals.mp3,1985_5_8542b600-d71f-4c1a-b8ff-8c2b11676bc5_vocals.mp3,Chaka Khan,I Feel for You,pending,,,,,
suno_v4_5_1986_01,suno_v4_5,1986,01,/home/data/kevinzhang/research/fractal_analysis/audio_data/suno_v4_5/vocals/batch_1/1986_1_2791dfb7-a906-41df-bf63-ce47862bd4d8_vocals.mp3,1986_1_2791dfb7-a906-41df-bf63-ce47862bd4d8_vocals.mp3,Dionne and Friends,That's What Friends Are For,pending,,,,,
suno_v4_5_1986_02,suno_v4_5,1986,02,/home/data/kevinzhang/research/fractal_analysis/audio_data/suno_v4_5/vocals/batch_1/1986_2_c5d45390-85ff-402d-867a-748ae1285035_vocals.mp3,1986_2_c5d45390-85ff-402d-867a-748ae1285035_vocals.mp3,Lionel Richie,"Say You, Say Me",pending,,,,,
suno_v4_5_1986_03,suno_v4_5,1986,03,/home/data/kevinzhang/research/fractal_analysis/audio_data/suno_v4_5/vocals/batch_1/1986_3_06286642-d01e-4379-b2f4-6a3ae584c59f_vocals.mp3,1986_3_06286642-d01e-4379-b2f4-6a3ae584c59f_vocals.mp3,Klymaxx,I Miss You,pending,,,,,
suno_v4_5_1986_04,suno_v4_5,1986,04,/home/data/kevinzhang/research/fractal_analysis/audio_data/suno_v4_5/vocals/batch_1/1986_4_30ea7a1c-8c84-4d0a-8f24-ff2e13dfda62_vocals.mp3,1986_4_30ea7a1c-8c84-4d0a-8f24-ff2e13dfda62_vocals.mp3,Patti LaBelle feat. Michael McDonald,On My Own,pending,,,,,
suno_v4_5_1986_05,suno_v4_5,1986,05,/home/data/kevinzhang/research/fractal_analysis/audio_data/suno_v4_5/vocals/batch_1/1986_5_66440aff-fc63-4d6d-be19-a1fbce3dd038_vocals.mp3,1986_5_66440aff-fc63-4d6d-be19-a1fbce3dd038_vocals.mp3,Mr. Mister,Broken Wings,pending,,,,,
suno_v4_5_1987_01,suno_v4_5,1987,01,/home/data/kevinzhang/research/fractal_analysis/audio_data/suno_v4_5/vocals/batch_1/1987_1_b7789bb8-291f-44c4-b4c6-7597057483d6_vocals.mp3,1987_1_b7789bb8-291f-44c4-b4c6-7597057483d6_vocals.mp3,The Bangles,Walk Like an Egyptian,pending,,,,,
suno_v4_5_1987_02,suno_v4_5,1987,02,/home/data/kevinzhang/research/fractal_analysis/audio_data/suno_v4_5/vocals/batch_1/1987_2_3cdf3b91-bb8d-4d0e-9e68-35f93cf02290_vocals.mp3,1987_2_3cdf3b91-bb8d-4d0e-9e68-35f93cf02290_vocals.mp3,Heart,Alone,pending,,,,,
suno_v4_5_1987_03,suno_v4_5,1987,03,/home/data/kevinzhang/research/fractal_analysis/audio_data/suno_v4_5/vocals/batch_1/1987_3_8d5e8ad0-72ab-4d1f-884b-2b37ed280700_vocals.mp3,1987_3_8d5e8ad0-72ab-4d1f-884b-2b37ed280700_vocals.mp3,Gregory Abbott,Shake You Down,pending,,,,,
suno_v4_5_1987_04,suno_v4_5,1987,04,/home/data/kevinzhang/research/fractal_analysis/audio_data/suno_v4_5/vocals/batch_1/1987_4_83b25858-6a36-42ca-9bfa-7f6022d4e1c9_vocals.mp3,1987_4_83b25858-6a36-42ca-9bfa-7f6022d4e1c9_vocals.mp3,Whitney Houston,I Wanna Dance with Somebody (Who Loves Me),pending,,,,,
suno_v4_5_1987_05,suno_v4_5,1987,05,/home/data/kevinzhang/research/fractal_analysis/audio_data/suno_v4_5/vocals/batch_1/1987_5_49abf6a3-3b68-4854-acc5-3f75c4857a6b_vocals.mp3,1987_5_49abf6a3-3b68-4854-acc5-3f75c4857a6b_vocals.mp3,Starship,Nothing's Gonna Stop Us Now,pending,,,,,
suno_v4_5_1988_01,suno_v4_5,1988,01,/home/data/kevinzhang/research/fractal_analysis/audio_data/suno_v4_5/vocals/batch_1/1988_1_26c06005-0e4b-401f-90d4-b9f0ba00dfe8_vocals.mp3,1988_1_26c06005-0e4b-401f-90d4-b9f0ba00dfe8_vocals.mp3,George Michael,Faith,pending,,,,,
suno_v4_5_1988_02,suno_v4_5,1988,02,/home/data/kevinzhang/research/fractal_analysis/audio_data/suno_v4_5/vocals/batch_1/1988_2_bea80949-4a3a-40c0-a17a-cc0828b58226_vocals.mp3,1988_2_bea80949-4a3a-40c0-a17a-cc0828b58226_vocals.mp3,INXS,Need You Tonight,pending,,,,,
suno_v4_5_1988_03,suno_v4_5,1988,03,/home/data/kevinzhang/research/fractal_analysis/audio_data/suno_v4_5/vocals/batch_1/1988_3_1144016d-da31-429c-a66a-f3aee3229653_vocals.mp3,1988_3_1144016d-da31-429c-a66a-f3aee3229653_vocals.mp3,George Harrison,Got My Mind Set On You,pending,,,,,
suno_v4_5_1988_04,suno_v4_5,1988,04,/home/data/kevinzhang/research/fractal_analysis/audio_data/suno_v4_5/vocals/batch_1/1988_4_2eec48ad-8f05-4e70-a42c-230f84ae5463_vocals.mp3,1988_4_2eec48ad-8f05-4e70-a42c-230f84ae5463_vocals.mp3,Rick Astley,Never Gonna Give You Up,pending,,,,,
suno_v4_5_1988_05,suno_v4_5,1988,05,/home/data/kevinzhang/research/fractal_analysis/audio_data/suno_v4_5/vocals/batch_1/1988_5_9dcbcfca-f1a5-4a72-aebc-f04dedc6c12e_vocals.mp3,1988_5_9dcbcfca-f1a5-4a72-aebc-f04dedc6c12e_vocals.mp3,Guns N' Roses,Sweet Child O'Mine,pending,,,,,
suno_v4_5_1989_01,suno_v4_5,1989,01,/home/data/kevinzhang/research/fractal_analysis/audio_data/suno_v4_5/vocals/batch_1/1989_1_3da5e4ca-753d-498b-8bbe-89327cf39579_vocals.mp3,1989_1_3da5e4ca-753d-498b-8bbe-89327cf39579_vocals.mp3,Chicago,Look Away,pending,,,,,
suno_v4_5_1989_02,suno_v4_5,1989,02,/home/data/kevinzhang/research/fractal_analysis/audio_data/suno_v4_5/vocals/batch_1/1989_2_659199c6-5881-477a-8162-f747d9cae69d_vocals.mp3,1989_2_659199c6-5881-477a-8162-f747d9cae69d_vocals.mp3,Bobby Brown,My Prerogative,pending,,,,,
suno_v4_5_1989_03,suno_v4_5,1989,03,/home/data/kevinzhang/research/fractal_analysis/audio_data/suno_v4_5/vocals/batch_1/1989_3_11106dfd-7a89-4f2a-91bb-5b0b621ab9d3_vocals.mp3,1989_3_11106dfd-7a89-4f2a-91bb-5b0b621ab9d3_vocals.mp3,Poison,Every Rose Has Its Thorn,pending,,,,,
suno_v4_5_1989_04,suno_v4_5,1989,04,/home/data/kevinzhang/research/fractal_analysis/audio_data/suno_v4_5/vocals/batch_1/1989_4_16199ddd-1c14-400b-a04b-f1da9eae6029_vocals.mp3,1989_4_16199ddd-1c14-400b-a04b-f1da9eae6029_vocals.mp3,Paula Abdul,Straight Up,pending,,,,,
suno_v4_5_1989_05,suno_v4_5,1989,05,/home/data/kevinzhang/research/fractal_analysis/audio_data/suno_v4_5/vocals/batch_1/1989_5_39635d53-1697-445c-8f1a-b5e15e7d2ff6_vocals.mp3,1989_5_39635d53-1697-445c-8f1a-b5e15e7d2ff6_vocals.mp3,Janet Jackson,Miss You Much,pending,,,,,
suno_v4_5_1990_01,suno_v4_5,1990,01,/home/data/kevinzhang/research/fractal_analysis/audio_data/suno_v4_5/vocals/batch_1/1990_1_222ea175-f919-4d79-b7a2-a8ea5d89e375_vocals.mp3,1990_1_222ea175-f919-4d79-b7a2-a8ea5d89e375_vocals.mp3,Wilson Phillips,Hold On,pending,,,,,
suno_v4_5_1990_02,suno_v4_5,1990,02,/home/data/kevinzhang/research/fractal_analysis/audio_data/suno_v4_5/vocals/batch_1/1990_2_0ac01e7c-ba5d-477c-b004-cdd906b06cc8_vocals.mp3,1990_2_0ac01e7c-ba5d-477c-b004-cdd906b06cc8_vocals.mp3,Roxette,It Must Have Been Love,pending,,,,,
suno_v4_5_1990_03,suno_v4_5,1990,03,/home/data/kevinzhang/research/fractal_analysis/audio_data/suno_v4_5/vocals/batch_1/1990_3_35c7cece-bab7-425b-88f4-f02f2804ca37_vocals.mp3,1990_3_35c7cece-bab7-425b-88f4-f02f2804ca37_vocals.mp3,Sinead O'Connor,Nothing Compares 2 U,pending,,,,,
suno_v4_5_1990_04,suno_v4_5,1990,04,/home/data/kevinzhang/research/fractal_analysis/audio_data/suno_v4_5/vocals/batch_1/1990_4_604f8676-9386-4d40-b5b7-ff0dfae2f8f8_vocals.mp3,1990_4_604f8676-9386-4d40-b5b7-ff0dfae2f8f8_vocals.mp3,Bell Biv DeVoe,Poison,pending,,,,,
suno_v4_5_1990_05,suno_v4_5,1990,05,/home/data/kevinzhang/research/fractal_analysis/audio_data/suno_v4_5/vocals/batch_1/1990_5_600eec5e-e38f-41a1-a945-b72f0141ac07_vocals.mp3,1990_5_600eec5e-e38f-41a1-a945-b72f0141ac07_vocals.mp3,Madonna,Vogue,pending,,,,,
suno_v4_5_1991_01,suno_v4_5,1991,01,/home/data/kevinzhang/research/fractal_analysis/audio_data/suno_v4_5/vocals/batch_1/1991_1_3fa4bc7c-27e8-476d-be75-2587b1c03590_vocals.mp3,1991_1_3fa4bc7c-27e8-476d-be75-2587b1c03590_vocals.mp3,Bryan Adams,(Everything I Do) I Do It For You,pending,,,,,
suno_v4_5_1991_02,suno_v4_5,1991,02,/home/data/kevinzhang/research/fractal_analysis/audio_data/suno_v4_5/vocals/batch_1/1991_2_7f71c928-8c16-4c24-af15-0d11cf68509d_vocals.mp3,1991_2_7f71c928-8c16-4c24-af15-0d11cf68509d_vocals.mp3,Color Me Badd,I Wanna Sex You Up,pending,,,,,
suno_v4_5_1991_03,suno_v4_5,1991,03,/home/data/kevinzhang/research/fractal_analysis/audio_data/suno_v4_5/vocals/batch_1/1991_3_7d9b7b1a-2d3c-477f-85e6-839b2a03af0e_vocals.mp3,1991_3_7d9b7b1a-2d3c-477f-85e6-839b2a03af0e_vocals.mp3,C&C Music Factory,Gonna Make You Sweat,pending,,,,,
suno_v4_5_1991_04,suno_v4_5,1991,04,/home/data/kevinzhang/research/fractal_analysis/audio_data/suno_v4_5/vocals/batch_1/1991_4_71120b3a-06d7-41b4-aab0-48461ff8bf8a_vocals.mp3,1991_4_71120b3a-06d7-41b4-aab0-48461ff8bf8a_vocals.mp3,Paula Abdul,Rush Rush,pending,,,,,
suno_v4_5_1991_05,suno_v4_5,1991,05,/home/data/kevinzhang/research/fractal_analysis/audio_data/suno_v4_5/vocals/batch_1/1991_5_2a935fc7-fdb1-45bb-a534-3153ef6ac6c2_vocals.mp3,1991_5_2a935fc7-fdb1-45bb-a534-3153ef6ac6c2_vocals.mp3,Timmy T,One More Try,pending,,,,,
suno_v4_5_1992_01,suno_v4_5,1992,01,/home/data/kevinzhang/research/fractal_analysis/audio_data/suno_v4_5/vocals/batch_1/1992_1_5a130a57-b3b1-4748-8f1e-34188d389589_vocals.mp3,1992_1_5a130a57-b3b1-4748-8f1e-34188d389589_vocals.mp3,Boyz II Men,End of the Road,pending,,,,,
suno_v4_5_1992_02,suno_v4_5,1992,02,/home/data/kevinzhang/research/fractal_analysis/audio_data/suno_v4_5/vocals/batch_1/1992_2_28336665-4f6a-4967-b2d3-5258ebbf4c5c_vocals.mp3,1992_2_28336665-4f6a-4967-b2d3-5258ebbf4c5c_vocals.mp3,Sir Mix-a-Lot,Baby Got Back,pending,,,,,
suno_v4_5_1992_03,suno_v4_5,1992,03,/home/data/kevinzhang/research/fractal_analysis/audio_data/suno_v4_5/vocals/batch_1/1992_3_7277b891-97f9-4297-a779-af32412c9537_vocals.mp3,1992_3_7277b891-97f9-4297-a779-af32412c9537_vocals.mp3,Kris Kross,Jump,pending,,,,,
suno_v4_5_1992_04,suno_v4_5,1992,04,/home/data/kevinzhang/research/fractal_analysis/audio_data/suno_v4_5/vocals/batch_1/1992_4_1107a962-b863-4fee-91bf-6251cc2324aa_vocals.mp3,1992_4_1107a962-b863-4fee-91bf-6251cc2324aa_vocals.mp3,Vanessa Williams,Save the Best for Last,pending,,,,,
suno_v4_5_1992_05,suno_v4_5,1992,05,/home/data/kevinzhang/research/fractal_analysis/audio_data/suno_v4_5/vocals/batch_1/1992_5_31b7d7ef-dd1a-4219-9219-c1573da6f900_vocals.mp3,1992_5_31b7d7ef-dd1a-4219-9219-c1573da6f900_vocals.mp3,TLC,Baby-Baby-Baby,pending,,,,,
suno_v4_5_1993_01,suno_v4_5,1993,01,/home/data/kevinzhang/research/fractal_analysis/audio_data/suno_v4_5/vocals/batch_1/1993_1_676ae956-f284-4404-8ab2-6097e46cdcae_vocals.mp3,1993_1_676ae956-f284-4404-8ab2-6097e46cdcae_vocals.mp3,Whitney Houston,I Will Always Love You,pending,,,,,
suno_v4_5_1993_02,suno_v4_5,1993,02,/home/data/kevinzhang/research/fractal_analysis/audio_data/suno_v4_5/vocals/batch_1/1993_2_6c8ba089-1d39-4436-aee2-a2452c7a99f3_vocals.mp3,1993_2_6c8ba089-1d39-4436-aee2-a2452c7a99f3_vocals.mp3,Tag Team,Whoomp! (There It Is),pending,,,,,
suno_v4_5_1993_03,suno_v4_5,1993,03,/home/data/kevinzhang/research/fractal_analysis/audio_data/suno_v4_5/vocals/batch_1/1993_3_90edf90c-3cf6-4696-8f86-7b66668fb570_vocals.mp3,1993_3_90edf90c-3cf6-4696-8f86-7b66668fb570_vocals.mp3,UB40,Can't Help Falling in Love,pending,,,,,
suno_v4_5_1993_04,suno_v4_5,1993,04,/home/data/kevinzhang/research/fractal_analysis/audio_data/suno_v4_5/vocals/batch_1/1993_4_269ede9c-223e-40e4-a5a9-2fdf9f934b22_vocals.mp3,1993_4_269ede9c-223e-40e4-a5a9-2fdf9f934b22_vocals.mp3,Janet Jackson,That's the Way Love Goes,pending,,,,,
suno_v4_5_1993_05,suno_v4_5,1993,05,/home/data/kevinzhang/research/fractal_analysis/audio_data/suno_v4_5/vocals/batch_1/1993_5_0d2709da-6a8f-4f58-87bc-847855042b64_vocals.mp3,1993_5_0d2709da-6a8f-4f58-87bc-847855042b64_vocals.mp3,Silk,Freak Me,pending,,,,,
suno_v4_5_1994_01,suno_v4_5,1994,01,/home/data/kevinzhang/research/fractal_analysis/audio_data/suno_v4_5/vocals/batch_1/1994_1_7c67367b-ce0c-4f3c-b90c-59061f678c8f_vocals.mp3,1994_1_7c67367b-ce0c-4f3c-b90c-59061f678c8f_vocals.mp3,Ace of Base,The Sign,pending,,,,,
suno_v4_5_1994_02,suno_v4_5,1994,02,/home/data/kevinzhang/research/fractal_analysis/audio_data/suno_v4_5/vocals/batch_1/1994_2_77449d5e-5144-42a0-8b7f-a9ddad6a1b4d_vocals.mp3,1994_2_77449d5e-5144-42a0-8b7f-a9ddad6a1b4d_vocals.mp3,All-4-One,I Swear,pending,,,,,
suno_v4_5_1994_03,suno_v4_5,1994,03,/home/data/kevinzhang/research/fractal_analysis/audio_data/suno_v4_5/vocals/batch_1/1994_3_4a6814a7-046e-4f27-88c7-0cb807418fa0_vocals.mp3,1994_3_4a6814a7-046e-4f27-88c7-0cb807418fa0_vocals.mp3,Boyz II Men,I'll Make Love to You,pending,,,,,
suno_v4_5_1994_04,suno_v4_5,1994,04,/home/data/kevinzhang/research/fractal_analysis/audio_data/suno_v4_5/vocals/batch_1/1994_4_2dfea0ce-cd38-425e-bbc4-cd5d2e885c26_vocals.mp3,1994_4_2dfea0ce-cd38-425e-bbc4-cd5d2e885c26_vocals.mp3,Celine Dion,The Power of Love,pending,,,,,
suno_v4_5_1994_05,suno_v4_5,1994,05,/home/data/kevinzhang/research/fractal_analysis/audio_data/suno_v4_5/vocals/batch_1/1994_5_4fba0974-728f-4876-9a3c-baf6eccdca25_vocals.mp3,1994_5_4fba0974-728f-4876-9a3c-baf6eccdca25_vocals.mp3,Mariah Carey,Hero,pending,,,,,
suno_v4_5_1995_01,suno_v4_5,1995,01,/home/data/kevinzhang/research/fractal_analysis/audio_data/suno_v4_5/vocals/batch_1/1995_1_0ea676df-cdba-452b-a82c-53c05ed4a490_vocals.mp3,1995_1_0ea676df-cdba-452b-a82c-53c05ed4a490_vocals.mp3,Coolio feat. L.V.,Gangsta's Paradise,pending,,,,,
suno_v4_5_1995_02,suno_v4_5,1995,02,/home/data/kevinzhang/research/fractal_analysis/audio_data/suno_v4_5/vocals/batch_1/1995_2_1ff51490-1f46-4179-a448-389912c34172_vocals.mp3,1995_2_1ff51490-1f46-4179-a448-389912c34172_vocals.mp3,TLC,Waterfalls,pending,,,,,
suno_v4_5_1995_03,suno_v4_5,1995,03,/home/data/kevinzhang/research/fractal_analysis/audio_data/suno_v4_5/vocals/batch_1/1995_3_d3e0769e-6acb-4853-80d7-0d05328ebcf7_vocals.mp3,1995_3_d3e0769e-6acb-4853-80d7-0d05328ebcf7_vocals.mp3,TLC,Creep,pending,,,,,
suno_v4_5_1995_04,suno_v4_5,1995,04,/home/data/kevinzhang/research/fractal_analysis/audio_data/suno_v4_5/vocals/batch_1/1995_4_4cd1800b-8395-4856-8b13-342bd2fd4409_vocals.mp3,1995_4_4cd1800b-8395-4856-8b13-342bd2fd4409_vocals.mp3,Seal,Kiss from a Rose,pending,,,,,
suno_v4_5_1995_05,suno_v4_5,1995,05,/home/data/kevinzhang/research/fractal_analysis/audio_data/suno_v4_5/vocals/batch_1/1995_5_00b2996b-14f2-44ce-a00e-869fda079a93_vocals.mp3,1995_5_00b2996b-14f2-44ce-a00e-869fda079a93_vocals.mp3,Boyz II Men,On Bended Knee,pending,,,,,
suno_v4_5_1996_01,suno_v4_5,1996,01,/home/data/kevinzhang/research/fractal_analysis/audio_data/suno_v4_5/vocals/batch_1/1996_1_9db51319-48ca-4ae7-a9b3-319d3561ddaf_vocals.mp3,1996_1_9db51319-48ca-4ae7-a9b3-319d3561ddaf_vocals.mp3,Los del Rio,Macarena (Bayside Boys Remix),pending,,,,,
suno_v4_5_1996_02,suno_v4_5,1996,02,/home/data/kevinzhang/research/fractal_analysis/audio_data/suno_v4_5/vocals/batch_1/1996_2_20f49cd2-06dd-47fc-bdbb-a3e4515dfe41_vocals.mp3,1996_2_20f49cd2-06dd-47fc-bdbb-a3e4515dfe41_vocals.mp3,Mariah Carey and Boyz II Men,One Sweet Day,pending,,,,,
suno_v4_5_1996_03,suno_v4_5,1996,03,/home/data/kevinzhang/research/fractal_analysis/audio_data/suno_v4_5/vocals/batch_1/1996_3_50cbcbd0-53e2-4089-8c75-1158cae86d23_vocals.mp3,1996_3_50cbcbd0-53e2-4089-8c75-1158cae86d23_vocals.mp3,Celine Dion,Because You Loved Me,pending,,,,,
suno_v4_5_1996_04,suno_v4_5,1996,04,/home/data/kevinzhang/research/fractal_analysis/audio_data/suno_v4_5/vocals/batch_1/1996_4_20b81d7f-e6dd-477c-b242-1bf11aae06ce_vocals.mp3,1996_4_20b81d7f-e6dd-477c-b242-1bf11aae06ce_vocals.mp3,The Tony Rich Project,Nobody Knows,pending,,,,,
suno_v4_5_1996_05,suno_v4_5,1996,05,/home/data/kevinzhang/research/fractal_analysis/audio_data/suno_v4_5/vocals/batch_1/1996_5_0b9a5a39-e977-44b6-b866-f47f643e87d7_vocals.mp3,1996_5_0b9a5a39-e977-44b6-b866-f47f643e87d7_vocals.mp3,Mariah Carey,Always Be My Baby,pending,,,,,
suno_v4_5_1997_01a,suno_v4_5,1997,01a,/home/data/kevinzhang/research/fractal_analysis/audio_data/suno_v4_5/vocals/batch_1/1997_1a_1cb2218b-6e3b-4ca0-965b-1ba3c217f167_vocals.mp3,1997_1a_1cb2218b-6e3b-4ca0-965b-1ba3c217f167_vocals.mp3,Elton John,Something About The Way You Look Tonight,pending,,,,,
suno_v4_5_1997_01b,suno_v4_5,1997,01b,/home/data/kevinzhang/research/fractal_analysis/audio_data/suno_v4_5/vocals/batch_1/1997_1b_534717c3-511e-48e7-afa4-af7c4a285233_vocals.mp3,1997_1b_534717c3-511e-48e7-afa4-af7c4a285233_vocals.mp3,Elton John,Candle in the Wind,pending,,,,,
suno_v4_5_1997_02a,suno_v4_5,1997,02a,/home/data/kevinzhang/research/fractal_analysis/audio_data/suno_v4_5/vocals/batch_1/1997_2a_2e64a85c-5e76-48f8-8adb-0dec0c2e8ef2_vocals.mp3,1997_2a_2e64a85c-5e76-48f8-8adb-0dec0c2e8ef2_vocals.mp3,Jewel,Foolish Games,pending,,,,,
suno_v4_5_1997_02b,suno_v4_5,1997,02b,/home/data/kevinzhang/research/fractal_analysis/audio_data/suno_v4_5/vocals/batch_1/1997_2b_ae822f71-4553-4d3d-ad71-11bab890e559_vocals.mp3,1997_2b_ae822f71-4553-4d3d-ad71-11bab890e559_vocals.mp3,Jewel,You Were Meant for Me,pending,,,,,
suno_v4_5_1997_03,suno_v4_5,1997,03,/home/data/kevinzhang/research/fractal_analysis/audio_data/suno_v4_5/vocals/batch_1/1997_3_b1c45779-5312-4e11-83e6-aed44832fa73_vocals.mp3,1997_3_b1c45779-5312-4e11-83e6-aed44832fa73_vocals.mp3,Diddy feat. Faith Evans and 112,I'll Be Missing You,pending,,,,,
suno_v4_5_1997_04,suno_v4_5,1997,04,/home/data/kevinzhang/research/fractal_analysis/audio_data/suno_v4_5/vocals/batch_1/1997_4_44c6e9d0-a65b-45ef-9af2-90c891dc791e_vocals.mp3,1997_4_44c6e9d0-a65b-45ef-9af2-90c891dc791e_vocals.mp3,Toni Braxton,Un-Break My Heart,pending,,,,,
suno_v4_5_1997_05,suno_v4_5,1997,05,/home/data/kevinzhang/research/fractal_analysis/audio_data/suno_v4_5/vocals/batch_1/1997_5_43f51e5f-354d-4efe-9e43-1769ffd1bc49_vocals.mp3,1997_5_43f51e5f-354d-4efe-9e43-1769ffd1bc49_vocals.mp3,Diddy feat. Mase,Can't Nobody Hold Me Down,pending,,,,,
suno_v4_5_1998_01,suno_v4_5,1998,01,/home/data/kevinzhang/research/fractal_analysis/audio_data/suno_v4_5/vocals/batch_1/1998_1_69fb7d9b-655a-4c5a-b60c-10c3e15a7d92_vocals.mp3,1998_1_69fb7d9b-655a-4c5a-b60c-10c3e15a7d92_vocals.mp3,Next,Too Close,pending,,,,,
suno_v4_5_1998_02,suno_v4_5,1998,02,/home/data/kevinzhang/research/fractal_analysis/audio_data/suno_v4_5/vocals/batch_1/1998_2_9deb35b9-de43-41b6-bc53-83ed1d5cc528_vocals.mp3,1998_2_9deb35b9-de43-41b6-bc53-83ed1d5cc528_vocals.mp3,Brandy and Monica,The Boy Is Mine,pending,,,,,
suno_v4_5_1998_03,suno_v4_5,1998,03,/home/data/kevinzhang/research/fractal_analysis/audio_data/suno_v4_5/vocals/batch_1/1998_3_d6eb1b3b-005e-48d4-a86a-fafb820f410c_vocals.mp3,1998_3_d6eb1b3b-005e-48d4-a86a-fafb820f410c_vocals.mp3,Shania Twain,You're Still the One,pending,,,,,
suno_v4_5_1998_04,suno_v4_5,1998,04,/home/data/kevinzhang/research/fractal_analysis/audio_data/suno_v4_5/vocals/batch_1/1998_4_4e2def5e-94d9-4117-8bab-81e75463e76e_vocals.mp3,1998_4_4e2def5e-94d9-4117-8bab-81e75463e76e_vocals.mp3,Savage Garden,Truly Madly Deeply,pending,,,,,
suno_v4_5_1998_05,suno_v4_5,1998,05,/home/data/kevinzhang/research/fractal_analysis/audio_data/suno_v4_5/vocals/batch_1/1998_5_3abe90a2-85d4-4016-84ac-8caba7fc2980_vocals.mp3,1998_5_3abe90a2-85d4-4016-84ac-8caba7fc2980_vocals.mp3,LeAnn Rimes,How Do I Live,pending,,,,,
suno_v4_5_1999_01,suno_v4_5,1999,01,/home/data/kevinzhang/research/fractal_analysis/audio_data/suno_v4_5/vocals/batch_1/1999_1_1ac27ecb-25b5-4ab4-9cd9-cef7ee71c3fe_vocals.mp3,1999_1_1ac27ecb-25b5-4ab4-9cd9-cef7ee71c3fe_vocals.mp3,Cher,Believe,pending,,,,,
suno_v4_5_1999_02,suno_v4_5,1999,02,/home/data/kevinzhang/research/fractal_analysis/audio_data/suno_v4_5/vocals/batch_1/1999_2_25374fbf-e827-4416-af00-337da82c6067_vocals.mp3,1999_2_25374fbf-e827-4416-af00-337da82c6067_vocals.mp3,TLC,No Scrubs,pending,,,,,
suno_v4_5_1999_03,suno_v4_5,1999,03,/home/data/kevinzhang/research/fractal_analysis/audio_data/suno_v4_5/vocals/batch_1/1999_3_2ee0e793-ce8b-4e83-ba01-0f5823db3753_vocals.mp3,1999_3_2ee0e793-ce8b-4e83-ba01-0f5823db3753_vocals.mp3,Monica,Angel of Mine,pending,,,,,
suno_v4_5_1999_04,suno_v4_5,1999,04,/home/data/kevinzhang/research/fractal_analysis/audio_data/suno_v4_5/vocals/batch_1/1999_4_0079c944-bd99-45dc-9ede-f5e7bbe85b01_vocals.mp3,1999_4_0079c944-bd99-45dc-9ede-f5e7bbe85b01_vocals.mp3,Whitney Houston feat. Faith Evans and Kelly Price,Heartbreak Hotel,pending,,,,,
suno_v4_5_1999_05,suno_v4_5,1999,05,/home/data/kevinzhang/research/fractal_analysis/audio_data/suno_v4_5/vocals/batch_1/1999_5_e4be8f06-e782-47b4-8672-042b995895c7_vocals.mp3,1999_5_e4be8f06-e782-47b4-8672-042b995895c7_vocals.mp3,Britney Spears,...Baby One More Time,pending,,,,,
suno_v4_5_2000_01,suno_v4_5,2000,01,/home/data/kevinzhang/research/fractal_analysis/audio_data/suno_v4_5/vocals/batch_1/2000_1_1798a20d-30f7-4ba2-a220-ada4c989b3dc_vocals.mp3,2000_1_1798a20d-30f7-4ba2-a220-ada4c989b3dc_vocals.mp3,Faith Hill,Breathe,pending,,,,,
suno_v4_5_2000_02,suno_v4_5,2000,02,/home/data/kevinzhang/research/fractal_analysis/audio_data/suno_v4_5/vocals/batch_1/2000_2_c6c9a5eb-5392-4885-bdbb-a4305125d243_vocals.mp3,2000_2_c6c9a5eb-5392-4885-bdbb-a4305125d243_vocals.mp3,Santana feat. Rob Thomas,Smooth,pending,,,,,
suno_v4_5_2000_03,suno_v4_5,2000,03,/home/data/kevinzhang/research/fractal_analysis/audio_data/suno_v4_5/vocals/batch_1/2000_3_21338439-ea07-4722-9643-1ad2ade054fa_vocals.mp3,2000_3_21338439-ea07-4722-9643-1ad2ade054fa_vocals.mp3,Santana feat. The Product G&B,Maria Maria,pending,,,,,
suno_v4_5_2000_04,suno_v4_5,2000,04,/home/data/kevinzhang/research/fractal_analysis/audio_data/suno_v4_5/vocals/batch_1/2000_4_28bd6fc2-bf81-465d-8ada-c4e47ae86c7b_vocals.mp3,2000_4_28bd6fc2-bf81-465d-8ada-c4e47ae86c7b_vocals.mp3,Joe,I Wanna Know,pending,,,,,
suno_v4_5_2000_05,suno_v4_5,2000,05,/home/data/kevinzhang/research/fractal_analysis/audio_data/suno_v4_5/vocals/batch_1/2000_5_76aa38de-a976-4066-9578-8db81ed69e0c_vocals.mp3,2000_5_76aa38de-a976-4066-9578-8db81ed69e0c_vocals.mp3,Vertical Horizon,Everything You Want,pending,,,,,
suno_v4_5_2001_01,suno_v4_5,2001,01,/home/data/kevinzhang/research/fractal_analysis/audio_data/suno_v4_5/vocals/batch_1/2001_1_572bcca4-e540-45b8-96d0-8f5f77288cea_vocals.mp3,2001_1_572bcca4-e540-45b8-96d0-8f5f77288cea_vocals.mp3,Lifehouse,Hanging By A Moment,pending,,,,,
suno_v4_5_2001_02,suno_v4_5,2001,02,/home/data/kevinzhang/research/fractal_analysis/audio_data/suno_v4_5/vocals/batch_1/2001_2_1dfcfbaf-f369-49ea-bd1d-b4453b34bef4_vocals.mp3,2001_2_1dfcfbaf-f369-49ea-bd1d-b4453b34bef4_vocals.mp3,Alicia Keys,Fallin',pending,,,,,
suno_v4_5_2001_03,suno_v4_5,2001,03,/home/data/kevinzhang/research/fractal_analysis/audio_data/suno_v4_5/vocals/batch_1/2001_3_ab444e39-09d3-40de-a795-d454555e82a5_vocals.mp3,2001_3_ab444e39-09d3-40de-a795-d454555e82a5_vocals.mp3,Janet Jackson,All For You,pending,,,,,
suno_v4_5_2001_04,suno_v4_5,2001,04,/home/data/kevinzhang/research/fractal_analysis/audio_data/suno_v4_5/vocals/batch_1/2001_4_40283611-4abc-4722-9ef5-b6cde87dff3a_vocals.mp3,2001_4_40283611-4abc-4722-9ef5-b6cde87dff3a_vocals.mp3,Train,Drops of Jupiter (Tell Me),pending,,,,,
suno_v4_5_2001_05,suno_v4_5,2001,05,/home/data/kevinzhang/research/fractal_analysis/audio_data/suno_v4_5/vocals/batch_1/2001_5_d4a6f313-cb4c-45ae-ac03-b93d0d5906af_vocals.mp3,2001_5_d4a6f313-cb4c-45ae-ac03-b93d0d5906af_vocals.mp3,Jennifer Lopez feat. Ja Rule,I'm Real (Murder Remix),pending,,,,,
suno_v4_5_2002_01,suno_v4_5,2002,01,/home/data/kevinzhang/research/fractal_analysis/audio_data/suno_v4_5/vocals/batch_1/2002_1_40a863e3-974b-41b2-b223-8645f3aca042_vocals.mp3,2002_1_40a863e3-974b-41b2-b223-8645f3aca042_vocals.mp3,Nickelback,How You Remind Me,pending,,,,,
suno_v4_5_2002_02,suno_v4_5,2002,02,/home/data/kevinzhang/research/fractal_analysis/audio_data/suno_v4_5/vocals/batch_1/2002_2_0c187f0b-bad2-4e4f-a7fb-8ff08861d47a_vocals.mp3,2002_2_0c187f0b-bad2-4e4f-a7fb-8ff08861d47a_vocals.mp3,Ashanti,Foolish,pending,,,,,
suno_v4_5_2002_03,suno_v4_5,2002,03,/home/data/kevinzhang/research/fractal_analysis/audio_data/suno_v4_5/vocals/batch_1/2002_3_394e74b5-cb54-4a09-9d39-1ec79fe7ce45_vocals.mp3,2002_3_394e74b5-cb54-4a09-9d39-1ec79fe7ce45_vocals.mp3,Nelly,Hot in Herre,pending,,,,,
suno_v4_5_2002_04,suno_v4_5,2002,04,/home/data/kevinzhang/research/fractal_analysis/audio_data/suno_v4_5/vocals/batch_1/2002_4_3b4c0e1d-4964-41fb-8cf6-2e24cfc32860_vocals.mp3,2002_4_3b4c0e1d-4964-41fb-8cf6-2e24cfc32860_vocals.mp3,Nelly feat. Kelly Rowland,Dilemma,pending,,,,,
suno_v4_5_2002_05,suno_v4_5,2002,05,/home/data/kevinzhang/research/fractal_analysis/audio_data/suno_v4_5/vocals/batch_1/2002_5_4b3a3a62-a56c-43a0-a453-c15cc7880308_vocals.mp3,2002_5_4b3a3a62-a56c-43a0-a453-c15cc7880308_vocals.mp3,The Calling,Wherever You Will Go,pending,,,,,
suno_v4_5_2003_01,suno_v4_5,2003,01,/home/data/kevinzhang/research/fractal_analysis/audio_data/suno_v4_5/vocals/batch_1/2003_1_06fdece4-29b9-4cce-8efd-8f1359f8ae7b_vocals.mp3,2003_1_06fdece4-29b9-4cce-8efd-8f1359f8ae7b_vocals.mp3,50 Cent,In da Club,pending,,,,,
suno_v4_5_2003_02,suno_v4_5,2003,02,/home/data/kevinzhang/research/fractal_analysis/audio_data/suno_v4_5/vocals/batch_1/2003_2_8623def1-5177-4af3-a699-f8031149cd68_vocals.mp3,2003_2_8623def1-5177-4af3-a699-f8031149cd68_vocals.mp3,R. Kelly,Ignition,pending,,,,,
suno_v4_5_2003_03,suno_v4_5,2003,03,/home/data/kevinzhang/research/fractal_analysis/audio_data/suno_v4_5/vocals/batch_1/2003_3_b0de3c73-9ea7-459f-8c07-764ece5fb154_vocals.mp3,2003_3_b0de3c73-9ea7-459f-8c07-764ece5fb154_vocals.mp3,Sean Paul,Get Busy,pending,,,,,
suno_v4_5_2003_04,suno_v4_5,2003,04,/home/data/kevinzhang/research/fractal_analysis/audio_data/suno_v4_5/vocals/batch_1/2003_4_c8c63055-f85e-4f99-8b26-b2f4889905ca_vocals.mp3,2003_4_c8c63055-f85e-4f99-8b26-b2f4889905ca_vocals.mp3,Beyonce featuring Jay-Z,Crazy in Love,pending,,,,,
suno_v4_5_2003_05,suno_v4_5,2003,05,/home/data/kevinzhang/research/fractal_analysis/audio_data/suno_v4_5/vocals/batch_1/2003_5_57f35110-45f7-4015-a216-fc92a6357bb4_vocals.mp3,2003_5_57f35110-45f7-4015-a216-fc92a6357bb4_vocals.mp3,3 Doors Down,When I'm Gone,pending,,,,,
suno_v4_5_2004_01,suno_v4_5,2004,01,/home/data/kevinzhang/research/fractal_analysis/audio_data/suno_v4_5/vocals/batch_1/2004_1_011c0fd5-7fa0-4e10-80f8-ca1d99fc8893_vocals.mp3,2004_1_011c0fd5-7fa0-4e10-80f8-ca1d99fc8893_vocals.mp3,Usher feat. Lil John & Ludacris,Yeah!,pending,,,,,
suno_v4_5_2004_02,suno_v4_5,2004,02,/home/data/kevinzhang/research/fractal_analysis/audio_data/suno_v4_5/vocals/batch_1/2004_2_9156b344-8f99-48c6-a459-885d7f7b44a4_vocals.mp3,2004_2_9156b344-8f99-48c6-a459-885d7f7b44a4_vocals.mp3,Usher,Burn,pending,,,,,
suno_v4_5_2004_03,suno_v4_5,2004,03,/home/data/kevinzhang/research/fractal_analysis/audio_data/suno_v4_5/vocals/batch_1/2004_3_1f9cb3e0-82f8-4adf-b0ad-7b40a0209b6d_vocals.mp3,2004_3_1f9cb3e0-82f8-4adf-b0ad-7b40a0209b6d_vocals.mp3,Alicia Keys,If I Ain't Got You,pending,,,,,
suno_v4_5_2004_04,suno_v4_5,2004,04,/home/data/kevinzhang/research/fractal_analysis/audio_data/suno_v4_5/vocals/batch_1/2004_4_877dc110-71cd-479c-8503-1d08b04b91bf_vocals.mp3,2004_4_877dc110-71cd-479c-8503-1d08b04b91bf_vocals.mp3,Maroon 5,This Love,pending,,,,,
suno_v4_5_2004_05,suno_v4_5,2004,05,/home/data/kevinzhang/research/fractal_analysis/audio_data/suno_v4_5/vocals/batch_1/2004_5_48f1dd16-0416-4419-8a36-8a6b550a6af2_vocals.mp3,2004_5_48f1dd16-0416-4419-8a36-8a6b550a6af2_vocals.mp3,OutKast feat. Sleepy Brown,The Way You Move,pending,,,,,
suno_v4_5_2005_01,suno_v4_5,2005,01,/home/data/kevinzhang/research/fractal_analysis/audio_data/suno_v4_5/vocals/batch_1/2005_1_85554972-c383-4686-8d54-767aa26a1ae7_vocals.mp3,2005_1_85554972-c383-4686-8d54-767aa26a1ae7_vocals.mp3,Mariah Carey,We Belong Together,pending,,,,,
suno_v4_5_2005_02,suno_v4_5,2005,02,/home/data/kevinzhang/research/fractal_analysis/audio_data/suno_v4_5/vocals/batch_1/2005_2_956909a2-f87c-4e45-8c2f-854e10c4b16f_vocals.mp3,2005_2_956909a2-f87c-4e45-8c2f-854e10c4b16f_vocals.mp3,Gwen Stefani,Hollaback Girl,pending,,,,,
suno_v4_5_2005_03,suno_v4_5,2005,03,/home/data/kevinzhang/research/fractal_analysis/audio_data/suno_v4_5/vocals/batch_1/2005_3_61b23f19-d499-4525-91e1-96a109d5b545_vocals.mp3,2005_3_61b23f19-d499-4525-91e1-96a109d5b545_vocals.mp3,Mario,Let Me Love You,pending,,,,,
suno_v4_5_2005_04,suno_v4_5,2005,04,/home/data/kevinzhang/research/fractal_analysis/audio_data/suno_v4_5/vocals/batch_1/2005_4_5722c8e5-526c-4d50-b8cb-4f1cfb206e66_vocals.mp3,2005_4_5722c8e5-526c-4d50-b8cb-4f1cfb206e66_vocals.mp3,Kelly Clarkson,Since U Been Gone,pending,,,,,
suno_v4_5_2005_05,suno_v4_5,2005,05,/home/data/kevinzhang/research/fractal_analysis/audio_data/suno_v4_5/vocals/batch_1/2005_5_6cd9e804-7480-4ba5-8846-c358cfe25e19_vocals.mp3,2005_5_6cd9e804-7480-4ba5-8846-c358cfe25e19_vocals.mp3,Ciara feat. Missy Elliot,"1, 2 Step",pending,,,,,
suno_v4_5_2006_01,suno_v4_5,2006,01,/home/data/kevinzhang/research/fractal_analysis/audio_data/suno_v4_5/vocals/batch_1/2006_1_a0a72ad6-4a87-4210-ae0c-f419dbe2dcc5_vocals.mp3,2006_1_a0a72ad6-4a87-4210-ae0c-f419dbe2dcc5_vocals.mp3,Daniel Powter,Bad Day,pending,,,,,
suno_v4_5_2006_02,suno_v4_5,2006,02,/home/data/kevinzhang/research/fractal_analysis/audio_data/suno_v4_5/vocals/batch_1/2006_2_7d4c4667-30f9-4dbd-a90e-d49713f9422b_vocals.mp3,2006_2_7d4c4667-30f9-4dbd-a90e-d49713f9422b_vocals.mp3,Sean Paul,Temperature,pending,,,,,
suno_v4_5_2006_03,suno_v4_5,2006,03,/home/data/kevinzhang/research/fractal_analysis/audio_data/suno_v4_5/vocals/batch_1/2006_3_706891cd-cc4e-46bf-8b57-c143c306b096_vocals.mp3,2006_3_706891cd-cc4e-46bf-8b57-c143c306b096_vocals.mp3,Nelly Furtado feat. Timbaland,Promiscuous,pending,,,,,
suno_v4_5_2006_04,suno_v4_5,2006,04,/home/data/kevinzhang/research/fractal_analysis/audio_data/suno_v4_5/vocals/batch_1/2006_4_6be383b5-7f77-444c-947e-ddafad997c4c_vocals.mp3,2006_4_6be383b5-7f77-444c-947e-ddafad997c4c_vocals.mp3,James Blunt,You're Beautiful,pending,,,,,
suno_v4_5_2006_05,suno_v4_5,2006,05,/home/data/kevinzhang/research/fractal_analysis/audio_data/suno_v4_5/vocals/batch_1/2006_5_104c3008-d865-48b5-9298-386a993c6267_vocals.mp3,2006_5_104c3008-d865-48b5-9298-386a993c6267_vocals.mp3,Shakira feat. Wyclef Jean,Hips Don't Lie,pending,,,,,
suno_v4_5_2007_01,suno_v4_5,2007,01,/home/data/kevinzhang/research/fractal_analysis/audio_data/suno_v4_5/vocals/batch_1/2007_1_235472ea-78f6-43c8-a7f0-d2da936a9279_vocals.mp3,2007_1_235472ea-78f6-43c8-a7f0-d2da936a9279_vocals.mp3,Beyonce,Irreplaceable,pending,,,,,
suno_v4_5_2007_02,suno_v4_5,2007,02,/home/data/kevinzhang/research/fractal_analysis/audio_data/suno_v4_5/vocals/batch_1/2007_2_6e8383a4-7ef8-4500-9275-436107abeef3_vocals.mp3,2007_2_6e8383a4-7ef8-4500-9275-436107abeef3_vocals.mp3,Rihanna feat. Jay-Z,Umbrella,pending,,,,,
suno_v4_5_2007_03,suno_v4_5,2007,03,/home/data/kevinzhang/research/fractal_analysis/audio_data/suno_v4_5/vocals/batch_1/2007_3_02a9d1cf-b199-4505-9a12-781b0b2d340d_vocals.mp3,2007_3_02a9d1cf-b199-4505-9a12-781b0b2d340d_vocals.mp3,Gwen Stefani feat. Akon,The Sweet Escape,pending,,,,,
suno_v4_5_2007_04,suno_v4_5,2007,04,/home/data/kevinzhang/research/fractal_analysis/audio_data/suno_v4_5/vocals/batch_1/2007_4_211c19fd-b3c7-4b02-bb8d-a6143d76faec_vocals.mp3,2007_4_211c19fd-b3c7-4b02-bb8d-a6143d76faec_vocals.mp3,Fergie,Big Girls Don't Cry (Personal),pending,,,,,
suno_v4_5_2007_05,suno_v4_5,2007,05,/home/data/kevinzhang/research/fractal_analysis/audio_data/suno_v4_5/vocals/batch_1/2007_5_20c2329c-9140-4173-bc75-b8ec5891d2eb_vocals.mp3,2007_5_20c2329c-9140-4173-bc75-b8ec5891d2eb_vocals.mp3,T-Pain feat. Yung Joc,Buy U a Drank (Shawty Snappin'),pending,,,,,
suno_v4_5_2008_01,suno_v4_5,2008,01,/home/data/kevinzhang/research/fractal_analysis/audio_data/suno_v4_5/vocals/batch_1/2008_1_923989fb-11a3-4ed4-a363-acac9abd0149_vocals.mp3,2008_1_923989fb-11a3-4ed4-a363-acac9abd0149_vocals.mp3,Flo Rida feat. T-Pain,Low,pending,,,,,
suno_v4_5_2008_02,suno_v4_5,2008,02,/home/data/kevinzhang/research/fractal_analysis/audio_data/suno_v4_5/vocals/batch_1/2008_2_0f2f846f-00b3-4525-ae62-de4986c6e494_vocals.mp3,2008_2_0f2f846f-00b3-4525-ae62-de4986c6e494_vocals.mp3,Leona Lewis,Bleeding Love,pending,,,,,
suno_v4_5_2008_03,suno_v4_5,2008,03,/home/data/kevinzhang/research/fractal_analysis/audio_data/suno_v4_5/vocals/batch_1/2008_3_32f4109c-866f-4e53-a47e-b1304e5655a7_vocals.mp3,2008_3_32f4109c-866f-4e53-a47e-b1304e5655a7_vocals.mp3,Alicia Keys,No One,pending,,,,,
suno_v4_5_2008_04,suno_v4_5,2008,04,/home/data/kevinzhang/research/fractal_analysis/audio_data/suno_v4_5/vocals/batch_1/2008_4_77370198-1cbd-45ad-a0e0-b5cb5554e94e_vocals.mp3,2008_4_77370198-1cbd-45ad-a0e0-b5cb5554e94e_vocals.mp3,Lil Wayne feat. Static Major,Lollipop,pending,,,,,
suno_v4_5_2008_05,suno_v4_5,2008,05,/home/data/kevinzhang/research/fractal_analysis/audio_data/suno_v4_5/vocals/batch_1/2008_5_8fe49f32-f464-4c3b-a97f-ba29f980ecca_vocals.mp3,2008_5_8fe49f32-f464-4c3b-a97f-ba29f980ecca_vocals.mp3,Timbaland feat. OneRepublic,Apologize,pending,,,,,
suno_v4_5_2009_01,suno_v4_5,2009,01,/home/data/kevinzhang/research/fractal_analysis/audio_data/suno_v4_5/vocals/batch_1/2009_1_14740a1e-92d9-4a93-b30e-04049a9fe981_vocals.mp3,2009_1_14740a1e-92d9-4a93-b30e-04049a9fe981_vocals.mp3,The Black Eyed Peas,Boom Boom Pow,pending,,,,,
suno_v4_5_2009_02,suno_v4_5,2009,02,/home/data/kevinzhang/research/fractal_analysis/audio_data/suno_v4_5/vocals/batch_1/2009_2_a07880a7-be38-4264-b52d-3ea2b33228d6_vocals.mp3,2009_2_a07880a7-be38-4264-b52d-3ea2b33228d6_vocals.mp3,Lady Gaga,Poker Face,pending,,,,,
suno_v4_5_2009_03,suno_v4_5,2009,03,/home/data/kevinzhang/research/fractal_analysis/audio_data/suno_v4_5/vocals/batch_1/2009_3_6c65d1d0-4129-40d8-b566-00bd049588e8_vocals.mp3,2009_3_6c65d1d0-4129-40d8-b566-00bd049588e8_vocals.mp3,Lady Gaga feat. Colby O'Donis,Just Dance,pending,,,,,
suno_v4_5_2009_04,suno_v4_5,2009,04,/home/data/kevinzhang/research/fractal_analysis/audio_data/suno_v4_5/vocals/batch_1/2009_4_3c5cb8a6-e897-4407-8f63-c0e250b3766a_vocals.mp3,2009_4_3c5cb8a6-e897-4407-8f63-c0e250b3766a_vocals.mp3,The Black Eyed Peas,I Gotta Feeling,pending,,,,,
suno_v4_5_2009_05,suno_v4_5,2009,05,/home/data/kevinzhang/research/fractal_analysis/audio_data/suno_v4_5/vocals/batch_1/2009_5_4b7ec41c-63ee-4604-9312-fff3929aeb75_vocals.mp3,2009_5_4b7ec41c-63ee-4604-9312-fff3929aeb75_vocals.mp3,Taylor Swift,Love Story,pending,,,,,
suno_v4_5_2010_01,suno_v4_5,2010,01,/home/data/kevinzhang/research/fractal_analysis/audio_data/suno_v4_5/vocals/batch_1/2010_1_4bf7db08-9dba-4fc2-b3b3-d7034e6061d4_vocals.mp3,2010_1_4bf7db08-9dba-4fc2-b3b3-d7034e6061d4_vocals.mp3,Kesha,Tik Tok,pending,,,,,
suno_v4_5_2010_02,suno_v4_5,2010,02,/home/data/kevinzhang/research/fractal_analysis/audio_data/suno_v4_5/vocals/batch_1/2010_2_25cc292c-27e4-4055-88d1-2d8722add12e_vocals.mp3,2010_2_25cc292c-27e4-4055-88d1-2d8722add12e_vocals.mp3,Lady Antebellum,Need You Now,pending,,,,,
suno_v4_5_2010_03,suno_v4_5,2010,03,/home/data/kevinzhang/research/fractal_analysis/audio_data/suno_v4_5/vocals/batch_1/2010_3_0ce8e22b-2f57-4020-a587-df5ec8d3de29_vocals.mp3,2010_3_0ce8e22b-2f57-4020-a587-df5ec8d3de29_vocals.mp3,Train,"Hey, Soul Sister",pending,,,,,
suno_v4_5_2010_04,suno_v4_5,2010,04,/home/data/kevinzhang/research/fractal_analysis/audio_data/suno_v4_5/vocals/batch_1/2010_4_62970d6e-8216-45a7-bab5-b1b95b01d345_vocals.mp3,2010_4_62970d6e-8216-45a7-bab5-b1b95b01d345_vocals.mp3,Katy Perry feat. Snoop Dogg,California Gurls,pending,,,,,
suno_v4_5_2010_05,suno_v4_5,2010,05,/home/data/kevinzhang/research/fractal_analysis/audio_data/suno_v4_5/vocals/batch_1/2010_5_5c966463-350a-4b21-b327-6b9609ca39c1_vocals.mp3,2010_5_5c966463-350a-4b21-b327-6b9609ca39c1_vocals.mp3,Usher feat. will.i.am,OMG,pending,,,,,
suno_v4_5_2011_01,suno_v4_5,2011,01,/home/data/kevinzhang/research/fractal_analysis/audio_data/suno_v4_5/vocals/batch_1/2011_1_31935b90-da70-49c8-aef5-faeddb2f57d9_vocals.mp3,2011_1_31935b90-da70-49c8-aef5-faeddb2f57d9_vocals.mp3,Adele,Rolling in the Deep,pending,,,,,
suno_v4_5_2011_02,suno_v4_5,2011,02,/home/data/kevinzhang/research/fractal_analysis/audio_data/suno_v4_5/vocals/batch_1/2011_2_1f019871-28bf-4a06-a5df-7283903cf4bf_vocals.mp3,2011_2_1f019871-28bf-4a06-a5df-7283903cf4bf_vocals.mp3,LMFAO feat. Lauren Bennett and GoonRock,Party Rock Anthem,pending,,,,,
suno_v4_5_2011_03,suno_v4_5,2011,03,/home/data/kevinzhang/research/fractal_analysis/audio_data/suno_v4_5/vocals/batch_1/2011_3_00831101-c044-44f6-9703-74a63ae18ded_vocals.mp3,2011_3_00831101-c044-44f6-9703-74a63ae18ded_vocals.mp3,Katy Perry,Firework,pending,,,,,
suno_v4_5_2011_04,suno_v4_5,2011,04,/home/data/kevinzhang/research/fractal_analysis/audio_data/suno_v4_5/vocals/batch_1/2011_4_98f20686-5ad8-48dd-8632-a26b7cc41a8a_vocals.mp3,2011_4_98f20686-5ad8-48dd-8632-a26b7cc41a8a_vocals.mp3,Katy Perry feat. Kanye West,E.T.,pending,,,,,
suno_v4_5_2011_05,suno_v4_5,2011,05,/home/data/kevinzhang/research/fractal_analysis/audio_data/suno_v4_5/vocals/batch_1/2011_5_2deaa5e1-bd22-4968-af62-efd480ef9619_vocals.mp3,2011_5_2deaa5e1-bd22-4968-af62-efd480ef9619_vocals.mp3,"Pitbull feat. Ne-Yo, Afrojack and Nayer",Give Me Everything,pending,,,,,
suno_v4_5_2012_01,suno_v4_5,2012,01,/home/data/kevinzhang/research/fractal_analysis/audio_data/suno_v4_5/vocals/batch_1/2012_1_0e16c44b-5929-46f9-aa8c-a782b63ed91a_vocals.mp3,2012_1_0e16c44b-5929-46f9-aa8c-a782b63ed91a_vocals.mp3,Gotye feat. Kimbra,Somebody That I Used to Know,pending,,,,,
suno_v4_5_2012_02,suno_v4_5,2012,02,/home/data/kevinzhang/research/fractal_analysis/audio_data/suno_v4_5/vocals/batch_1/2012_2_93cee518-9728-4abc-93e4-fb1f19dbd646_vocals.mp3,2012_2_93cee518-9728-4abc-93e4-fb1f19dbd646_vocals.mp3,Carly Rae Jepsen,Call Me Maybe,pending,,,,,
suno_v4_5_2012_03,suno_v4_5,2012,03,/home/data/kevinzhang/research/fractal_analysis/audio_data/suno_v4_5/vocals/batch_1/2012_3_b0c6cc78-8794-4bbd-951c-c4504470cbce_vocals.mp3,2012_3_b0c6cc78-8794-4bbd-951c-c4504470cbce_vocals.mp3,Fun feat. Janelle Monae,We Are Young,pending,,,,,
suno_v4_5_2012_04,suno_v4_5,2012,04,/home/data/kevinzhang/research/fractal_analysis/audio_data/suno_v4_5/vocals/batch_1/2012_4_78a6e6bd-4180-40f0-aaa3-2065883b4480_vocals.mp3,2012_4_78a6e6bd-4180-40f0-aaa3-2065883b4480_vocals.mp3,Maroon 5 feat. Wiz Khalifa,Payphone,pending,,,,,
suno_v4_5_2012_05,suno_v4_5,2012,05,/home/data/kevinzhang/research/fractal_analysis/audio_data/suno_v4_5/vocals/batch_1/2012_5_0592db54-641e-49ae-b165-614440bb5876_vocals.mp3,2012_5_0592db54-641e-49ae-b165-614440bb5876_vocals.mp3,Ellie Goulding,Lights,pending,,,,,
suno_v4_5_2013_01,suno_v4_5,2013,01,/home/data/kevinzhang/research/fractal_analysis/audio_data/suno_v4_5/vocals/batch_1/2013_1_593b03bc-fe03-425c-8300-2b56bebd2769_vocals.mp3,2013_1_593b03bc-fe03-425c-8300-2b56bebd2769_vocals.mp3,Macklemore and Ryan Lewis feat. Wanz,Thrift Shop,pending,,,,,
suno_v4_5_2013_02,suno_v4_5,2013,02,/home/data/kevinzhang/research/fractal_analysis/audio_data/suno_v4_5/vocals/batch_1/2013_2_9aaf533d-1ce5-4f53-9d20-401ddf4e6fec_vocals.mp3,2013_2_9aaf533d-1ce5-4f53-9d20-401ddf4e6fec_vocals.mp3,Robin Thicke feat. TI and Pharrell Williams,Blurred Lines,pending,,,,,
suno_v4_5_2013_03,suno_v4_5,2013,03,/home/data/kevinzhang/research/fractal_analysis/audio_data/suno_v4_5/vocals/batch_1/2013_3_0cbdb30b-1203-40e9-ab74-26a4a32256e6_vocals.mp3,2013_3_0cbdb30b-1203-40e9-ab74-26a4a32256e6_vocals.mp3,Imagine Dragons,Radioactive,pending,,,,,
suno_v4_5_2013_04,suno_v4_5,2013,04,/home/data/kevinzhang/research/fractal_analysis/audio_data/suno_v4_5/vocals/batch_1/2013_4_03e9943c-e6ce-4c0d-a210-1fe173eb4da1_vocals.mp3,2013_4_03e9943c-e6ce-4c0d-a210-1fe173eb4da1_vocals.mp3,Baauer,Harlem Shake,pending,,,,,
suno_v4_5_2013_05,suno_v4_5,2013,05,/home/data/kevinzhang/research/fractal_analysis/audio_data/suno_v4_5/vocals/batch_1/2013_5_0cf0c466-e565-4e04-ad74-c1f549583f55_vocals.mp3,2013_5_0cf0c466-e565-4e04-ad74-c1f549583f55_vocals.mp3,Macklemore and Ryan Lewis feat. Ray Dalton,Can't Hold Us,pending,,,,,
suno_v4_5_2014_01,suno_v4_5,2014,01,/home/data/kevinzhang/research/fractal_analysis/audio_data/suno_v4_5/vocals/batch_1/2014_1_8f1f57e6-c40c-4cba-b30c-ec21581bdfaa_vocals.mp3,2014_1_8f1f57e6-c40c-4cba-b30c-ec21581bdfaa_vocals.mp3,Pharrell Williams,Happy,pending,,,,,
suno_v4_5_2014_02,suno_v4_5,2014,02,/home/data/kevinzhang/research/fractal_analysis/audio_data/suno_v4_5/vocals/batch_1/2014_2_4c878000-0334-4788-ab2b-78c0d23a6664_vocals.mp3,2014_2_4c878000-0334-4788-ab2b-78c0d23a6664_vocals.mp3,Katy Perry and Juicy J,Dark Horse,pending,,,,,
suno_v4_5_2014_03,suno_v4_5,2014,03,/home/data/kevinzhang/research/fractal_analysis/audio_data/suno_v4_5/vocals/batch_1/2014_3_454b1b36-b1fa-43f4-9605-310d03445249_vocals.mp3,2014_3_454b1b36-b1fa-43f4-9605-310d03445249_vocals.mp3,John Legend,All of Me,pending,,,,,
suno_v4_5_2014_04,suno_v4_5,2014,04,/home/data/kevinzhang/research/fractal_analysis/audio_data/suno_v4_5/vocals/batch_1/2014_4_16f40cce-7806-483e-9642-4374844a4688_vocals.mp3,2014_4_16f40cce-7806-483e-9642-4374844a4688_vocals.mp3,Iggy Azalea feat. Charli XCX,Fancy,pending,,,,,
suno_v4_5_2014_05,suno_v4_5,2014,05,/home/data/kevinzhang/research/fractal_analysis/audio_data/suno_v4_5/vocals/batch_1/2014_5_5818cbfa-7a4a-4093-823d-f8d70b18d39c_vocals.mp3,2014_5_5818cbfa-7a4a-4093-823d-f8d70b18d39c_vocals.mp3,OneRepublic,Counting Stars,pending,,,,,
suno_v4_5_2015_01,suno_v4_5,2015,01,/home/data/kevinzhang/research/fractal_analysis/audio_data/suno_v4_5/vocals/batch_1/2015_1_09645f39-6394-4f6c-b3fd-df5c4a3662cc_vocals.mp3,2015_1_09645f39-6394-4f6c-b3fd-df5c4a3662cc_vocals.mp3,Mark Ronson feat. Bruno Mars,Uptown Funk,pending,,,,,
suno_v4_5_2015_02,suno_v4_5,2015,02,/home/data/kevinzhang/research/fractal_analysis/audio_data/suno_v4_5/vocals/batch_1/2015_2_485305d2-9ab2-4376-9a40-30c7c4baa47b_vocals.mp3,2015_2_485305d2-9ab2-4376-9a40-30c7c4baa47b_vocals.mp3,Ed Sheeran,Thinking Out Loud,pending,,,,,
suno_v4_5_2015_03,suno_v4_5,2015,03,/home/data/kevinzhang/research/fractal_analysis/audio_data/suno_v4_5/vocals/batch_1/2015_3_a5b96ee6-bc10-4ce1-adf4-86b1a7e00b09_vocals.mp3,2015_3_a5b96ee6-bc10-4ce1-adf4-86b1a7e00b09_vocals.mp3,Wiz Khalifa feat. Charlie Puth,See You Again,pending,,,,,
suno_v4_5_2015_04,suno_v4_5,2015,04,/home/data/kevinzhang/research/fractal_analysis/audio_data/suno_v4_5/vocals/batch_1/2015_4_15807c5b-8878-4f65-ac39-8542284228d6_vocals.mp3,2015_4_15807c5b-8878-4f65-ac39-8542284228d6_vocals.mp3,Fetty Wap,Trap Queen,pending,,,,,
suno_v4_5_2015_05,suno_v4_5,2015,05,/home/data/kevinzhang/research/fractal_analysis/audio_data/suno_v4_5/vocals/batch_1/2015_5_9fb746d0-3eb2-4475-b934-7507389e6b6a_vocals.mp3,2015_5_9fb746d0-3eb2-4475-b934-7507389e6b6a_vocals.mp3,Maroon 5,Sugar,pending,,,,,
suno_v4_5_2016_01,suno_v4_5,2016,01,/home/data/kevinzhang/research/fractal_analysis/audio_data/suno_v4_5/vocals/batch_1/2016_1_5e6b57ed-0d17-46bb-be74-9d96a4d6c4d8_vocals.mp3,2016_1_5e6b57ed-0d17-46bb-be74-9d96a4d6c4d8_vocals.mp3,Justin Bieber,Love Yourself,pending,,,,,
suno_v4_5_2016_02,suno_v4_5,2016,02,/home/data/kevinzhang/research/fractal_analysis/audio_data/suno_v4_5/vocals/batch_1/2016_2_28fac2a1-9f0c-4ab4-a987-294ebe94e870_vocals.mp3,2016_2_28fac2a1-9f0c-4ab4-a987-294ebe94e870_vocals.mp3,Justin Bieber,Sorry,pending,,,,,
suno_v4_5_2016_03,suno_v4_5,2016,03,/home/data/kevinzhang/research/fractal_analysis/audio_data/suno_v4_5/vocals/batch_1/2016_3_bd16209a-052f-4692-b8a7-713444155eab_vocals.mp3,2016_3_bd16209a-052f-4692-b8a7-713444155eab_vocals.mp3,Drake feat. Wizkid and Kyla,One Dance,pending,,,,,
suno_v4_5_2016_04,suno_v4_5,2016,04,/home/data/kevinzhang/research/fractal_analysis/audio_data/suno_v4_5/vocals/batch_1/2016_4_49232771-d1fe-4cb1-b3e0-a378325ffb74_vocals.mp3,2016_4_49232771-d1fe-4cb1-b3e0-a378325ffb74_vocals.mp3,Rihanna feat. Drake,Work,pending,,,,,
suno_v4_5_2016_05,suno_v4_5,2016,05,/home/data/kevinzhang/research/fractal_analysis/audio_data/suno_v4_5/vocals/batch_1/2016_5_1f519212-7319-4106-a633-ee647db00b88_vocals.mp3,2016_5_1f519212-7319-4106-a633-ee647db00b88_vocals.mp3,Twenty One Pilots,Stressed Out,pending,,,,,
suno_v4_5_2017_01,suno_v4_5,2017,01,/home/data/kevinzhang/research/fractal_analysis/audio_data/suno_v4_5/vocals/batch_1/2017_1_5c0c0d82-cb35-477d-98b8-14d5c7dba4cc_vocals.mp3,2017_1_5c0c0d82-cb35-477d-98b8-14d5c7dba4cc_vocals.mp3,Ed Sheeran,Shape of You,pending,,,,,
suno_v4_5_2017_02,suno_v4_5,2017,02,/home/data/kevinzhang/research/fractal_analysis/audio_data/suno_v4_5/vocals/batch_1/2017_2_b130bc07-b60c-4e00-9ed2-79b6a5c2fef0_vocals.mp3,2017_2_b130bc07-b60c-4e00-9ed2-79b6a5c2fef0_vocals.mp3,Luis Fonsi and Daddy Yankee feat. Justin Bieber,Despacito (Remix),pending,,,,,
suno_v4_5_2017_03,suno_v4_5,2017,03,/home/data/kevinzhang/research/fractal_analysis/audio_data/suno_v4_5/vocals/batch_1/2017_3_64aebdbf-4c20-4b77-8b80-c1e9e6a64e09_vocals.mp3,2017_3_64aebdbf-4c20-4b77-8b80-c1e9e6a64e09_vocals.mp3,Bruno Mars,That's What I Like,pending,,,,,
suno_v4_5_2017_04,suno_v4_5,2017,04,/home/data/kevinzhang/research/fractal_analysis/audio_data/suno_v4_5/vocals/batch_1/2017_4_cf7ffee7-ff7c-42e8-a106-8b2bbd687ed0_vocals.mp3,2017_4_cf7ffee7-ff7c-42e8-a106-8b2bbd687ed0_vocals.mp3,Kendrick Lamar,Humble,pending,,,,,
suno_v4_5_2017_05,suno_v4_5,2017,05,/home/data/kevinzhang/research/fractal_analysis/audio_data/suno_v4_5/vocals/batch_1/2017_5_1ae07690-e018-4d96-be3f-63bb9e86c97a_vocals.mp3,2017_5_1ae07690-e018-4d96-be3f-63bb9e86c97a_vocals.mp3,The Chainsmokers and Coldplay,Something Just Like This,pending,,,,,
suno_v4_5_2018_01,suno_v4_5,2018,01,/home/data/kevinzhang/research/fractal_analysis/audio_data/suno_v4_5/vocals/batch_1/2018_1_7c7415ff-cf82-476c-a246-e746943b3dd2_vocals.mp3,2018_1_7c7415ff-cf82-476c-a246-e746943b3dd2_vocals.mp3,Drake,God's Plan,pending,,,,,
suno_v4_5_2018_02,suno_v4_5,2018,02,/home/data/kevinzhang/research/fractal_analysis/audio_data/suno_v4_5/vocals/batch_1/2018_2_954b9da3-1fcb-427c-98a3-ccad32ec2181_vocals.mp3,2018_2_954b9da3-1fcb-427c-98a3-ccad32ec2181_vocals.mp3,Ed Sheeran,Perfect,pending,,,,,
suno_v4_5_2018_03,suno_v4_5,2018,03,/home/data/kevinzhang/research/fractal_analysis/audio_data/suno_v4_5/vocals/batch_1/2018_3_ddf736fa-6f97-4506-b2b2-a81dafa8cd41_vocals.mp3,2018_3_ddf736fa-6f97-4506-b2b2-a81dafa8cd41_vocals.mp3,Bebe Rexha feat. Florida Georgia Line,Meant to Be,pending,,,,,
suno_v4_5_2018_04,suno_v4_5,2018,04,/home/data/kevinzhang/research/fractal_analysis/audio_data/suno_v4_5/vocals/batch_1/2018_4_6ff28b01-5a2c-4ef7-861e-54bc720c41d9_vocals.mp3,2018_4_6ff28b01-5a2c-4ef7-861e-54bc720c41d9_vocals.mp3,Camila Cabello feat. Young Thug,Havana,pending,,,,,
suno_v4_5_2018_05,suno_v4_5,2018,05,/home/data/kevinzhang/research/fractal_analysis/audio_data/suno_v4_5/vocals/batch_1/2018_5_4e73f817-605e-42a1-8842-9582c202dcb5_vocals.mp3,2018_5_4e73f817-605e-42a1-8842-9582c202dcb5_vocals.mp3,Post Malone feat. 21 Savage,rockstar,pending,,,,,
suno_v4_5_2019_01,suno_v4_5,2019,01,/home/data/kevinzhang/research/fractal_analysis/audio_data/suno_v4_5/vocals/batch_1/2019_1_b13166fb-63ad-43e2-aadc-80efb17c3a37_vocals.mp3,2019_1_b13166fb-63ad-43e2-aadc-80efb17c3a37_vocals.mp3,Lil Nas X feat. Billy Ray Cyrus,Old Town Road - Remix,pending,,,,,
suno_v4_5_2019_02,suno_v4_5,2019,02,/home/data/kevinzhang/research/fractal_analysis/audio_data/suno_v4_5/vocals/batch_1/2019_2_60216e17-d5dd-4d2f-9057-66746a3ee8a6_vocals.mp3,2019_2_60216e17-d5dd-4d2f-9057-66746a3ee8a6_vocals.mp3,Post Malone and Swae Lee,Sunflower,pending,,,,,
suno_v4_5_2019_03,suno_v4_5,2019,03,/home/data/kevinzhang/research/fractal_analysis/audio_data/suno_v4_5/vocals/batch_1/2019_3_71f64262-e44b-402f-961b-8066713ebadc_vocals.mp3,2019_3_71f64262-e44b-402f-961b-8066713ebadc_vocals.mp3,Halsey,Without Me,pending,,,,,
suno_v4_5_2019_04,suno_v4_5,2019,04,/home/data/kevinzhang/research/fractal_analysis/audio_data/suno_v4_5/vocals/batch_1/2019_4_90432cb4-9f38-4b54-957c-35c4a0156295_vocals.mp3,2019_4_90432cb4-9f38-4b54-957c-35c4a0156295_vocals.mp3,Billie Eilish,Bad Guy,pending,,,,,
suno_v4_5_2019_05,suno_v4_5,2019,05,/home/data/kevinzhang/research/fractal_analysis/audio_data/suno_v4_5/vocals/batch_1/2019_5_33298611-8172-41f1-8f83-1f76892994e1_vocals.mp3,2019_5_33298611-8172-41f1-8f83-1f76892994e1_vocals.mp3,Post Malone,Wow,pending,,,,,
suno_v4_5_2020_01,suno_v4_5,2020,01,/home/data/kevinzhang/research/fractal_analysis/audio_data/suno_v4_5/vocals/batch_1/2020_1_7f873593-96a8-421e-a4e3-5a012a784ef9_vocals.mp3,2020_1_7f873593-96a8-421e-a4e3-5a012a784ef9_vocals.mp3,The Weeknd,Blinding Lights,pending,,,,,
suno_v4_5_2020_02,suno_v4_5,2020,02,/home/data/kevinzhang/research/fractal_analysis/audio_data/suno_v4_5/vocals/batch_1/2020_2_60e927bd-384c-426b-a30d-98b194270da7_vocals.mp3,2020_2_60e927bd-384c-426b-a30d-98b194270da7_vocals.mp3,Post Malone,Circles,pending,,,,,
suno_v4_5_2020_03,suno_v4_5,2020,03,/home/data/kevinzhang/research/fractal_analysis/audio_data/suno_v4_5/vocals/batch_1/2020_3_122976ab-2caf-49e0-b273-ae5df0088da1_vocals.mp3,2020_3_122976ab-2caf-49e0-b273-ae5df0088da1_vocals.mp3,Roddy Ricch,The Box,pending,,,,,
suno_v4_5_2020_04,suno_v4_5,2020,04,/home/data/kevinzhang/research/fractal_analysis/audio_data/suno_v4_5/vocals/batch_1/2020_4_c8e5e9aa-53df-44ab-9eb4-1841be92b67b_vocals.mp3,2020_4_c8e5e9aa-53df-44ab-9eb4-1841be92b67b_vocals.mp3,Dua Lipa,Don't Start Now,pending,,,,,
suno_v4_5_2020_05,suno_v4_5,2020,05,/home/data/kevinzhang/research/fractal_analysis/audio_data/suno_v4_5/vocals/batch_1/2020_5_1f6499e7-7aa6-4138-8843-c56d72c8ca13_vocals.mp3,2020_5_1f6499e7-7aa6-4138-8843-c56d72c8ca13_vocals.mp3,DaBaby feat. Roddy Ricch,Rockstar,pending,,,,,
suno_v4_5_2021_01,suno_v4_5,2021,01,/home/data/kevinzhang/research/fractal_analysis/audio_data/suno_v4_5/vocals/batch_1/2021_1_4681d5fb-cd3f-49d8-b950-c884082292ee_vocals.mp3,2021_1_4681d5fb-cd3f-49d8-b950-c884082292ee_vocals.mp3,Dua Lipa,Levitating,pending,,,,,
suno_v4_5_2021_02,suno_v4_5,2021,02,/home/data/kevinzhang/research/fractal_analysis/audio_data/suno_v4_5/vocals/batch_1/2021_2_c35268a4-bb1e-4a21-bff6-769ba71c9057_vocals.mp3,2021_2_c35268a4-bb1e-4a21-bff6-769ba71c9057_vocals.mp3,The Weeknd and Ariana Grande,Save Your Tears,pending,,,,,
suno_v4_5_2021_03,suno_v4_5,2021,03,/home/data/kevinzhang/research/fractal_analysis/audio_data/suno_v4_5/vocals/batch_1/2021_3_628430eb-0a58-449e-a458-a3f8ef2d7d4e_vocals.mp3,2021_3_628430eb-0a58-449e-a458-a3f8ef2d7d4e_vocals.mp3,The Weeknd,Blinding Lights,pending,,,,,
suno_v4_5_2021_04,suno_v4_5,2021,04,/home/data/kevinzhang/research/fractal_analysis/audio_data/suno_v4_5/vocals/batch_1/2021_4_5bd7eb54-0993-43a7-8eeb-cc82ebfbd12a_vocals.mp3,2021_4_5bd7eb54-0993-43a7-8eeb-cc82ebfbd12a_vocals.mp3,24kGoldn feat. Iann Dior,Mood,pending,,,,,
suno_v4_5_2021_05,suno_v4_5,2021,05,/home/data/kevinzhang/research/fractal_analysis/audio_data/suno_v4_5/vocals/batch_1/2021_5_2b18c740-7392-4914-aae8-f7a0081fb145_vocals.mp3,2021_5_2b18c740-7392-4914-aae8-f7a0081fb145_vocals.mp3,Olivia Rodrigo,Good 4 U,pending,,,,,
suno_v4_5_2022_01,suno_v4_5,2022,01,/home/data/kevinzhang/research/fractal_analysis/audio_data/suno_v4_5/vocals/batch_1/2022_1_cdbdca20-c1de-4ed1-a151-948e42b357fb_vocals.mp3,2022_1_cdbdca20-c1de-4ed1-a151-948e42b357fb_vocals.mp3,Glass Animals,Heat Waves,pending,,,,,
suno_v4_5_2022_02,suno_v4_5,2022,02,/home/data/kevinzhang/research/fractal_analysis/audio_data/suno_v4_5/vocals/batch_1/2022_2_40773c97-8b0d-4641-98ec-9b77cb34a017_vocals.mp3,2022_2_40773c97-8b0d-4641-98ec-9b77cb34a017_vocals.mp3,Harry Styles,As It Was,pending,,,,,
suno_v4_5_2022_03,suno_v4_5,2022,03,/home/data/kevinzhang/research/fractal_analysis/audio_data/suno_v4_5/vocals/batch_1/2022_3_ac3e73ab-483d-4b6b-a8ac-74775c037f7e_vocals.mp3,2022_3_ac3e73ab-483d-4b6b-a8ac-74775c037f7e_vocals.mp3,Kid Laroi and Justin Bieber,Stay,pending,,,,,
suno_v4_5_2022_04,suno_v4_5,2022,04,/home/data/kevinzhang/research/fractal_analysis/audio_data/suno_v4_5/vocals/batch_1/2022_4_6440ea25-5a5a-4a4e-a7d3-b6784aff36aa_vocals.mp3,2022_4_6440ea25-5a5a-4a4e-a7d3-b6784aff36aa_vocals.mp3,Adele,Easy On Me,pending,,,,,
suno_v4_5_2022_05,suno_v4_5,2022,05,/home/data/kevinzhang/research/fractal_analysis/audio_data/suno_v4_5/vocals/batch_1/2022_5_07279304-bfe2-4da2-ac81-741143eab540_vocals.mp3,2022_5_07279304-bfe2-4da2-ac81-741143eab540_vocals.mp3,Ed Sheeran,Shivers,pending,,,,,
suno_v4_5_2023_01,suno_v4_5,2023,01,/home/data/kevinzhang/research/fractal_analysis/audio_data/suno_v4_5/vocals/batch_1/2023_1_b7784b0c-4d80-4a3c-b25f-5da2817a2055_vocals.mp3,2023_1_b7784b0c-4d80-4a3c-b25f-5da2817a2055_vocals.mp3,Morgan Wallen,Last Night,pending,,,,,
suno_v4_5_2023_02,suno_v4_5,2023,02,/home/data/kevinzhang/research/fractal_analysis/audio_data/suno_v4_5/vocals/batch_1/2023_2_196585d6-bf04-4b81-834e-3ad7bfe38f8c_vocals.mp3,2023_2_196585d6-bf04-4b81-834e-3ad7bfe38f8c_vocals.mp3,Miley Cyrus,Flowers,pending,,,,,
suno_v4_5_2023_03,suno_v4_5,2023,03,/home/data/kevinzhang/research/fractal_analysis/audio_data/suno_v4_5/vocals/batch_1/2023_3_e9a3ef39-234c-4baf-a785-0708d4ec49fd_vocals.mp3,2023_3_e9a3ef39-234c-4baf-a785-0708d4ec49fd_vocals.mp3,SZA,Kill Bill,pending,,,,,
suno_v4_5_2023_04,suno_v4_5,2023,04,/home/data/kevinzhang/research/fractal_analysis/audio_data/suno_v4_5/vocals/batch_1/2023_4_24718d21-fc55-45f7-b3d6-3fc956f40c59_vocals.mp3,2023_4_24718d21-fc55-45f7-b3d6-3fc956f40c59_vocals.mp3,Taylor Swift,Anti-Hero,pending,,,,,
suno_v4_5_2023_05,suno_v4_5,2023,05,/home/data/kevinzhang/research/fractal_analysis/audio_data/suno_v4_5/vocals/batch_1/2023_5_5a86513a-9185-40e4-a691-3bb15728acdf_vocals.mp3,2023_5_5a86513a-9185-40e4-a691-3bb15728acdf_vocals.mp3,"Metro Boomin, The Weeknd and 21 Savage",Creepin',pending,,,,,
suno_v4_5_2024_01,suno_v4_5,2024,01,/home/data/kevinzhang/research/fractal_analysis/audio_data/suno_v4_5/vocals/batch_1/2024_1_3484be42-c2aa-4f87-b686-aa8de76addd2_vocals.mp3,2024_1_3484be42-c2aa-4f87-b686-aa8de76addd2_vocals.mp3,Teddy Swims,Lose Control,pending,,,,,
suno_v4_5_2024_02,suno_v4_5,2024,02,/home/data/kevinzhang/research/fractal_analysis/audio_data/suno_v4_5/vocals/batch_1/2024_2_34048527-4b27-4e65-ac7f-b76388ed605a_vocals.mp3,2024_2_34048527-4b27-4e65-ac7f-b76388ed605a_vocals.mp3,Shaboozey,A Bar Song (Tipsy),pending,,,,,
suno_v4_5_2024_03,suno_v4_5,2024,03,/home/data/kevinzhang/research/fractal_analysis/audio_data/suno_v4_5/vocals/batch_1/2024_3_946e3ef2-a11a-4d43-a6ba-af9e767fb47e_vocals.mp3,2024_3_946e3ef2-a11a-4d43-a6ba-af9e767fb47e_vocals.mp3,Benson Boone,Beautiful Things,pending,,,,,
suno_v4_5_2024_04,suno_v4_5,2024,04,/home/data/kevinzhang/research/fractal_analysis/audio_data/suno_v4_5/vocals/batch_1/2024_4_a8dc8b5f-a7bb-44a4-b602-5a7dd5f88cb6_vocals.mp3,2024_4_a8dc8b5f-a7bb-44a4-b602-5a7dd5f88cb6_vocals.mp3,Post Malone feat. Morgan Wallen,I Had Some Help,pending,,,,,
suno_v4_5_2024_05,suno_v4_5,2024,05,/home/data/kevinzhang/research/fractal_analysis/audio_data/suno_v4_5/vocals/batch_1/2024_5_347565b4-4eb1-49bd-bbc9-c18f78f43651_vocals.mp3,2024_5_347565b4-4eb1-49bd-bbc9-c18f78f43651_vocals.mp3,Jack Harlow,Lovin' On Me,pending,,,,,
yue_1950_01,yue,1950,01,/home/data/kevinzhang/research/fractal_analysis/audio_data/YuE/vocals/1950_1_Gordon Jenkins & The Weavers_Goodnight Irene_vocals.mp3,1950_1_Gordon Jenkins & The Weavers_Goodnight Irene_vocals.mp3,Gordon Jenkins & The Weavers,Goodnight Irene,pending,,,,,
yue_1950_02,yue,1950,02,/home/data/kevinzhang/research/fractal_analysis/audio_data/YuE/vocals/1950_2_Nat King Cole_Mona Lisa_vocals.mp3,1950_2_Nat King Cole_Mona Lisa_vocals.mp3,Nat King Cole,Mona Lisa,pending,,,,,
yue_1950_03,yue,1950,03,/home/data/kevinzhang/research/fractal_analysis/audio_data/YuE/vocals/1950_3_Anton Karas_Third Man Theme_vocals.mp3,1950_3_Anton Karas_Third Man Theme_vocals.mp3,Anton Karas,Third Man Theme,pending,,,,,
yue_1950_04,yue,1950,04,/home/data/kevinzhang/research/fractal_analysis/audio_data/YuE/vocals/1950_4_Gary & Bing Crosby_Sam's Song_vocals.mp3,1950_4_Gary & Bing Crosby_Sam's Song_vocals.mp3,Gary & Bing Crosby,Sam's Song,pending,,,,,
yue_1950_05,yue,1950,05,/home/data/kevinzhang/research/fractal_analysis/audio_data/YuE/vocals/1950_5_Gary & Bing Crosby_Simple Melody_vocals.mp3,1950_5_Gary & Bing Crosby_Simple Melody_vocals.mp3,Gary & Bing Crosby,Simple Melody,pending,,,,,
yue_1951_01,yue,1951,01,/home/data/kevinzhang/research/fractal_analysis/audio_data/YuE/vocals/1951_1_Nat King Cole_Too Young_vocals.mp3,1951_1_Nat King Cole_Too Young_vocals.mp3,Nat King Cole,Too Young,pending,,,,,
yue_1951_02,yue,1951,02,/home/data/kevinzhang/research/fractal_analysis/audio_data/YuE/vocals/1951_2_Tony Bennett_Because of You_vocals.mp3,1951_2_Tony Bennett_Because of You_vocals.mp3,Tony Bennett,Because of You,pending,,,,,
yue_1951_03,yue,1951,03,/home/data/kevinzhang/research/fractal_analysis/audio_data/YuE/vocals/1951_3_Les Paul & Mary Ford_How High the Moon_vocals.mp3,1951_3_Les Paul & Mary Ford_How High the Moon_vocals.mp3,Les Paul & Mary Ford,How High the Moon,pending,,,,,
yue_1951_04,yue,1951,04,/home/data/kevinzhang/research/fractal_analysis/audio_data/YuE/vocals/1951_4_Rosemary Clooney_Come on-a My House_vocals.mp3,1951_4_Rosemary Clooney_Come on-a My House_vocals.mp3,Rosemary Clooney,Come on-a My House,pending,,,,,
yue_1951_05,yue,1951,05,/home/data/kevinzhang/research/fractal_analysis/audio_data/YuE/vocals/1951_5_Mario Lanza_Be My Love_vocals.mp3,1951_5_Mario Lanza_Be My Love_vocals.mp3,Mario Lanza,Be My Love,pending,,,,,
yue_1952_01,yue,1952,01,/home/data/kevinzhang/research/fractal_analysis/audio_data/YuE/vocals/1952_1_Leroy Anderson_Blue Tango_vocals.mp3,1952_1_Leroy Anderson_Blue Tango_vocals.mp3,Leroy Anderson,Blue Tango,pending,,,,,
yue_1952_02,yue,1952,02,/home/data/kevinzhang/research/fractal_analysis/audio_data/YuE/vocals/1952_2_Kay Starr_Wheel of Fortune_vocals.mp3,1952_2_Kay Starr_Wheel of Fortune_vocals.mp3,Kay Starr,Wheel of Fortune,pending,,,,,
yue_1952_03,yue,1952,03,/home/data/kevinzhang/research/fractal_analysis/audio_data/YuE/vocals/1952_3_Johnnie Ray & The Four Lads_Cry_vocals.mp3,1952_3_Johnnie Ray & The Four Lads_Cry_vocals.mp3,Johnnie Ray & The Four Lads,Cry,pending,,,,,
yue_1952_05,yue,1952,05,/home/data/kevinzhang/research/fractal_analysis/audio_data/YuE/vocals/1952_5_Vera Lynn_Auf Wiederseh’n Sweetheart_vocals.mp3,1952_5_Vera Lynn_Auf Wiederseh’n Sweetheart_vocals.mp3,Vera Lynn,Auf Wiederseh’n Sweetheart,pending,,,,,
yue_1953_01,yue,1953,01,/home/data/kevinzhang/research/fractal_analysis/audio_data/YuE/vocals/1953_1_Percy Faith_The Song from Moulin Rouge_vocals.mp3,1953_1_Percy Faith_The Song from Moulin Rouge_vocals.mp3,Percy Faith,The Song from Moulin Rouge,pending,,,,,
yue_1953_02,yue,1953,02,/home/data/kevinzhang/research/fractal_analysis/audio_data/YuE/vocals/1953_2_Les Paul & Mary Ford_Vaya con Dios_vocals.mp3,1953_2_Les Paul & Mary Ford_Vaya con Dios_vocals.mp3,Les Paul & Mary Ford,Vaya con Dios,pending,,,,,
yue_1953_03,yue,1953,03,/home/data/kevinzhang/research/fractal_analysis/audio_data/YuE/vocals/1953_3_Patti Page_(How Much Is) That Doggie in the Window_vocals.mp3,1953_3_Patti Page_(How Much Is) That Doggie in the Window_vocals.mp3,Patti Page,(How Much Is) That Doggie in the Window,pending,,,,,
yue_1953_04,yue,1953,04,/home/data/kevinzhang/research/fractal_analysis/audio_data/YuE/vocals/1953_4_Eddie Fisher_I'm Walking Behind You_vocals.mp3,1953_4_Eddie Fisher_I'm Walking Behind You_vocals.mp3,Eddie Fisher,I'm Walking Behind You,pending,,,,,
yue_1953_05,yue,1953,05,"/home/data/kevinzhang/research/fractal_analysis/audio_data/YuE/vocals/1953_5_Ames Brothers_You, You, You_vocals.mp3","1953_5_Ames Brothers_You, You, You_vocals.mp3",Ames Brothers,"You, You, You",pending,,,,,
yue_1954_01,yue,1954,01,/home/data/kevinzhang/research/fractal_analysis/audio_data/YuE/vocals/1954_1_Kitty Kallen_Little Things Mean a Lot_vocals.mp3,1954_1_Kitty Kallen_Little Things Mean a Lot_vocals.mp3,Kitty Kallen,Little Things Mean a Lot,pending,,,,,
yue_1954_03,yue,1954,03,/home/data/kevinzhang/research/fractal_analysis/audio_data/YuE/vocals/1954_3_Rosemary Clooney_Hey There_vocals.mp3,1954_3_Rosemary Clooney_Hey There_vocals.mp3,Rosemary Clooney,Hey There,pending,,,,,
yue_1954_04,yue,1954,04,/home/data/kevinzhang/research/fractal_analysis/audio_data/YuE/vocals/1954_4_The Crew-Cuts_Sh-Boom_vocals.mp3,1954_4_The Crew-Cuts_Sh-Boom_vocals.mp3,The Crew-Cuts,Sh-Boom,pending,,,,,
yue_1954_05,yue,1954,05,/home/data/kevinzhang/research/fractal_analysis/audio_data/YuE/vocals/1954_5_Jo Stafford_Make Love to Me_vocals.mp3,1954_5_Jo Stafford_Make Love to Me_vocals.mp3,Jo Stafford,Make Love to Me,pending,,,,,
yue_1955_01,yue,1955,01,/home/data/kevinzhang/research/fractal_analysis/audio_data/YuE/vocals/1955_1_Perez Prado_Cherry Pink and Apple Blossom White_vocals.mp3,1955_1_Perez Prado_Cherry Pink and Apple Blossom White_vocals.mp3,Perez Prado,Cherry Pink and Apple Blossom White,pending,,,,,
yue_1955_02,yue,1955,02,/home/data/kevinzhang/research/fractal_analysis/audio_data/YuE/vocals/1955_2_Bill Haley & His Comets_Rock Around the Clock_vocals.mp3,1955_2_Bill Haley & His Comets_Rock Around the Clock_vocals.mp3,Bill Haley & His Comets,Rock Around the Clock,pending,,,,,
yue_1955_03,yue,1955,03,/home/data/kevinzhang/research/fractal_analysis/audio_data/YuE/vocals/1955_3_Mitch Miller_The Yellow Rose of Texas_vocals.mp3,1955_3_Mitch Miller_The Yellow Rose of Texas_vocals.mp3,Mitch Miller,The Yellow Rose of Texas,pending,,,,,
yue_1955_04,yue,1955,04,/home/data/kevinzhang/research/fractal_analysis/audio_data/YuE/vocals/1955_4_Roger Williams_Autumn Leaves_vocals.mp3,1955_4_Roger Williams_Autumn Leaves_vocals.mp3,Roger Williams,Autumn Leaves,pending,,,,,
yue_1956_01,yue,1956,01,/home/data/kevinzhang/research/fractal_analysis/audio_data/YuE/vocals/1956_1_Elvis Presley_Heartbreak Hotel_vocals.mp3,1956_1_Elvis Presley_Heartbreak Hotel_vocals.mp3,Elvis Presley,Heartbreak Hotel,pending,,,,,
yue_1956_02,yue,1956,02,/home/data/kevinzhang/research/fractal_analysis/audio_data/YuE/vocals/1956_2_Elvis Presley_Don't Be Cruel_vocals.mp3,1956_2_Elvis Presley_Don't Be Cruel_vocals.mp3,Elvis Presley,Don't Be Cruel,pending,,,,,
yue_1956_03,yue,1956,03,/home/data/kevinzhang/research/fractal_analysis/audio_data/YuE/vocals/1956_3_Nelson Riddle_Lisbon Antigua_vocals.mp3,1956_3_Nelson Riddle_Lisbon Antigua_vocals.mp3,Nelson Riddle,Lisbon Antigua,pending,,,,,
yue_1956_04,yue,1956,04,/home/data/kevinzhang/research/fractal_analysis/audio_data/YuE/vocals/1956_4_The Platters_My Prayer_vocals.mp3,1956_4_The Platters_My Prayer_vocals.mp3,The Platters,My Prayer,pending,,,,,
yue_1956_05,yue,1956,05,/home/data/kevinzhang/research/fractal_analysis/audio_data/YuE/vocals/1956_5_Gogi Grant_The Wayward Wind_vocals.mp3,1956_5_Gogi Grant_The Wayward Wind_vocals.mp3,Gogi Grant,The Wayward Wind,pending,,,,,
yue_1957_01,yue,1957,01,/home/data/kevinzhang/research/fractal_analysis/audio_data/YuE/vocals/1957_1_Elvis Presley_All Shook Up_vocals.mp3,1957_1_Elvis Presley_All Shook Up_vocals.mp3,Elvis Presley,All Shook Up,pending,,,,,
yue_1957_02,yue,1957,02,/home/data/kevinzhang/research/fractal_analysis/audio_data/YuE/vocals/1957_2_Pat Boone_Love Letters in the Sand_vocals.mp3,1957_2_Pat Boone_Love Letters in the Sand_vocals.mp3,Pat Boone,Love Letters in the Sand,pending,,,,,
yue_1957_03,yue,1957,03,/home/data/kevinzhang/research/fractal_analysis/audio_data/YuE/vocals/1957_3_The Diamonds_Little Darlin_vocals.mp3,1957_3_The Diamonds_Little Darlin_vocals.mp3,The Diamonds,Little Darlin,pending,,,,,
yue_1957_05,yue,1957,05,/home/data/kevinzhang/research/fractal_analysis/audio_data/YuE/vocals/1957_5_Jimmy Dorsey_So Rare_vocals.mp3,1957_5_Jimmy Dorsey_So Rare_vocals.mp3,Jimmy Dorsey,So Rare,pending,,,,,
yue_1958_01,yue,1958,01,/home/data/kevinzhang/research/fractal_analysis/audio_data/YuE/vocals/1958_1_Domenico Modugno_Volare (Nel blu dipinto di blu)_vocals.mp3,1958_1_Domenico Modugno_Volare (Nel blu dipinto di blu)_vocals.mp3,Domenico Modugno,Volare (Nel blu dipinto di blu),pending,,,,,
yue_1958_02a,yue,1958,02a,/home/data/kevinzhang/research/fractal_analysis/audio_data/YuE/vocals/1958_2a_The Everly Brothers_All I Have to Do Is Dream_vocals.mp3,1958_2a_The Everly Brothers_All I Have to Do Is Dream_vocals.mp3,The Everly Brothers,All I Have to Do Is Dream,pending,,,,,
yue_1958_02b,yue,1958,02b,/home/data/kevinzhang/research/fractal_analysis/audio_data/YuE/vocals/1958_2b_The Everly Brothers_Claudette_vocals.mp3,1958_2b_The Everly Brothers_Claudette_vocals.mp3,The Everly Brothers,Claudette,pending,,,,,
yue_1958_03b,yue,1958,03b,/home/data/kevinzhang/research/fractal_analysis/audio_data/YuE/vocals/1958_3b_Elvis Presley_I Beg of You_vocals.mp3,1958_3b_Elvis Presley_I Beg of You_vocals.mp3,Elvis Presley,I Beg of You,pending,,,,,
yue_1958_04,yue,1958,04,/home/data/kevinzhang/research/fractal_analysis/audio_data/YuE/vocals/1958_4_David Seville_Witch Doctor_vocals.mp3,1958_4_David Seville_Witch Doctor_vocals.mp3,David Seville,Witch Doctor,pending,,,,,
yue_1958_05,yue,1958,05,/home/data/kevinzhang/research/fractal_analysis/audio_data/YuE/vocals/1958_5_Perez Prado_Patricia_vocals.mp3,1958_5_Perez Prado_Patricia_vocals.mp3,Perez Prado,Patricia,pending,,,,,
yue_1959_01,yue,1959,01,/home/data/kevinzhang/research/fractal_analysis/audio_data/YuE/vocals/1959_1_Johnny Horton_The Battle of New Orleans_vocals.mp3,1959_1_Johnny Horton_The Battle of New Orleans_vocals.mp3,Johnny Horton,The Battle of New Orleans,pending,,,,,
yue_1959_02,yue,1959,02,/home/data/kevinzhang/research/fractal_analysis/audio_data/YuE/vocals/1959_2_Bobby Darin_Mack the Knife_vocals.mp3,1959_2_Bobby Darin_Mack the Knife_vocals.mp3,Bobby Darin,Mack the Knife,pending,,,,,
yue_1959_03,yue,1959,03,/home/data/kevinzhang/research/fractal_analysis/audio_data/YuE/vocals/1959_3_Lloyd Price_Personality_vocals.mp3,1959_3_Lloyd Price_Personality_vocals.mp3,Lloyd Price,Personality,pending,,,,,
yue_1959_04,yue,1959,04,/home/data/kevinzhang/research/fractal_analysis/audio_data/YuE/vocals/1959_4_Frankie Avalon_Venus_vocals.mp3,1959_4_Frankie Avalon_Venus_vocals.mp3,Frankie Avalon,Venus,pending,,,,,
yue_1959_05,yue,1959,05,/home/data/kevinzhang/research/fractal_analysis/audio_data/YuE/vocals/1959_5_Paul Anka_Lonely Boy_vocals.mp3,1959_5_Paul Anka_Lonely Boy_vocals.mp3,Paul Anka,Lonely Boy,pending,,,,,
yue_1960_01,yue,1960,01,"/home/data/kevinzhang/research/fractal_analysis/audio_data/YuE/vocals/1960_1_Percy Faith_The Theme from ""A Summer Place""_vocals.mp3","1960_1_Percy Faith_The Theme from ""A Summer Place""_vocals.mp3",Percy Faith,The Theme from 'A Summer Place',pending,,,,,
yue_1960_02,yue,1960,02,/home/data/kevinzhang/research/fractal_analysis/audio_data/YuE/vocals/1960_2_Jim Reeves_He'll Have to Go_vocals.mp3,1960_2_Jim Reeves_He'll Have to Go_vocals.mp3,Jim Reeves,He'll Have to Go,pending,,,,,
yue_1960_03,yue,1960,03,/home/data/kevinzhang/research/fractal_analysis/audio_data/YuE/vocals/1960_3_The Everly Brothers_Cathy's Clown_vocals.mp3,1960_3_The Everly Brothers_Cathy's Clown_vocals.mp3,The Everly Brothers,Cathy's Clown,pending,,,,,
yue_1960_04,yue,1960,04,/home/data/kevinzhang/research/fractal_analysis/audio_data/YuE/vocals/1960_4_Johnny Preston_Running Bear_vocals.mp3,1960_4_Johnny Preston_Running Bear_vocals.mp3,Johnny Preston,Running Bear,pending,,,,,
yue_1960_05,yue,1960,05,/home/data/kevinzhang/research/fractal_analysis/audio_data/YuE/vocals/1960_5_Mark Dinning_Teen Angel_vocals.mp3,1960_5_Mark Dinning_Teen Angel_vocals.mp3,Mark Dinning,Teen Angel,pending,,,,,
yue_1961_01,yue,1961,01,/home/data/kevinzhang/research/fractal_analysis/audio_data/YuE/vocals/1961_1_Bobby Lewis_Tossin' and Turnin'_vocals.mp3,1961_1_Bobby Lewis_Tossin' and Turnin'_vocals.mp3,Bobby Lewis,Tossin' and Turnin',pending,,,,,
yue_1961_02,yue,1961,02,/home/data/kevinzhang/research/fractal_analysis/audio_data/YuE/vocals/1961_2_Patsy Cline and The Jordanaires_I Fall to Pieces_vocals.mp3,1961_2_Patsy Cline and The Jordanaires_I Fall to Pieces_vocals.mp3,Patsy Cline and The Jordanaires,I Fall to Pieces,pending,,,,,
yue_1961_03,yue,1961,03,/home/data/kevinzhang/research/fractal_analysis/audio_data/YuE/vocals/1961_3_The Highwaymen_Michael (Row the Boat Ashore)_vocals.mp3,1961_3_The Highwaymen_Michael (Row the Boat Ashore)_vocals.mp3,The Highwaymen,Michael (Row the Boat Ashore),pending,,,,,
yue_1961_04,yue,1961,04,/home/data/kevinzhang/research/fractal_analysis/audio_data/YuE/vocals/1961_4_Roy Orbison_Crying_vocals.mp3,1961_4_Roy Orbison_Crying_vocals.mp3,Roy Orbison,Crying,pending,,,,,
yue_1961_05,yue,1961,05,/home/data/kevinzhang/research/fractal_analysis/audio_data/YuE/vocals/1961_5_Del Shannon_Runaway_vocals.mp3,1961_5_Del Shannon_Runaway_vocals.mp3,Del Shannon,Runaway,pending,,,,,
yue_1962_01,yue,1962,01,/home/data/kevinzhang/research/fractal_analysis/audio_data/YuE/vocals/1962_1_Acker Bilk_Stranger on the Shore_vocals.mp3,1962_1_Acker Bilk_Stranger on the Shore_vocals.mp3,Acker Bilk,Stranger on the Shore,pending,,,,,
yue_1962_02,yue,1962,02,/home/data/kevinzhang/research/fractal_analysis/audio_data/YuE/vocals/1962_2_Ray Charles_I Can't Stop Loving You_vocals.mp3,1962_2_Ray Charles_I Can't Stop Loving You_vocals.mp3,Ray Charles,I Can't Stop Loving You,pending,,,,,
yue_1962_03,yue,1962,03,/home/data/kevinzhang/research/fractal_analysis/audio_data/YuE/vocals/1962_3_Dee Dee Sharp_Mashed Potato Time_vocals.mp3,1962_3_Dee Dee Sharp_Mashed Potato Time_vocals.mp3,Dee Dee Sharp,Mashed Potato Time,pending,,,,,
yue_1962_04,yue,1962,04,/home/data/kevinzhang/research/fractal_analysis/audio_data/YuE/vocals/1962_4_Bobby Vinton_Roses Are Red (My Love)_vocals.mp3,1962_4_Bobby Vinton_Roses Are Red (My Love)_vocals.mp3,Bobby Vinton,Roses Are Red (My Love),pending,,,,,
yue_1962_05,yue,1962,05,/home/data/kevinzhang/research/fractal_analysis/audio_data/YuE/vocals/1962_5_David Rose_The Stripper_vocals.mp3,1962_5_David Rose_The Stripper_vocals.mp3,David Rose,The Stripper,pending,,,,,
yue_1963_01,yue,1963,01,/home/data/kevinzhang/research/fractal_analysis/audio_data/YuE/vocals/1963_1_The Beach Boys_Surfin' USA_vocals.mp3,1963_1_The Beach Boys_Surfin' USA_vocals.mp3,The Beach Boys,Surfin' USA,pending,,,,,
yue_1963_02,yue,1963,02,/home/data/kevinzhang/research/fractal_analysis/audio_data/YuE/vocals/1963_2_Skeeter Davis_The End of the World_vocals.mp3,1963_2_Skeeter Davis_The End of the World_vocals.mp3,Skeeter Davis,The End of the World,pending,,,,,
yue_1963_03,yue,1963,03,/home/data/kevinzhang/research/fractal_analysis/audio_data/YuE/vocals/1963_3_The Cascades_Rhythm of the Rain_vocals.mp3,1963_3_The Cascades_Rhythm of the Rain_vocals.mp3,The Cascades,Rhythm of the Rain,pending,,,,,
yue_1963_05,yue,1963,05,/home/data/kevinzhang/research/fractal_analysis/audio_data/YuE/vocals/1963_5_Bobby Vinton_Blue Velvet_vocals.mp3,1963_5_Bobby Vinton_Blue Velvet_vocals.mp3,Bobby Vinton,Blue Velvet,pending,,,,,
yue_1964_01,yue,1964,01,/home/data/kevinzhang/research/fractal_analysis/audio_data/YuE/vocals/1964_1_The Beatles_I Want to Hold Your Hand_vocals.mp3,1964_1_The Beatles_I Want to Hold Your Hand_vocals.mp3,The Beatles,I Want to Hold Your Hand,pending,,,,,
yue_1964_02,yue,1964,02,/home/data/kevinzhang/research/fractal_analysis/audio_data/YuE/vocals/1964_2_The Beatles_She Loves You_vocals.mp3,1964_2_The Beatles_She Loves You_vocals.mp3,The Beatles,She Loves You,pending,,,,,
yue_1964_04,yue,1964,04,"/home/data/kevinzhang/research/fractal_analysis/audio_data/YuE/vocals/1964_4_Roy Orbison_Oh, Pretty Woman_vocals.mp3","1964_4_Roy Orbison_Oh, Pretty Woman_vocals.mp3",Roy Orbison,"Oh, Pretty Woman",pending,,,,,
yue_1964_05,yue,1964,05,/home/data/kevinzhang/research/fractal_analysis/audio_data/YuE/vocals/1964_5_The Beach Boys_I Get Around_vocals.mp3,1964_5_The Beach Boys_I Get Around_vocals.mp3,The Beach Boys,I Get Around,pending,,,,,
yue_1965_01,yue,1965,01,/home/data/kevinzhang/research/fractal_analysis/audio_data/YuE/vocals/1965_1_Sam the Sham and the Pharaohs_Wooly Bully_vocals.mp3,1965_1_Sam the Sham and the Pharaohs_Wooly Bully_vocals.mp3,Sam the Sham and the Pharaohs,Wooly Bully,pending,,,,,
yue_1965_02,yue,1965,02,/home/data/kevinzhang/research/fractal_analysis/audio_data/YuE/vocals/1965_2_Four Tops_I Can't Help Myself (Sugar Pie Honey Bunch)_vocals.mp3,1965_2_Four Tops_I Can't Help Myself (Sugar Pie Honey Bunch)_vocals.mp3,Four Tops,I Can't Help Myself (Sugar Pie Honey Bunch),pending,,,,,
yue_1965_03,yue,1965,03,/home/data/kevinzhang/research/fractal_analysis/audio_data/YuE/vocals/1965_3_The Rolling Stones_(I Can't Get No) Satisfaction_vocals.mp3,1965_3_The Rolling Stones_(I Can't Get No) Satisfaction_vocals.mp3,The Rolling Stones,(I Can't Get No) Satisfaction,pending,,,,,
yue_1965_04,yue,1965,04,/home/data/kevinzhang/research/fractal_analysis/audio_data/YuE/vocals/1965_4_We Five_You Were On My Mind_vocals.mp3,1965_4_We Five_You Were On My Mind_vocals.mp3,We Five,You Were On My Mind,pending,,,,,
yue_1965_05,yue,1965,05,/home/data/kevinzhang/research/fractal_analysis/audio_data/YuE/vocals/1965_5_The Righteous Brothers_You've Lost That Lovin' Feelin'_vocals.mp3,1965_5_The Righteous Brothers_You've Lost That Lovin' Feelin'_vocals.mp3,The Righteous Brothers,You've Lost That Lovin' Feelin',pending,,,,,
yue_1966_01,yue,1966,01,/home/data/kevinzhang/research/fractal_analysis/audio_data/YuE/vocals/1966_1_The Mamas & The Papas_California Dreamin'_vocals.mp3,1966_1_The Mamas & The Papas_California Dreamin'_vocals.mp3,The Mamas & The Papas,California Dreamin',pending,,,,,
yue_1966_03,yue,1966,03,/home/data/kevinzhang/research/fractal_analysis/audio_data/YuE/vocals/1966_3_Jimmy Ruffin_What Becomes Of The Brokenhearted_vocals.mp3,1966_3_Jimmy Ruffin_What Becomes Of The Brokenhearted_vocals.mp3,Jimmy Ruffin,What Becomes Of The Brokenhearted,pending,,,,,
yue_1966_04,yue,1966,04,/home/data/kevinzhang/research/fractal_analysis/audio_data/YuE/vocals/1966_4_The Monkees_Last Train to Clarksville_vocals.mp3,1966_4_The Monkees_Last Train to Clarksville_vocals.mp3,The Monkees,Last Train to Clarksville,pending,,,,,
yue_1966_05,yue,1966,05,/home/data/kevinzhang/research/fractal_analysis/audio_data/YuE/vocals/1966_5_Four Tops_Reach Out I'll Be There_vocals.mp3,1966_5_Four Tops_Reach Out I'll Be There_vocals.mp3,Four Tops,Reach Out I'll Be There,pending,,,,,
yue_1967_01,yue,1967,01,/home/data/kevinzhang/research/fractal_analysis/audio_data/YuE/vocals/1967_1_Lulu_To Sir With Love_vocals.mp3,1967_1_Lulu_To Sir With Love_vocals.mp3,Lulu,To Sir With Love,pending,,,,,
yue_1967_02,yue,1967,02,/home/data/kevinzhang/research/fractal_analysis/audio_data/YuE/vocals/1967_2_The Box Tops_The Letter_vocals.mp3,1967_2_The Box Tops_The Letter_vocals.mp3,The Box Tops,The Letter,pending,,,,,
yue_1967_03,yue,1967,03,/home/data/kevinzhang/research/fractal_analysis/audio_data/YuE/vocals/1967_3_Bobbie Gentry_Ode to Billie Joe_vocals.mp3,1967_3_Bobbie Gentry_Ode to Billie Joe_vocals.mp3,Bobbie Gentry,Ode to Billie Joe,pending,,,,,
yue_1967_04,yue,1967,04,/home/data/kevinzhang/research/fractal_analysis/audio_data/YuE/vocals/1967_4_The Association_Windy_vocals.mp3,1967_4_The Association_Windy_vocals.mp3,The Association,Windy,pending,,,,,
yue_1967_05,yue,1967,05,/home/data/kevinzhang/research/fractal_analysis/audio_data/YuE/vocals/1967_5_The Monkees_I'm a Believer_vocals.mp3,1967_5_The Monkees_I'm a Believer_vocals.mp3,The Monkees,I'm a Believer,pending,,,,,
yue_1968_01,yue,1968,01,/home/data/kevinzhang/research/fractal_analysis/audio_data/YuE/vocals/1968_1_The Beatles_Hey Jude_vocals.mp3,1968_1_The Beatles_Hey Jude_vocals.mp3,The Beatles,Hey Jude,pending,,,,,
yue_1968_02,yue,1968,02,/home/data/kevinzhang/research/fractal_analysis/audio_data/YuE/vocals/1968_2_Paul Mauriat_Love is Blue_vocals.mp3,1968_2_Paul Mauriat_Love is Blue_vocals.mp3,Paul Mauriat,Love is Blue,pending,,,,,
yue_1968_03,yue,1968,03,/home/data/kevinzhang/research/fractal_analysis/audio_data/YuE/vocals/1968_3_Bobby Goldsboro_Honey_vocals.mp3,1968_3_Bobby Goldsboro_Honey_vocals.mp3,Bobby Goldsboro,Honey,pending,,,,,
yue_1968_04,yue,1968,04,/home/data/kevinzhang/research/fractal_analysis/audio_data/YuE/vocals/1968_4_Otis Redding_(Sittin' On) The Dock of the Bay_vocals.mp3,1968_4_Otis Redding_(Sittin' On) The Dock of the Bay_vocals.mp3,Otis Redding,(Sittin' On) The Dock of the Bay,pending,,,,,
yue_1968_05,yue,1968,05,/home/data/kevinzhang/research/fractal_analysis/audio_data/YuE/vocals/1968_5_The Rascals_People Got to Be Free_vocals.mp3,1968_5_The Rascals_People Got to Be Free_vocals.mp3,The Rascals,People Got to Be Free,pending,,,,,
yue_1969_01,yue,1969,01,"/home/data/kevinzhang/research/fractal_analysis/audio_data/YuE/vocals/1969_1_The Archies_Sugar, Sugar_vocals.mp3","1969_1_The Archies_Sugar, Sugar_vocals.mp3",The Archies,"Sugar, Sugar",pending,,,,,
yue_1969_02,yue,1969,02,/home/data/kevinzhang/research/fractal_analysis/audio_data/YuE/vocals/1969_2_The 5th Dimension_Aquarius_Let the Sunshine In (The Flesh Failures)_vocals.mp3,1969_2_The 5th Dimension_Aquarius_Let the Sunshine In (The Flesh Failures)_vocals.mp3,The 5th Dimension,Aquarius/Let the Sunshine In (The Flesh Failures),pending,,,,,
yue_1969_03,yue,1969,03,/home/data/kevinzhang/research/fractal_analysis/audio_data/YuE/vocals/1969_3_The Temptations_I Can't Get Next to You_vocals.mp3,1969_3_The Temptations_I Can't Get Next to You_vocals.mp3,The Temptations,I Can't Get Next to You,pending,,,,,
yue_1969_04,yue,1969,04,/home/data/kevinzhang/research/fractal_analysis/audio_data/YuE/vocals/1969_4_The Rolling Stones_Honky Tonk Women_vocals.mp3,1969_4_The Rolling Stones_Honky Tonk Women_vocals.mp3,The Rolling Stones,Honky Tonk Women,pending,,,,,
yue_1969_05,yue,1969,05,/home/data/kevinzhang/research/fractal_analysis/audio_data/YuE/vocals/1969_5_Sly and the Family Stone_Everyday People_vocals.mp3,1969_5_Sly and the Family Stone_Everyday People_vocals.mp3,Sly and the Family Stone,Everyday People,pending,,,,,
yue_1970_01,yue,1970,01,/home/data/kevinzhang/research/fractal_analysis/audio_data/YuE/vocals/1970_1_Simon and Garfunkel_Bridge Over Troubled Water_vocals.mp3,1970_1_Simon and Garfunkel_Bridge Over Troubled Water_vocals.mp3,Simon and Garfunkel,Bridge Over Troubled Water,pending,,,,,
yue_1970_02,yue,1970,02,/home/data/kevinzhang/research/fractal_analysis/audio_data/YuE/vocals/1970_2_The Carpenters_(They Long To Be) Close To You_vocals.mp3,1970_2_The Carpenters_(They Long To Be) Close To You_vocals.mp3,The Carpenters,(They Long To Be) Close To You,pending,,,,,
yue_1970_04,yue,1970,04,/home/data/kevinzhang/research/fractal_analysis/audio_data/YuE/vocals/1970_4_B.J. Thomas_Raindrops Keep Fallin' on My Head_vocals.mp3,1970_4_B.J. Thomas_Raindrops Keep Fallin' on My Head_vocals.mp3,B.J. Thomas,Raindrops Keep Fallin' on My Head,pending,,,,,
yue_1970_05,yue,1970,05,/home/data/kevinzhang/research/fractal_analysis/audio_data/YuE/vocals/1970_5_Edwin Starr_War_vocals.mp3,1970_5_Edwin Starr_War_vocals.mp3,Edwin Starr,War,pending,,,,,
yue_1971_01,yue,1971,01,/home/data/kevinzhang/research/fractal_analysis/audio_data/YuE/vocals/1971_1_Three Dog Night_Joy To The World_vocals.mp3,1971_1_Three Dog Night_Joy To The World_vocals.mp3,Three Dog Night,Joy To The World,pending,,,,,
yue_1971_02a,yue,1971,02a,/home/data/kevinzhang/research/fractal_analysis/audio_data/YuE/vocals/1971_2a_Rod Stewart_Maggie May_vocals.mp3,1971_2a_Rod Stewart_Maggie May_vocals.mp3,Rod Stewart,Maggie May,pending,,,,,
yue_1971_02b,yue,1971,02b,/home/data/kevinzhang/research/fractal_analysis/audio_data/YuE/vocals/1971_2b_Rod Stewart_Reason to Believe_vocals.mp3,1971_2b_Rod Stewart_Reason to Believe_vocals.mp3,Rod Stewart,Reason to Believe,pending,,,,,
yue_1971_03a,yue,1971,03a,/home/data/kevinzhang/research/fractal_analysis/audio_data/YuE/vocals/1971_3a_Carole King_I Feel the Earth Move_vocals.mp3,1971_3a_Carole King_I Feel the Earth Move_vocals.mp3,Carole King,I Feel the Earth Move,pending,,,,,
yue_1971_03b,yue,1971,03b,/home/data/kevinzhang/research/fractal_analysis/audio_data/YuE/vocals/1971_3b_Carole King_It's Too Late_vocals.mp3,1971_3b_Carole King_It's Too Late_vocals.mp3,Carole King,It's Too Late,pending,,,,,
yue_1971_04,yue,1971,04,/home/data/kevinzhang/research/fractal_analysis/audio_data/YuE/vocals/1971_4_The Osmonds_One Bad Apple_vocals.mp3,1971_4_The Osmonds_One Bad Apple_vocals.mp3,The Osmonds,One Bad Apple,pending,,,,,
yue_1971_05,yue,1971,05,/home/data/kevinzhang/research/fractal_analysis/audio_data/YuE/vocals/1971_5_Bee Gees_How Can You Mend a Broken Heart_vocals.mp3,1971_5_Bee Gees_How Can You Mend a Broken Heart_vocals.mp3,Bee Gees,How Can You Mend a Broken Heart,pending,,,,,
yue_1972_02,yue,1972,02,/home/data/kevinzhang/research/fractal_analysis/audio_data/YuE/vocals/1972_2_Gilbert O'Sullivan_Alone Again (Naturally)_vocals.mp3,1972_2_Gilbert O'Sullivan_Alone Again (Naturally)_vocals.mp3,Gilbert O'Sullivan,Alone Again (Naturally),pending,,,,,
yue_1972_03,yue,1972,03,/home/data/kevinzhang/research/fractal_analysis/audio_data/YuE/vocals/1972_3_Don McLean_American Pie_vocals.mp3,1972_3_Don McLean_American Pie_vocals.mp3,Don McLean,American Pie,pending,,,,,
yue_1972_04,yue,1972,04,/home/data/kevinzhang/research/fractal_analysis/audio_data/YuE/vocals/1972_4_Harry Nilsson_Without You_vocals.mp3,1972_4_Harry Nilsson_Without You_vocals.mp3,Harry Nilsson,Without You,pending,,,,,
yue_1972_05,yue,1972,05,/home/data/kevinzhang/research/fractal_analysis/audio_data/YuE/vocals/1972_5_Sammy Davis Jr._The Candy Man_vocals.mp3,1972_5_Sammy Davis Jr._The Candy Man_vocals.mp3,Sammy Davis Jr.,The Candy Man,pending,,,,,
yue_1973_01,yue,1973,01,/home/data/kevinzhang/research/fractal_analysis/audio_data/YuE/vocals/1973_1_Tony Orlando and Dawn_Tie a Yellow Ribbon Round the Ole Oak Tree_vocals.mp3,1973_1_Tony Orlando and Dawn_Tie a Yellow Ribbon Round the Ole Oak Tree_vocals.mp3,Tony Orlando and Dawn,Tie a Yellow Ribbon Round the Ole Oak Tree,pending,,,,,
yue_1973_02,yue,1973,02,"/home/data/kevinzhang/research/fractal_analysis/audio_data/YuE/vocals/1973_2_Jim Croce_Bad, Bad Leroy Brown_vocals.mp3","1973_2_Jim Croce_Bad, Bad Leroy Brown_vocals.mp3",Jim Croce,"Bad, Bad Leroy Brown",pending,,,,,
yue_1973_03,yue,1973,03,/home/data/kevinzhang/research/fractal_analysis/audio_data/YuE/vocals/1973_3_Roberta Flack_Killing Me Softly with His Song_vocals.mp3,1973_3_Roberta Flack_Killing Me Softly with His Song_vocals.mp3,Roberta Flack,Killing Me Softly with His Song,pending,,,,,
yue_1973_05,yue,1973,05,/home/data/kevinzhang/research/fractal_analysis/audio_data/YuE/vocals/1973_5_Paul McCartney and Wings_My Love_vocals.mp3,1973_5_Paul McCartney and Wings_My Love_vocals.mp3,Paul McCartney and Wings,My Love,pending,,,,,
yue_1974_01,yue,1974,01,/home/data/kevinzhang/research/fractal_analysis/audio_data/YuE/vocals/1974_1_Barbara Streisand_The Way We Were_vocals.mp3,1974_1_Barbara Streisand_The Way We Were_vocals.mp3,Barbara Streisand,The Way We Were,pending,,,,,
yue_1974_02,yue,1974,02,/home/data/kevinzhang/research/fractal_analysis/audio_data/YuE/vocals/1974_2_Terry Jacks_Seasons in the Sun_vocals.mp3,1974_2_Terry Jacks_Seasons in the Sun_vocals.mp3,Terry Jacks,Seasons in the Sun,pending,,,,,
yue_1974_03,yue,1974,03,/home/data/kevinzhang/research/fractal_analysis/audio_data/YuE/vocals/1974_3_Love Unlimited Orchestra_Love's Theme_vocals.mp3,1974_3_Love Unlimited Orchestra_Love's Theme_vocals.mp3,Love Unlimited Orchestra,Love's Theme,pending,,,,,
yue_1974_04,yue,1974,04,/home/data/kevinzhang/research/fractal_analysis/audio_data/YuE/vocals/1974_4_Redbone_Come and Get Your Love_vocals.mp3,1974_4_Redbone_Come and Get Your Love_vocals.mp3,Redbone,Come and Get Your Love,pending,,,,,
yue_1974_05,yue,1974,05,/home/data/kevinzhang/research/fractal_analysis/audio_data/YuE/vocals/1974_5_The Jackson 5_Dancing Machine_vocals.mp3,1974_5_The Jackson 5_Dancing Machine_vocals.mp3,The Jackson 5,Dancing Machine,pending,,,,,
yue_1975_01,yue,1975,01,/home/data/kevinzhang/research/fractal_analysis/audio_data/YuE/vocals/1975_1_Captain & Tennille_Love Will Keep Us Together_vocals.mp3,1975_1_Captain & Tennille_Love Will Keep Us Together_vocals.mp3,Captain & Tennille,Love Will Keep Us Together,pending,,,,,
yue_1975_02,yue,1975,02,/home/data/kevinzhang/research/fractal_analysis/audio_data/YuE/vocals/1975_2_Glen Campbell_Rhinestone Cowboy_vocals.mp3,1975_2_Glen Campbell_Rhinestone Cowboy_vocals.mp3,Glen Campbell,Rhinestone Cowboy,pending,,,,,
yue_1975_03,yue,1975,03,/home/data/kevinzhang/research/fractal_analysis/audio_data/YuE/vocals/1975_3_Elton John_Philadelphia Freedom_vocals.mp3,1975_3_Elton John_Philadelphia Freedom_vocals.mp3,Elton John,Philadelphia Freedom,pending,,,,,
yue_1975_04,yue,1975,04,/home/data/kevinzhang/research/fractal_analysis/audio_data/YuE/vocals/1975_4_Freddy Fender_Before the Next Teardrop Falls_vocals.mp3,1975_4_Freddy Fender_Before the Next Teardrop Falls_vocals.mp3,Freddy Fender,Before the Next Teardrop Falls,pending,,,,,
yue_1975_05,yue,1975,05,/home/data/kevinzhang/research/fractal_analysis/audio_data/YuE/vocals/1975_5_Frankie Valli_My Eyes Adored You_vocals.mp3,1975_5_Frankie Valli_My Eyes Adored You_vocals.mp3,Frankie Valli,My Eyes Adored You,pending,,,,,
yue_1976_01,yue,1976,01,/home/data/kevinzhang/research/fractal_analysis/audio_data/YuE/vocals/1976_1_Wings_Silly Love Songs_vocals.mp3,1976_1_Wings_Silly Love Songs_vocals.mp3,Wings,Silly Love Songs,pending,,,,,
yue_1976_02,yue,1976,02,/home/data/kevinzhang/research/fractal_analysis/audio_data/YuE/vocals/1976_2_Elton John and Kiki Dee_Don't Go Breaking My Heart_vocals.mp3,1976_2_Elton John and Kiki Dee_Don't Go Breaking My Heart_vocals.mp3,Elton John and Kiki Dee,Don't Go Breaking My Heart,pending,,,,,
yue_1976_03,yue,1976,03,/home/data/kevinzhang/research/fractal_analysis/audio_data/YuE/vocals/1976_3_Johnnie Taylor_Disco Lady_vocals.mp3,1976_3_Johnnie Taylor_Disco Lady_vocals.mp3,Johnnie Taylor,Disco Lady,pending,,,,,
yue_1976_05,yue,1976,05,/home/data/kevinzhang/research/fractal_analysis/audio_data/YuE/vocals/1976_5_Wild Cherry_Play That Funky Music_vocals.mp3,1976_5_Wild Cherry_Play That Funky Music_vocals.mp3,Wild Cherry,Play That Funky Music,pending,,,,,
yue_1977_01,yue,1977,01,/home/data/kevinzhang/research/fractal_analysis/audio_data/YuE/vocals/1977_1_Rod Stewart_Tonight's the Night (Gonna Be Alright)_vocals.mp3,1977_1_Rod Stewart_Tonight's the Night (Gonna Be Alright)_vocals.mp3,Rod Stewart,Tonight's the Night (Gonna Be Alright),pending,,,,,
yue_1977_02,yue,1977,02,/home/data/kevinzhang/research/fractal_analysis/audio_data/YuE/vocals/1977_2_Andy Gibb_I Just Want To Be Your Everything_vocals.mp3,1977_2_Andy Gibb_I Just Want To Be Your Everything_vocals.mp3,Andy Gibb,I Just Want To Be Your Everything,pending,,,,,
yue_1977_03,yue,1977,03,/home/data/kevinzhang/research/fractal_analysis/audio_data/YuE/vocals/1977_3_The Emotions_Best of My Love_vocals.mp3,1977_3_The Emotions_Best of My Love_vocals.mp3,The Emotions,Best of My Love,pending,,,,,
yue_1977_04,yue,1977,04,/home/data/kevinzhang/research/fractal_analysis/audio_data/YuE/vocals/1977_4_Barbara Streisand_Evergreen (Love Theme from A Star Is Born)_vocals.mp3,1977_4_Barbara Streisand_Evergreen (Love Theme from A Star Is Born)_vocals.mp3,Barbara Streisand,Evergreen (Love Theme from A Star Is Born),pending,,,,,
yue_1977_05,yue,1977,05,/home/data/kevinzhang/research/fractal_analysis/audio_data/YuE/vocals/1977_5_Hot_Angel in Your Arms_vocals.mp3,1977_5_Hot_Angel in Your Arms_vocals.mp3,Hot,Angel in Your Arms,pending,,,,,
yue_1978_01,yue,1978,01,/home/data/kevinzhang/research/fractal_analysis/audio_data/YuE/vocals/1978_1_Andy Gibb_Shadow Dancing_vocals.mp3,1978_1_Andy Gibb_Shadow Dancing_vocals.mp3,Andy Gibb,Shadow Dancing,pending,,,,,
yue_1978_02,yue,1978,02,/home/data/kevinzhang/research/fractal_analysis/audio_data/YuE/vocals/1978_2_Bee Gees_Night Fever_vocals.mp3,1978_2_Bee Gees_Night Fever_vocals.mp3,Bee Gees,Night Fever,pending,,,,,
yue_1978_03,yue,1978,03,/home/data/kevinzhang/research/fractal_analysis/audio_data/YuE/vocals/1978_3_Debby Boone_You Light Up My Life_vocals.mp3,1978_3_Debby Boone_You Light Up My Life_vocals.mp3,Debby Boone,You Light Up My Life,pending,,,,,
yue_1978_04,yue,1978,04,/home/data/kevinzhang/research/fractal_analysis/audio_data/YuE/vocals/1978_4_Bee Gees_Stayin Alive_vocals.mp3,1978_4_Bee Gees_Stayin Alive_vocals.mp3,Bee Gees,Stayin Alive,pending,,,,,
yue_1978_05,yue,1978,05,/home/data/kevinzhang/research/fractal_analysis/audio_data/YuE/vocals/1978_5_Exile_Kiss You All Over_vocals.mp3,1978_5_Exile_Kiss You All Over_vocals.mp3,Exile,Kiss You All Over,pending,,,,,
yue_1979_01,yue,1979,01,/home/data/kevinzhang/research/fractal_analysis/audio_data/YuE/vocals/1979_1_The Knack_My Sharona_vocals.mp3,1979_1_The Knack_My Sharona_vocals.mp3,The Knack,My Sharona,pending,,,,,
yue_1979_02,yue,1979,02,/home/data/kevinzhang/research/fractal_analysis/audio_data/YuE/vocals/1979_2_Donna Summer_Bad Girls_vocals.mp3,1979_2_Donna Summer_Bad Girls_vocals.mp3,Donna Summer,Bad Girls,pending,,,,,
yue_1979_03,yue,1979,03,/home/data/kevinzhang/research/fractal_analysis/audio_data/YuE/vocals/1979_3_Chic_Le Freak_vocals.mp3,1979_3_Chic_Le Freak_vocals.mp3,Chic,Le Freak,pending,,,,,
yue_1979_04,yue,1979,04,/home/data/kevinzhang/research/fractal_analysis/audio_data/YuE/vocals/1979_4_Rod Stewart_Do Ya Think I'm Sexy?_vocals.mp3,1979_4_Rod Stewart_Do Ya Think I'm Sexy?_vocals.mp3,Rod Stewart,Do Ya Think I'm Sexy?,pending,,,,,
yue_1980_01,yue,1980,01,/home/data/kevinzhang/research/fractal_analysis/audio_data/YuE/vocals/1980_1_Blondie_Call Me_vocals.mp3,1980_1_Blondie_Call Me_vocals.mp3,Blondie,Call Me,pending,,,,,
yue_1980_02,yue,1980,02,"/home/data/kevinzhang/research/fractal_analysis/audio_data/YuE/vocals/1980_2_Pink Floyd_Another Brick in the Wall, Part II_vocals.mp3","1980_2_Pink Floyd_Another Brick in the Wall, Part II_vocals.mp3",Pink Floyd,"Another Brick in the Wall, Part II",pending,,,,,
yue_1980_03,yue,1980,03,/home/data/kevinzhang/research/fractal_analysis/audio_data/YuE/vocals/1980_3_Olivia Newton-John_Magic_vocals.mp3,1980_3_Olivia Newton-John_Magic_vocals.mp3,Olivia Newton-John,Magic,pending,,,,,
yue_1980_04,yue,1980,04,/home/data/kevinzhang/research/fractal_analysis/audio_data/YuE/vocals/1980_4_Michael Jackson_Rock with You_vocals.mp3,1980_4_Michael Jackson_Rock with You_vocals.mp3,Michael Jackson,Rock with You,pending,,,,,
yue_1980_05,yue,1980,05,/home/data/kevinzhang/research/fractal_analysis/audio_data/YuE/vocals/1980_5_Captain & Tennille_Do That To Me One More Time_vocals.mp3,1980_5_Captain & Tennille_Do That To Me One More Time_vocals.mp3,Captain & Tennille,Do That To Me One More Time,pending,,,,,
yue_1981_01,yue,1981,01,/home/data/kevinzhang/research/fractal_analysis/audio_data/YuE/vocals/1981_1_Kim Carnes_Bette Davis Eyes_vocals.mp3,1981_1_Kim Carnes_Bette Davis Eyes_vocals.mp3,Kim Carnes,Bette Davis Eyes,pending,,,,,
yue_1981_02,yue,1981,02,/home/data/kevinzhang/research/fractal_analysis/audio_data/YuE/vocals/1981_2_Diana Ross and Lionel Richie_Endless Love_vocals.mp3,1981_2_Diana Ross and Lionel Richie_Endless Love_vocals.mp3,Diana Ross and Lionel Richie,Endless Love,pending,,,,,
yue_1981_03,yue,1981,03,/home/data/kevinzhang/research/fractal_analysis/audio_data/YuE/vocals/1981_3_Kenny Rogers_Lady_vocals.mp3,1981_3_Kenny Rogers_Lady_vocals.mp3,Kenny Rogers,Lady,pending,,,,,
yue_1981_04,yue,1981,04,/home/data/kevinzhang/research/fractal_analysis/audio_data/YuE/vocals/1981_4_John Lennon_(Just Like) Starting Over_vocals.mp3,1981_4_John Lennon_(Just Like) Starting Over_vocals.mp3,John Lennon,(Just Like) Starting Over,pending,,,,,
yue_1981_05,yue,1981,05,/home/data/kevinzhang/research/fractal_analysis/audio_data/YuE/vocals/1981_5_Rick Springfield_Jessie's Girl_vocals.mp3,1981_5_Rick Springfield_Jessie's Girl_vocals.mp3,Rick Springfield,Jessie's Girl,pending,,,,,
yue_1982_01,yue,1982,01,/home/data/kevinzhang/research/fractal_analysis/audio_data/YuE/vocals/1982_1_Olivia Newton-John_Physical_vocals.mp3,1982_1_Olivia Newton-John_Physical_vocals.mp3,Olivia Newton-John,Physical,pending,,,,,
yue_1982_02,yue,1982,02,/home/data/kevinzhang/research/fractal_analysis/audio_data/YuE/vocals/1982_2_Survivor_Eye of the Tiger_vocals.mp3,1982_2_Survivor_Eye of the Tiger_vocals.mp3,Survivor,Eye of the Tiger,pending,,,,,
yue_1982_03,yue,1982,03,/home/data/kevinzhang/research/fractal_analysis/audio_data/YuE/vocals/1982_3_Joan Jett & The Blackhearts_I Love Rock 'N Roll_vocals.mp3,1982_3_Joan Jett & The Blackhearts_I Love Rock 'N Roll_vocals.mp3,Joan Jett & The Blackhearts,I Love Rock 'N Roll,pending,,,,,
yue_1982_04,yue,1982,04,/home/data/kevinzhang/research/fractal_analysis/audio_data/YuE/vocals/1982_4_Paul McCartney and Stevie Wonder_Ebony and Ivory_vocals.mp3,1982_4_Paul McCartney and Stevie Wonder_Ebony and Ivory_vocals.mp3,Paul McCartney and Stevie Wonder,Ebony and Ivory,pending,,,,,
yue_1982_05,yue,1982,05,/home/data/kevinzhang/research/fractal_analysis/audio_data/YuE/vocals/1982_5_The J. Geils Band_Centerfold_vocals.mp3,1982_5_The J. Geils Band_Centerfold_vocals.mp3,The J. Geils Band,Centerfold,pending,,,,,
yue_1983_01,yue,1983,01,/home/data/kevinzhang/research/fractal_analysis/audio_data/YuE/vocals/1983_1_The Police_Every Breath You Take_vocals.mp3,1983_1_The Police_Every Breath You Take_vocals.mp3,The Police,Every Breath You Take,pending,,,,,
yue_1983_02,yue,1983,02,/home/data/kevinzhang/research/fractal_analysis/audio_data/YuE/vocals/1983_2_Michael Jackson_Billie Jean_vocals.mp3,1983_2_Michael Jackson_Billie Jean_vocals.mp3,Michael Jackson,Billie Jean,pending,,,,,
yue_1983_04,yue,1983,04,/home/data/kevinzhang/research/fractal_analysis/audio_data/YuE/vocals/1983_4_Men at Work_Down Under_vocals.mp3,1983_4_Men at Work_Down Under_vocals.mp3,Men at Work,Down Under,pending,,,,,
yue_1983_05,yue,1983,05,/home/data/kevinzhang/research/fractal_analysis/audio_data/YuE/vocals/1983_5_Michael Jackson_Beat It_vocals.mp3,1983_5_Michael Jackson_Beat It_vocals.mp3,Michael Jackson,Beat It,pending,,,,,
yue_1984_01,yue,1984,01,/home/data/kevinzhang/research/fractal_analysis/audio_data/YuE/vocals/1984_1_Prince_When Doves Cry_vocals.mp3,1984_1_Prince_When Doves Cry_vocals.mp3,Prince,When Doves Cry,pending,,,,,
yue_1984_02,yue,1984,02,/home/data/kevinzhang/research/fractal_analysis/audio_data/YuE/vocals/1984_2_Tina Turner_What's Love Got to Do with It_vocals.mp3,1984_2_Tina Turner_What's Love Got to Do with It_vocals.mp3,Tina Turner,What's Love Got to Do with It,pending,,,,,
yue_1984_04,yue,1984,04,/home/data/kevinzhang/research/fractal_analysis/audio_data/YuE/vocals/1984_4_Kenny Loggins_Footloose_vocals.mp3,1984_4_Kenny Loggins_Footloose_vocals.mp3,Kenny Loggins,Footloose,pending,,,,,
yue_1984_05,yue,1984,05,/home/data/kevinzhang/research/fractal_analysis/audio_data/YuE/vocals/1984_5_Phil Collins_Against All Odds (Take a Look at Me Now)_vocals.mp3,1984_5_Phil Collins_Against All Odds (Take a Look at Me Now)_vocals.mp3,Phil Collins,Against All Odds (Take a Look at Me Now),pending,,,,,
yue_1985_01,yue,1985,01,/home/data/kevinzhang/research/fractal_analysis/audio_data/YuE/vocals/1985_1_George Michael_Careless Whisper_vocals.mp3,1985_1_George Michael_Careless Whisper_vocals.mp3,George Michael,Careless Whisper,pending,,,,,
yue_1985_02,yue,1985,02,/home/data/kevinzhang/research/fractal_analysis/audio_data/YuE/vocals/1985_2_Madonna_Like a Virgin_vocals.mp3,1985_2_Madonna_Like a Virgin_vocals.mp3,Madonna,Like a Virgin,pending,,,,,
yue_1985_03,yue,1985,03,/home/data/kevinzhang/research/fractal_analysis/audio_data/YuE/vocals/1985_3_Wham!_Wake Me Up Before You Go-Go_vocals.mp3,1985_3_Wham!_Wake Me Up Before You Go-Go_vocals.mp3,Wham!,Wake Me Up Before You Go-Go,pending,,,,,
yue_1985_05,yue,1985,05,/home/data/kevinzhang/research/fractal_analysis/audio_data/YuE/vocals/1985_5_Chaka Khan_I Feel for You_vocals.mp3,1985_5_Chaka Khan_I Feel for You_vocals.mp3,Chaka Khan,I Feel for You,pending,,,,,
yue_1986_01,yue,1986,01,/home/data/kevinzhang/research/fractal_analysis/audio_data/YuE/vocals/1986_1_Dionne and Friends_That's What Friends Are For_vocals.mp3,1986_1_Dionne and Friends_That's What Friends Are For_vocals.mp3,Dionne and Friends,That's What Friends Are For,pending,,,,,
yue_1986_03,yue,1986,03,/home/data/kevinzhang/research/fractal_analysis/audio_data/YuE/vocals/1986_3_Klymaxx_I Miss You_vocals.mp3,1986_3_Klymaxx_I Miss You_vocals.mp3,Klymaxx,I Miss You,pending,,,,,
yue_1986_05,yue,1986,05,/home/data/kevinzhang/research/fractal_analysis/audio_data/YuE/vocals/1986_5_Mr. Mister_Broken Wings_vocals.mp3,1986_5_Mr. Mister_Broken Wings_vocals.mp3,Mr. Mister,Broken Wings,pending,,,,,
yue_1987_01,yue,1987,01,/home/data/kevinzhang/research/fractal_analysis/audio_data/YuE/vocals/1987_1_The Bangles_Walk Like an Egyptian_vocals.mp3,1987_1_The Bangles_Walk Like an Egyptian_vocals.mp3,The Bangles,Walk Like an Egyptian,pending,,,,,
yue_1987_02,yue,1987,02,/home/data/kevinzhang/research/fractal_analysis/audio_data/YuE/vocals/1987_2_Heart_Alone_vocals.mp3,1987_2_Heart_Alone_vocals.mp3,Heart,Alone,pending,,,,,
yue_1987_03,yue,1987,03,/home/data/kevinzhang/research/fractal_analysis/audio_data/YuE/vocals/1987_3_Gregory Abbott_Shake You Down_vocals.mp3,1987_3_Gregory Abbott_Shake You Down_vocals.mp3,Gregory Abbott,Shake You Down,pending,,,,,
yue_1987_04,yue,1987,04,/home/data/kevinzhang/research/fractal_analysis/audio_data/YuE/vocals/1987_4_Whitney Houston_I Wanna Dance with Somebody (Who Loves Me)_vocals.mp3,1987_4_Whitney Houston_I Wanna Dance with Somebody (Who Loves Me)_vocals.mp3,Whitney Houston,I Wanna Dance with Somebody (Who Loves Me),pending,,,,,
yue_1987_05,yue,1987,05,/home/data/kevinzhang/research/fractal_analysis/audio_data/YuE/vocals/1987_5_Starship_Nothing's Gonna Stop Us Now_vocals.mp3,1987_5_Starship_Nothing's Gonna Stop Us Now_vocals.mp3,Starship,Nothing's Gonna Stop Us Now,pending,,,,,
yue_1988_01,yue,1988,01,/home/data/kevinzhang/research/fractal_analysis/audio_data/YuE/vocals/1988_1_George Michael_Faith_vocals.mp3,1988_1_George Michael_Faith_vocals.mp3,George Michael,Faith,pending,,,,,
yue_1988_02,yue,1988,02,/home/data/kevinzhang/research/fractal_analysis/audio_data/YuE/vocals/1988_2_INXS_Need You Tonight_vocals.mp3,1988_2_INXS_Need You Tonight_vocals.mp3,INXS,Need You Tonight,pending,,,,,
yue_1988_03,yue,1988,03,/home/data/kevinzhang/research/fractal_analysis/audio_data/YuE/vocals/1988_3_George Harrison_Got My Mind Set On You_vocals.mp3,1988_3_George Harrison_Got My Mind Set On You_vocals.mp3,George Harrison,Got My Mind Set On You,pending,,,,,
yue_1988_04,yue,1988,04,/home/data/kevinzhang/research/fractal_analysis/audio_data/YuE/vocals/1988_4_Rick Astley_Never Gonna Give You Up_vocals.mp3,1988_4_Rick Astley_Never Gonna Give You Up_vocals.mp3,Rick Astley,Never Gonna Give You Up,pending,,,,,
yue_1988_05,yue,1988,05,/home/data/kevinzhang/research/fractal_analysis/audio_data/YuE/vocals/1988_5_Guns N' Roses_Sweet Child O'Mine_vocals.mp3,1988_5_Guns N' Roses_Sweet Child O'Mine_vocals.mp3,Guns N' Roses,Sweet Child O'Mine,pending,,,,,
yue_1989_01,yue,1989,01,/home/data/kevinzhang/research/fractal_analysis/audio_data/YuE/vocals/1989_1_Chicago_Look Away_vocals.mp3,1989_1_Chicago_Look Away_vocals.mp3,Chicago,Look Away,pending,,,,,
yue_1989_03,yue,1989,03,/home/data/kevinzhang/research/fractal_analysis/audio_data/YuE/vocals/1989_3_Poison_Every Rose Has Its Thorn_vocals.mp3,1989_3_Poison_Every Rose Has Its Thorn_vocals.mp3,Poison,Every Rose Has Its Thorn,pending,,,,,
yue_1989_04,yue,1989,04,/home/data/kevinzhang/research/fractal_analysis/audio_data/YuE/vocals/1989_4_Paula Abdul_Straight Up_vocals.mp3,1989_4_Paula Abdul_Straight Up_vocals.mp3,Paula Abdul,Straight Up,pending,,,,,
yue_1989_05,yue,1989,05,/home/data/kevinzhang/research/fractal_analysis/audio_data/YuE/vocals/1989_5_Janet Jackson_Miss You Much_vocals.mp3,1989_5_Janet Jackson_Miss You Much_vocals.mp3,Janet Jackson,Miss You Much,pending,,,,,
yue_1990_01,yue,1990,01,/home/data/kevinzhang/research/fractal_analysis/audio_data/YuE/vocals/1990_1_Wilson Phillips_Hold On_vocals.mp3,1990_1_Wilson Phillips_Hold On_vocals.mp3,Wilson Phillips,Hold On,pending,,,,,
yue_1990_02,yue,1990,02,/home/data/kevinzhang/research/fractal_analysis/audio_data/YuE/vocals/1990_2_Roxette_It Must Have Been Love_vocals.mp3,1990_2_Roxette_It Must Have Been Love_vocals.mp3,Roxette,It Must Have Been Love,pending,,,,,
yue_1990_03,yue,1990,03,/home/data/kevinzhang/research/fractal_analysis/audio_data/YuE/vocals/1990_3_Sinead O'Connor_Nothing Compares 2 U_vocals.mp3,1990_3_Sinead O'Connor_Nothing Compares 2 U_vocals.mp3,Sinead O'Connor,Nothing Compares 2 U,pending,,,,,
yue_1990_04,yue,1990,04,/home/data/kevinzhang/research/fractal_analysis/audio_data/YuE/vocals/1990_4_Bell Biv DeVoe_Poison_vocals.mp3,1990_4_Bell Biv DeVoe_Poison_vocals.mp3,Bell Biv DeVoe,Poison,pending,,,,,
yue_1990_05,yue,1990,05,/home/data/kevinzhang/research/fractal_analysis/audio_data/YuE/vocals/1990_5_Madonna_Vogue_vocals.mp3,1990_5_Madonna_Vogue_vocals.mp3,Madonna,Vogue,pending,,,,,
yue_1991_02,yue,1991,02,/home/data/kevinzhang/research/fractal_analysis/audio_data/YuE/vocals/1991_2_Color Me Badd_I Wanna Sex You Up_vocals.mp3,1991_2_Color Me Badd_I Wanna Sex You Up_vocals.mp3,Color Me Badd,I Wanna Sex You Up,pending,,,,,
yue_1991_03,yue,1991,03,/home/data/kevinzhang/research/fractal_analysis/audio_data/YuE/vocals/1991_3_C&C Music Factory_Gonna Make You Sweat (Everybody Dance Now)_vocals.mp3,1991_3_C&C Music Factory_Gonna Make You Sweat (Everybody Dance Now)_vocals.mp3,C&C Music Factory,Gonna Make You Sweat,pending,,,,,
yue_1991_04,yue,1991,04,/home/data/kevinzhang/research/fractal_analysis/audio_data/YuE/vocals/1991_4_Paula Abdul_Rush Rush_vocals.mp3,1991_4_Paula Abdul_Rush Rush_vocals.mp3,Paula Abdul,Rush Rush,pending,,,,,
yue_1992_01,yue,1992,01,/home/data/kevinzhang/research/fractal_analysis/audio_data/YuE/vocals/1992_1_Boyz II Men_End of the Road_vocals.mp3,1992_1_Boyz II Men_End of the Road_vocals.mp3,Boyz II Men,End of the Road,pending,,,,,
yue_1992_02,yue,1992,02,/home/data/kevinzhang/research/fractal_analysis/audio_data/YuE/vocals/1992_2_Sir Mix-a-Lot_Baby Got Back_vocals.mp3,1992_2_Sir Mix-a-Lot_Baby Got Back_vocals.mp3,Sir Mix-a-Lot,Baby Got Back,pending,,,,,
yue_1992_04,yue,1992,04,/home/data/kevinzhang/research/fractal_analysis/audio_data/YuE/vocals/1992_4_Vanessa Williams_Save the Best for Last_vocals.mp3,1992_4_Vanessa Williams_Save the Best for Last_vocals.mp3,Vanessa Williams,Save the Best for Last,pending,,,,,
yue_1992_05,yue,1992,05,/home/data/kevinzhang/research/fractal_analysis/audio_data/YuE/vocals/1992_5_TLC_Baby-Baby-Baby_vocals.mp3,1992_5_TLC_Baby-Baby-Baby_vocals.mp3,TLC,Baby-Baby-Baby,pending,,,,,
yue_1993_01,yue,1993,01,/home/data/kevinzhang/research/fractal_analysis/audio_data/YuE/vocals/1993_1_Whitney Houston_I Will Always Love You_vocals.mp3,1993_1_Whitney Houston_I Will Always Love You_vocals.mp3,Whitney Houston,I Will Always Love You,pending,,,,,
yue_1993_02,yue,1993,02,/home/data/kevinzhang/research/fractal_analysis/audio_data/YuE/vocals/1993_2_Tag Team_Whoomp! (There It Is)_vocals.mp3,1993_2_Tag Team_Whoomp! (There It Is)_vocals.mp3,Tag Team,Whoomp! (There It Is),pending,,,,,
yue_1993_03,yue,1993,03,/home/data/kevinzhang/research/fractal_analysis/audio_data/YuE/vocals/1993_3_UB40_Can't Help Falling in Love_vocals.mp3,1993_3_UB40_Can't Help Falling in Love_vocals.mp3,UB40,Can't Help Falling in Love,pending,,,,,
yue_1993_05,yue,1993,05,/home/data/kevinzhang/research/fractal_analysis/audio_data/YuE/vocals/1993_5_Silk_Freak Me_vocals.mp3,1993_5_Silk_Freak Me_vocals.mp3,Silk,Freak Me,pending,,,,,
yue_1994_01,yue,1994,01,/home/data/kevinzhang/research/fractal_analysis/audio_data/YuE/vocals/1994_1_Ace of Base_The Sign_vocals.mp3,1994_1_Ace of Base_The Sign_vocals.mp3,Ace of Base,The Sign,pending,,,,,
yue_1994_02,yue,1994,02,/home/data/kevinzhang/research/fractal_analysis/audio_data/YuE/vocals/1994_2_All-4-One_I Swear_vocals.mp3,1994_2_All-4-One_I Swear_vocals.mp3,All-4-One,I Swear,pending,,,,,
yue_1994_03,yue,1994,03,/home/data/kevinzhang/research/fractal_analysis/audio_data/YuE/vocals/1994_3_Boyz II Men_I'll Make Love to You_vocals.mp3,1994_3_Boyz II Men_I'll Make Love to You_vocals.mp3,Boyz II Men,I'll Make Love to You,pending,,,,,
yue_1994_04,yue,1994,04,/home/data/kevinzhang/research/fractal_analysis/audio_data/YuE/vocals/1994_4_Celine Dion_The Power of Love_vocals.mp3,1994_4_Celine Dion_The Power of Love_vocals.mp3,Celine Dion,The Power of Love,pending,,,,,
yue_1994_05,yue,1994,05,/home/data/kevinzhang/research/fractal_analysis/audio_data/YuE/vocals/1994_5_Mariah Carey_Hero_vocals.mp3,1994_5_Mariah Carey_Hero_vocals.mp3,Mariah Carey,Hero,pending,,,,,
yue_1995_01,yue,1995,01,/home/data/kevinzhang/research/fractal_analysis/audio_data/YuE/vocals/1995_1_Coolio feat. L.V._Gangsta's Paradise_vocals.mp3,1995_1_Coolio feat. L.V._Gangsta's Paradise_vocals.mp3,Coolio feat. L.V.,Gangsta's Paradise,pending,,,,,
yue_1995_03,yue,1995,03,/home/data/kevinzhang/research/fractal_analysis/audio_data/YuE/vocals/1995_3_TLC_Creep_vocals.mp3,1995_3_TLC_Creep_vocals.mp3,TLC,Creep,pending,,,,,
yue_1995_04,yue,1995,04,/home/data/kevinzhang/research/fractal_analysis/audio_data/YuE/vocals/1995_4_Seal_Kiss from a Rose_vocals.mp3,1995_4_Seal_Kiss from a Rose_vocals.mp3,Seal,Kiss from a Rose,pending,,,,,
yue_1996_01,yue,1996,01,/home/data/kevinzhang/research/fractal_analysis/audio_data/YuE/vocals/1996_1_Los del Rio_Macarena (Bayside Boys Remix)_vocals.mp3,1996_1_Los del Rio_Macarena (Bayside Boys Remix)_vocals.mp3,Los del Rio,Macarena (Bayside Boys Remix),pending,,,,,
yue_1996_03,yue,1996,03,/home/data/kevinzhang/research/fractal_analysis/audio_data/YuE/vocals/1996_3_Celine Dion_Because You Loved Me_vocals.mp3,1996_3_Celine Dion_Because You Loved Me_vocals.mp3,Celine Dion,Because You Loved Me,pending,,,,,
yue_1996_04,yue,1996,04,/home/data/kevinzhang/research/fractal_analysis/audio_data/YuE/vocals/1996_4_The Tony Rich Project_Nobody Knows_vocals.mp3,1996_4_The Tony Rich Project_Nobody Knows_vocals.mp3,The Tony Rich Project,Nobody Knows,pending,,,,,
yue_1996_05,yue,1996,05,/home/data/kevinzhang/research/fractal_analysis/audio_data/YuE/vocals/1996_5_Mariah Carey_Always Be My Baby_vocals.mp3,1996_5_Mariah Carey_Always Be My Baby_vocals.mp3,Mariah Carey,Always Be My Baby,pending,,,,,
yue_1997_01a,yue,1997,01a,/home/data/kevinzhang/research/fractal_analysis/audio_data/YuE/vocals/1997_1a_Elton John_Something About The Way You Look Tonight_vocals.mp3,1997_1a_Elton John_Something About The Way You Look Tonight_vocals.mp3,Elton John,Something About The Way You Look Tonight,pending,,,,,
yue_1997_01b,yue,1997,01b,/home/data/kevinzhang/research/fractal_analysis/audio_data/YuE/vocals/1997_1b_Elton John_Candle in the Wind_vocals.mp3,1997_1b_Elton John_Candle in the Wind_vocals.mp3,Elton John,Candle in the Wind,pending,,,,,
yue_1997_03,yue,1997,03,/home/data/kevinzhang/research/fractal_analysis/audio_data/YuE/vocals/1997_3_Diddy feat. Faith Evans and 112_I'll Be Missing You_vocals.mp3,1997_3_Diddy feat. Faith Evans and 112_I'll Be Missing You_vocals.mp3,Diddy feat. Faith Evans and 112,I'll Be Missing You,pending,,,,,
yue_1997_04,yue,1997,04,/home/data/kevinzhang/research/fractal_analysis/audio_data/YuE/vocals/1997_4_Toni Braxton_Un-Break My Heart_vocals.mp3,1997_4_Toni Braxton_Un-Break My Heart_vocals.mp3,Toni Braxton,Un-Break My Heart,pending,,,,,
yue_1997_05,yue,1997,05,/home/data/kevinzhang/research/fractal_analysis/audio_data/YuE/vocals/1997_5_Diddy feat. Mase_Can't Nobody Hold Me Down_vocals.mp3,1997_5_Diddy feat. Mase_Can't Nobody Hold Me Down_vocals.mp3,Diddy feat. Mase,Can't Nobody Hold Me Down,pending,,,,,
yue_1998_01,yue,1998,01,/home/data/kevinzhang/research/fractal_analysis/audio_data/YuE/vocals/1998_1_Next_Too Close_vocals.mp3,1998_1_Next_Too Close_vocals.mp3,Next,Too Close,pending,,,,,
yue_1998_02,yue,1998,02,/home/data/kevinzhang/research/fractal_analysis/audio_data/YuE/vocals/1998_2_Brandy and Monica_The Boy Is Mine_vocals.mp3,1998_2_Brandy and Monica_The Boy Is Mine_vocals.mp3,Brandy and Monica,The Boy Is Mine,pending,,,,,
yue_1998_03,yue,1998,03,/home/data/kevinzhang/research/fractal_analysis/audio_data/YuE/vocals/1998_3_Shania Twain_You're Still the One_vocals.mp3,1998_3_Shania Twain_You're Still the One_vocals.mp3,Shania Twain,You're Still the One,pending,,,,,
yue_1998_04,yue,1998,04,/home/data/kevinzhang/research/fractal_analysis/audio_data/YuE/vocals/1998_4_Savage Garden_Truly Madly Deeply_vocals.mp3,1998_4_Savage Garden_Truly Madly Deeply_vocals.mp3,Savage Garden,Truly Madly Deeply,pending,,,,,
yue_1999_01,yue,1999,01,/home/data/kevinzhang/research/fractal_analysis/audio_data/YuE/vocals/1999_1_Cher_Believe_vocals.mp3,1999_1_Cher_Believe_vocals.mp3,Cher,Believe,pending,,,,,
yue_1999_02,yue,1999,02,/home/data/kevinzhang/research/fractal_analysis/audio_data/YuE/vocals/1999_2_TLC_No Scrubs_vocals.mp3,1999_2_TLC_No Scrubs_vocals.mp3,TLC,No Scrubs,pending,,,,,
yue_1999_03,yue,1999,03,/home/data/kevinzhang/research/fractal_analysis/audio_data/YuE/vocals/1999_3_Monica_Angel of Mine_vocals.mp3,1999_3_Monica_Angel of Mine_vocals.mp3,Monica,Angel of Mine,pending,,,,,
yue_1999_04,yue,1999,04,/home/data/kevinzhang/research/fractal_analysis/audio_data/YuE/vocals/1999_4_Whitney Houston feat. Faith Evans and Kelly Price_Heartbreak Hotel_vocals.mp3,1999_4_Whitney Houston feat. Faith Evans and Kelly Price_Heartbreak Hotel_vocals.mp3,Whitney Houston feat. Faith Evans and Kelly Price,Heartbreak Hotel,pending,,,,,
yue_1999_05,yue,1999,05,/home/data/kevinzhang/research/fractal_analysis/audio_data/YuE/vocals/1999_5_Britney Spears_...Baby One More Time_vocals.mp3,1999_5_Britney Spears_...Baby One More Time_vocals.mp3,Britney Spears,...Baby One More Time,pending,,,,,
yue_2000_01,yue,2000,01,/home/data/kevinzhang/research/fractal_analysis/audio_data/YuE/vocals/2000_1_Faith Hill_Breathe_vocals.mp3,2000_1_Faith Hill_Breathe_vocals.mp3,Faith Hill,Breathe,pending,,,,,
yue_2000_02,yue,2000,02,/home/data/kevinzhang/research/fractal_analysis/audio_data/YuE/vocals/2000_2_Santana feat. Rob Thomas_Smooth_vocals.mp3,2000_2_Santana feat. Rob Thomas_Smooth_vocals.mp3,Santana feat. Rob Thomas,Smooth,pending,,,,,
yue_2000_04,yue,2000,04,/home/data/kevinzhang/research/fractal_analysis/audio_data/YuE/vocals/2000_4_Joe_I Wanna Know_vocals.mp3,2000_4_Joe_I Wanna Know_vocals.mp3,Joe,I Wanna Know,pending,,,,,
yue_2000_05,yue,2000,05,/home/data/kevinzhang/research/fractal_analysis/audio_data/YuE/vocals/2000_5_Vertical Horizon_Everything You Want_vocals.mp3,2000_5_Vertical Horizon_Everything You Want_vocals.mp3,Vertical Horizon,Everything You Want,pending,,,,,
yue_2001_01,yue,2001,01,/home/data/kevinzhang/research/fractal_analysis/audio_data/YuE/vocals/2001_1_Lifehouse_Hanging By A Moment_vocals.mp3,2001_1_Lifehouse_Hanging By A Moment_vocals.mp3,Lifehouse,Hanging By A Moment,pending,,,,,
yue_2001_02,yue,2001,02,/home/data/kevinzhang/research/fractal_analysis/audio_data/YuE/vocals/2001_2_Alicia Keys_Fallin'_vocals.mp3,2001_2_Alicia Keys_Fallin'_vocals.mp3,Alicia Keys,Fallin',pending,,,,,
yue_2001_03,yue,2001,03,/home/data/kevinzhang/research/fractal_analysis/audio_data/YuE/vocals/2001_3_Janet Jackson_All For You_vocals.mp3,2001_3_Janet Jackson_All For You_vocals.mp3,Janet Jackson,All For You,pending,,,,,
yue_2001_04,yue,2001,04,/home/data/kevinzhang/research/fractal_analysis/audio_data/YuE/vocals/2001_4_Train_Drops of Jupiter (Tell Me)_vocals.mp3,2001_4_Train_Drops of Jupiter (Tell Me)_vocals.mp3,Train,Drops of Jupiter (Tell Me),pending,,,,,
yue_2001_05,yue,2001,05,/home/data/kevinzhang/research/fractal_analysis/audio_data/YuE/vocals/2001_5_Jennifer Lopez feat. Ja Rule_I'm Real (Murder Remix)_vocals.mp3,2001_5_Jennifer Lopez feat. Ja Rule_I'm Real (Murder Remix)_vocals.mp3,Jennifer Lopez feat. Ja Rule,I'm Real (Murder Remix),pending,,,,,
yue_2002_01,yue,2002,01,/home/data/kevinzhang/research/fractal_analysis/audio_data/YuE/vocals/2002_1_Nickelback_How You Remind Me_vocals.mp3,2002_1_Nickelback_How You Remind Me_vocals.mp3,Nickelback,How You Remind Me,pending,,,,,
yue_2002_02,yue,2002,02,/home/data/kevinzhang/research/fractal_analysis/audio_data/YuE/vocals/2002_2_Ashanti_Foolish_vocals.mp3,2002_2_Ashanti_Foolish_vocals.mp3,Ashanti,Foolish,pending,,,,,
yue_2002_03,yue,2002,03,/home/data/kevinzhang/research/fractal_analysis/audio_data/YuE/vocals/2002_3_Nelly_Hot in Herre_vocals.mp3,2002_3_Nelly_Hot in Herre_vocals.mp3,Nelly,Hot in Herre,pending,,,,,
yue_2002_04,yue,2002,04,/home/data/kevinzhang/research/fractal_analysis/audio_data/YuE/vocals/2002_4_Nelly feat. Kelly Rowland_Dilemma_vocals.mp3,2002_4_Nelly feat. Kelly Rowland_Dilemma_vocals.mp3,Nelly feat. Kelly Rowland,Dilemma,pending,,,,,
yue_2002_05,yue,2002,05,/home/data/kevinzhang/research/fractal_analysis/audio_data/YuE/vocals/2002_5_The Calling_Wherever You Will Go_vocals.mp3,2002_5_The Calling_Wherever You Will Go_vocals.mp3,The Calling,Wherever You Will Go,pending,,,,,
yue_2003_01,yue,2003,01,/home/data/kevinzhang/research/fractal_analysis/audio_data/YuE/vocals/2003_1_50 Cent_In da Club_vocals.mp3,2003_1_50 Cent_In da Club_vocals.mp3,50 Cent,In da Club,pending,,,,,
yue_2003_02,yue,2003,02,/home/data/kevinzhang/research/fractal_analysis/audio_data/YuE/vocals/2003_2_R. Kelly_Ignition_vocals.mp3,2003_2_R. Kelly_Ignition_vocals.mp3,R. Kelly,Ignition,pending,,,,,
yue_2003_03,yue,2003,03,/home/data/kevinzhang/research/fractal_analysis/audio_data/YuE/vocals/2003_3_Sean Paul_Get Busy_vocals.mp3,2003_3_Sean Paul_Get Busy_vocals.mp3,Sean Paul,Get Busy,pending,,,,,
yue_2003_04,yue,2003,04,/home/data/kevinzhang/research/fractal_analysis/audio_data/YuE/vocals/2003_4_Beyonce featuring Jay-Z_Crazy in Love_vocals.mp3,2003_4_Beyonce featuring Jay-Z_Crazy in Love_vocals.mp3,Beyonce featuring Jay-Z,Crazy in Love,pending,,,,,
yue_2003_05,yue,2003,05,/home/data/kevinzhang/research/fractal_analysis/audio_data/YuE/vocals/2003_5_3 Doors Down_When I'm Gone_vocals.mp3,2003_5_3 Doors Down_When I'm Gone_vocals.mp3,3 Doors Down,When I'm Gone,pending,,,,,
yue_2004_01,yue,2004,01,/home/data/kevinzhang/research/fractal_analysis/audio_data/YuE/vocals/2004_1_Usher feat. Lil John & Ludacris_Yeah!_vocals.mp3,2004_1_Usher feat. Lil John & Ludacris_Yeah!_vocals.mp3,Usher feat. Lil John & Ludacris,Yeah!,pending,,,,,
yue_2004_02,yue,2004,02,/home/data/kevinzhang/research/fractal_analysis/audio_data/YuE/vocals/2004_2_Usher_Burn_vocals.mp3,2004_2_Usher_Burn_vocals.mp3,Usher,Burn,pending,,,,,
yue_2004_03,yue,2004,03,/home/data/kevinzhang/research/fractal_analysis/audio_data/YuE/vocals/2004_3_Alicia Keys_If I Ain't Got You_vocals.mp3,2004_3_Alicia Keys_If I Ain't Got You_vocals.mp3,Alicia Keys,If I Ain't Got You,pending,,,,,
yue_2004_04,yue,2004,04,/home/data/kevinzhang/research/fractal_analysis/audio_data/YuE/vocals/2004_4_Maroon 5_This Love_vocals.mp3,2004_4_Maroon 5_This Love_vocals.mp3,Maroon 5,This Love,pending,,,,,
yue_2004_05,yue,2004,05,/home/data/kevinzhang/research/fractal_analysis/audio_data/YuE/vocals/2004_5_OutKast feat. Sleepy Brown_The Way You Move_vocals.mp3,2004_5_OutKast feat. Sleepy Brown_The Way You Move_vocals.mp3,OutKast feat. Sleepy Brown,The Way You Move,pending,,,,,
yue_2005_01,yue,2005,01,/home/data/kevinzhang/research/fractal_analysis/audio_data/YuE/vocals/2005_1_Mariah Carey_We Belong Together_vocals.mp3,2005_1_Mariah Carey_We Belong Together_vocals.mp3,Mariah Carey,We Belong Together,pending,,,,,
yue_2005_02,yue,2005,02,/home/data/kevinzhang/research/fractal_analysis/audio_data/YuE/vocals/2005_2_Gwen Stefani_Hollaback Girl_vocals.mp3,2005_2_Gwen Stefani_Hollaback Girl_vocals.mp3,Gwen Stefani,Hollaback Girl,pending,,,,,
yue_2005_03,yue,2005,03,/home/data/kevinzhang/research/fractal_analysis/audio_data/YuE/vocals/2005_3_Mario_Let Me Love You_vocals.mp3,2005_3_Mario_Let Me Love You_vocals.mp3,Mario,Let Me Love You,pending,,,,,
yue_2005_04,yue,2005,04,/home/data/kevinzhang/research/fractal_analysis/audio_data/YuE/vocals/2005_4_Kelly Clarkson_Since U Been Gone_vocals.mp3,2005_4_Kelly Clarkson_Since U Been Gone_vocals.mp3,Kelly Clarkson,Since U Been Gone,pending,,,,,
yue_2005_05,yue,2005,05,"/home/data/kevinzhang/research/fractal_analysis/audio_data/YuE/vocals/2005_5_Ciara feat. Missy Elliot_1, 2 Step_vocals.mp3","2005_5_Ciara feat. Missy Elliot_1, 2 Step_vocals.mp3",Ciara feat. Missy Elliot,"1, 2 Step",pending,,,,,
yue_2006_01,yue,2006,01,/home/data/kevinzhang/research/fractal_analysis/audio_data/YuE/vocals/2006_1_Daniel Powter_Bad Day_vocals.mp3,2006_1_Daniel Powter_Bad Day_vocals.mp3,Daniel Powter,Bad Day,pending,,,,,
yue_2006_02,yue,2006,02,/home/data/kevinzhang/research/fractal_analysis/audio_data/YuE/vocals/2006_2_Sean Paul_Temperature_vocals.mp3,2006_2_Sean Paul_Temperature_vocals.mp3,Sean Paul,Temperature,pending,,,,,
yue_2006_03,yue,2006,03,/home/data/kevinzhang/research/fractal_analysis/audio_data/YuE/vocals/2006_3_Nelly Furtado feat. Timbaland_Promiscuous_vocals.mp3,2006_3_Nelly Furtado feat. Timbaland_Promiscuous_vocals.mp3,Nelly Furtado feat. Timbaland,Promiscuous,pending,,,,,
yue_2006_04,yue,2006,04,/home/data/kevinzhang/research/fractal_analysis/audio_data/YuE/vocals/2006_4_James Blunt_You're Beautiful_vocals.mp3,2006_4_James Blunt_You're Beautiful_vocals.mp3,James Blunt,You're Beautiful,pending,,,,,
yue_2006_05,yue,2006,05,/home/data/kevinzhang/research/fractal_analysis/audio_data/YuE/vocals/2006_5_Shakira feat. Wyclef Jean_Hips Don't Lie_vocals.mp3,2006_5_Shakira feat. Wyclef Jean_Hips Don't Lie_vocals.mp3,Shakira feat. Wyclef Jean,Hips Don't Lie,pending,,,,,
yue_2007_01,yue,2007,01,/home/data/kevinzhang/research/fractal_analysis/audio_data/YuE/vocals/2007_1_Beyonce_Irreplaceable_vocals.mp3,2007_1_Beyonce_Irreplaceable_vocals.mp3,Beyonce,Irreplaceable,pending,,,,,
yue_2007_02,yue,2007,02,/home/data/kevinzhang/research/fractal_analysis/audio_data/YuE/vocals/2007_2_Rihanna feat. Jay-Z_Umbrella_vocals.mp3,2007_2_Rihanna feat. Jay-Z_Umbrella_vocals.mp3,Rihanna feat. Jay-Z,Umbrella,pending,,,,,
yue_2007_03,yue,2007,03,/home/data/kevinzhang/research/fractal_analysis/audio_data/YuE/vocals/2007_3_Gwen Stefani feat. Akon_The Sweet Escape_vocals.mp3,2007_3_Gwen Stefani feat. Akon_The Sweet Escape_vocals.mp3,Gwen Stefani feat. Akon,The Sweet Escape,pending,,,,,
yue_2007_04,yue,2007,04,/home/data/kevinzhang/research/fractal_analysis/audio_data/YuE/vocals/2007_4_Fergie_Big Girls Don't Cry (Personal)_vocals.mp3,2007_4_Fergie_Big Girls Don't Cry (Personal)_vocals.mp3,Fergie,Big Girls Don't Cry (Personal),pending,,,,,
yue_2007_05,yue,2007,05,/home/data/kevinzhang/research/fractal_analysis/audio_data/YuE/vocals/2007_5_T-Pain feat. Yung Joc_Buy U a Drank (Shawty Snappin')_vocals.mp3,2007_5_T-Pain feat. Yung Joc_Buy U a Drank (Shawty Snappin')_vocals.mp3,T-Pain feat. Yung Joc,Buy U a Drank (Shawty Snappin'),pending,,,,,
yue_2008_01,yue,2008,01,/home/data/kevinzhang/research/fractal_analysis/audio_data/YuE/vocals/2008_1_Flo Rida feat. T-Pain_Low_vocals.mp3,2008_1_Flo Rida feat. T-Pain_Low_vocals.mp3,Flo Rida feat. T-Pain,Low,pending,,,,,
yue_2008_02,yue,2008,02,/home/data/kevinzhang/research/fractal_analysis/audio_data/YuE/vocals/2008_2_Leona Lewis_Bleeding Love_vocals.mp3,2008_2_Leona Lewis_Bleeding Love_vocals.mp3,Leona Lewis,Bleeding Love,pending,,,,,
yue_2008_03,yue,2008,03,/home/data/kevinzhang/research/fractal_analysis/audio_data/YuE/vocals/2008_3_Alicia Keys_No One_vocals.mp3,2008_3_Alicia Keys_No One_vocals.mp3,Alicia Keys,No One,pending,,,,,
yue_2008_04,yue,2008,04,/home/data/kevinzhang/research/fractal_analysis/audio_data/YuE/vocals/2008_4_Lil Wayne feat. Static Major_Lollipop_vocals.mp3,2008_4_Lil Wayne feat. Static Major_Lollipop_vocals.mp3,Lil Wayne feat. Static Major,Lollipop,pending,,,,,
yue_2008_05,yue,2008,05,/home/data/kevinzhang/research/fractal_analysis/audio_data/YuE/vocals/2008_5_Timbaland feat. OneRepublic_Apologize_vocals.mp3,2008_5_Timbaland feat. OneRepublic_Apologize_vocals.mp3,Timbaland feat. OneRepublic,Apologize,pending,,,,,
yue_2009_01,yue,2009,01,/home/data/kevinzhang/research/fractal_analysis/audio_data/YuE/vocals/2009_1_The Black Eyed Peas_Boom Boom Pow_vocals.mp3,2009_1_The Black Eyed Peas_Boom Boom Pow_vocals.mp3,The Black Eyed Peas,Boom Boom Pow,pending,,,,,
yue_2009_02,yue,2009,02,/home/data/kevinzhang/research/fractal_analysis/audio_data/YuE/vocals/2009_2_Lady Gaga_Poker Face_vocals.mp3,2009_2_Lady Gaga_Poker Face_vocals.mp3,Lady Gaga,Poker Face,pending,,,,,
yue_2009_03,yue,2009,03,/home/data/kevinzhang/research/fractal_analysis/audio_data/YuE/vocals/2009_3_Lady Gaga feat. Colby O'Donis_Just Dance_vocals.mp3,2009_3_Lady Gaga feat. Colby O'Donis_Just Dance_vocals.mp3,Lady Gaga feat. Colby O'Donis,Just Dance,pending,,,,,
yue_2009_04,yue,2009,04,/home/data/kevinzhang/research/fractal_analysis/audio_data/YuE/vocals/2009_4_The Black Eyed Peas_I Gotta Feeling_vocals.mp3,2009_4_The Black Eyed Peas_I Gotta Feeling_vocals.mp3,The Black Eyed Peas,I Gotta Feeling,pending,,,,,
yue_2009_05,yue,2009,05,/home/data/kevinzhang/research/fractal_analysis/audio_data/YuE/vocals/2009_5_Taylor Swift_Love Story_vocals.mp3,2009_5_Taylor Swift_Love Story_vocals.mp3,Taylor Swift,Love Story,pending,,,,,
yue_2010_01,yue,2010,01,/home/data/kevinzhang/research/fractal_analysis/audio_data/YuE/vocals/2010_1_Kesha_Tik Tok_vocals.mp3,2010_1_Kesha_Tik Tok_vocals.mp3,Kesha,Tik Tok,pending,,,,,
yue_2010_02,yue,2010,02,/home/data/kevinzhang/research/fractal_analysis/audio_data/YuE/vocals/2010_2_Lady Antebellum_Need You Now_vocals.mp3,2010_2_Lady Antebellum_Need You Now_vocals.mp3,Lady Antebellum,Need You Now,pending,,,,,
yue_2010_03,yue,2010,03,"/home/data/kevinzhang/research/fractal_analysis/audio_data/YuE/vocals/2010_3_Train_Hey, Soul Sister_vocals.mp3","2010_3_Train_Hey, Soul Sister_vocals.mp3",Train,"Hey, Soul Sister",pending,,,,,
yue_2010_04,yue,2010,04,/home/data/kevinzhang/research/fractal_analysis/audio_data/YuE/vocals/2010_4_Katy Perry feat. Snoop Dogg_California Gurls_vocals.mp3,2010_4_Katy Perry feat. Snoop Dogg_California Gurls_vocals.mp3,Katy Perry feat. Snoop Dogg,California Gurls,pending,,,,,
yue_2010_05,yue,2010,05,/home/data/kevinzhang/research/fractal_analysis/audio_data/YuE/vocals/2010_5_Usher feat. will.i.am_OMG_vocals.mp3,2010_5_Usher feat. will.i.am_OMG_vocals.mp3,Usher feat. will.i.am,OMG,pending,,,,,
yue_2011_01,yue,2011,01,/home/data/kevinzhang/research/fractal_analysis/audio_data/YuE/vocals/2011_1_Adele_Rolling in the Deep_vocals.mp3,2011_1_Adele_Rolling in the Deep_vocals.mp3,Adele,Rolling in the Deep,pending,,,,,
yue_2011_03,yue,2011,03,/home/data/kevinzhang/research/fractal_analysis/audio_data/YuE/vocals/2011_3_Katy Perry_Firework_vocals.mp3,2011_3_Katy Perry_Firework_vocals.mp3,Katy Perry,Firework,pending,,,,,
yue_2011_04,yue,2011,04,/home/data/kevinzhang/research/fractal_analysis/audio_data/YuE/vocals/2011_4_Katy Perry feat. Kanye West_E.T._vocals.mp3,2011_4_Katy Perry feat. Kanye West_E.T._vocals.mp3,Katy Perry feat. Kanye West,E.T.,pending,,,,,
yue_2011_05,yue,2011,05,"/home/data/kevinzhang/research/fractal_analysis/audio_data/YuE/vocals/2011_5_Pitbull feat. Ne-Yo, Afrojack and Nayer_Give Me Everything_vocals.mp3","2011_5_Pitbull feat. Ne-Yo, Afrojack and Nayer_Give Me Everything_vocals.mp3","Pitbull feat. Ne-Yo, Afrojack and Nayer",Give Me Everything,pending,,,,,
yue_2012_02,yue,2012,02,/home/data/kevinzhang/research/fractal_analysis/audio_data/YuE/vocals/2012_2_Carly Rae Jepsen_Call Me Maybe_vocals.mp3,2012_2_Carly Rae Jepsen_Call Me Maybe_vocals.mp3,Carly Rae Jepsen,Call Me Maybe,pending,,,,,
yue_2012_03,yue,2012,03,/home/data/kevinzhang/research/fractal_analysis/audio_data/YuE/vocals/2012_3_Fun feat. Janelle Monae_We Are Young_vocals.mp3,2012_3_Fun feat. Janelle Monae_We Are Young_vocals.mp3,Fun feat. Janelle Monae,We Are Young,pending,,,,,
yue_2012_04,yue,2012,04,/home/data/kevinzhang/research/fractal_analysis/audio_data/YuE/vocals/2012_4_Maroon 5 feat. Wiz Khalifa_Payphone_vocals.mp3,2012_4_Maroon 5 feat. Wiz Khalifa_Payphone_vocals.mp3,Maroon 5 feat. Wiz Khalifa,Payphone,pending,,,,,
yue_2012_05,yue,2012,05,/home/data/kevinzhang/research/fractal_analysis/audio_data/YuE/vocals/2012_5_Ellie Goulding_Lights_vocals.mp3,2012_5_Ellie Goulding_Lights_vocals.mp3,Ellie Goulding,Lights,pending,,,,,
yue_2013_01,yue,2013,01,/home/data/kevinzhang/research/fractal_analysis/audio_data/YuE/vocals/2013_1_Macklemore and Ryan Lewis feat. Wanz_Thrift Shop_vocals.mp3,2013_1_Macklemore and Ryan Lewis feat. Wanz_Thrift Shop_vocals.mp3,Macklemore and Ryan Lewis feat. Wanz,Thrift Shop,pending,,,,,
yue_2013_02,yue,2013,02,/home/data/kevinzhang/research/fractal_analysis/audio_data/YuE/vocals/2013_2_Robin Thicke feat. TI and Pharrell Williams_Blurred Lines_vocals.mp3,2013_2_Robin Thicke feat. TI and Pharrell Williams_Blurred Lines_vocals.mp3,Robin Thicke feat. TI and Pharrell Williams,Blurred Lines,pending,,,,,
yue_2013_03,yue,2013,03,/home/data/kevinzhang/research/fractal_analysis/audio_data/YuE/vocals/2013_3_Imagine Dragons_Radioactive_vocals.mp3,2013_3_Imagine Dragons_Radioactive_vocals.mp3,Imagine Dragons,Radioactive,pending,,,,,
yue_2013_04,yue,2013,04,/home/data/kevinzhang/research/fractal_analysis/audio_data/YuE/vocals/2013_4_Baauer_Harlem Shake_vocals.mp3,2013_4_Baauer_Harlem Shake_vocals.mp3,Baauer,Harlem Shake,pending,,,,,
yue_2013_05,yue,2013,05,/home/data/kevinzhang/research/fractal_analysis/audio_data/YuE/vocals/2013_5_Macklemore and Ryan Lewis feat. Ray Dalton_Can't Hold Us_vocals.mp3,2013_5_Macklemore and Ryan Lewis feat. Ray Dalton_Can't Hold Us_vocals.mp3,Macklemore and Ryan Lewis feat. Ray Dalton,Can't Hold Us,pending,,,,,
yue_2014_01,yue,2014,01,/home/data/kevinzhang/research/fractal_analysis/audio_data/YuE/vocals/2014_1_Pharrell Williams_Happy_vocals.mp3,2014_1_Pharrell Williams_Happy_vocals.mp3,Pharrell Williams,Happy,pending,,,,,
yue_2014_03,yue,2014,03,/home/data/kevinzhang/research/fractal_analysis/audio_data/YuE/vocals/2014_3_John Legend_All of Me_vocals.mp3,2014_3_John Legend_All of Me_vocals.mp3,John Legend,All of Me,pending,,,,,
yue_2014_04,yue,2014,04,/home/data/kevinzhang/research/fractal_analysis/audio_data/YuE/vocals/2014_4_Iggy Azalea feat. Charli XCX_Fancy_vocals.mp3,2014_4_Iggy Azalea feat. Charli XCX_Fancy_vocals.mp3,Iggy Azalea feat. Charli XCX,Fancy,pending,,,,,
yue_2014_05,yue,2014,05,/home/data/kevinzhang/research/fractal_analysis/audio_data/YuE/vocals/2014_5_OneRepublic_Counting Stars_vocals.mp3,2014_5_OneRepublic_Counting Stars_vocals.mp3,OneRepublic,Counting Stars,pending,,,,,
yue_2015_01,yue,2015,01,/home/data/kevinzhang/research/fractal_analysis/audio_data/YuE/vocals/2015_1_Mark Ronson feat. Bruno Mars_Uptown Funk_vocals.mp3,2015_1_Mark Ronson feat. Bruno Mars_Uptown Funk_vocals.mp3,Mark Ronson feat. Bruno Mars,Uptown Funk,pending,,,,,
yue_2015_03,yue,2015,03,/home/data/kevinzhang/research/fractal_analysis/audio_data/YuE/vocals/2015_3_Wiz Khalifa feat. Charlie Puth_See You Again_vocals.mp3,2015_3_Wiz Khalifa feat. Charlie Puth_See You Again_vocals.mp3,Wiz Khalifa feat. Charlie Puth,See You Again,pending,,,,,
yue_2015_04,yue,2015,04,/home/data/kevinzhang/research/fractal_analysis/audio_data/YuE/vocals/2015_4_Fetty Wap_Trap Queen_vocals.mp3,2015_4_Fetty Wap_Trap Queen_vocals.mp3,Fetty Wap,Trap Queen,pending,,,,,
yue_2015_05,yue,2015,05,/home/data/kevinzhang/research/fractal_analysis/audio_data/YuE/vocals/2015_5_Maroon 5_Sugar_vocals.mp3,2015_5_Maroon 5_Sugar_vocals.mp3,Maroon 5,Sugar,pending,,,,,
yue_2016_01,yue,2016,01,/home/data/kevinzhang/research/fractal_analysis/audio_data/YuE/vocals/2016_1_Justin Bieber_Love Yourself_vocals.mp3,2016_1_Justin Bieber_Love Yourself_vocals.mp3,Justin Bieber,Love Yourself,pending,,,,,
yue_2016_02,yue,2016,02,/home/data/kevinzhang/research/fractal_analysis/audio_data/YuE/vocals/2016_2_Justin Bieber_Sorry_vocals.mp3,2016_2_Justin Bieber_Sorry_vocals.mp3,Justin Bieber,Sorry,pending,,,,,
yue_2016_03,yue,2016,03,/home/data/kevinzhang/research/fractal_analysis/audio_data/YuE/vocals/2016_3_Drake feat. Wizkid and Kyla_One Dance_vocals.mp3,2016_3_Drake feat. Wizkid and Kyla_One Dance_vocals.mp3,Drake feat. Wizkid and Kyla,One Dance,pending,,,,,
yue_2016_04,yue,2016,04,/home/data/kevinzhang/research/fractal_analysis/audio_data/YuE/vocals/2016_4_Rihanna feat. Drake_Work_vocals.mp3,2016_4_Rihanna feat. Drake_Work_vocals.mp3,Rihanna feat. Drake,Work,pending,,,,,
yue_2016_05,yue,2016,05,/home/data/kevinzhang/research/fractal_analysis/audio_data/YuE/vocals/2016_5_Twenty One Pilots_Stressed Out_vocals.mp3,2016_5_Twenty One Pilots_Stressed Out_vocals.mp3,Twenty One Pilots,Stressed Out,pending,,,,,
yue_2017_01,yue,2017,01,/home/data/kevinzhang/research/fractal_analysis/audio_data/YuE/vocals/2017_1_Ed Sheeran_Shape of You_vocals.mp3,2017_1_Ed Sheeran_Shape of You_vocals.mp3,Ed Sheeran,Shape of You,pending,,,,,
yue_2017_02,yue,2017,02,/home/data/kevinzhang/research/fractal_analysis/audio_data/YuE/vocals/2017_2_Luis Fonsi and Daddy Yankee feat. Justin Bieber_Despacito (Remix)_vocals.mp3,2017_2_Luis Fonsi and Daddy Yankee feat. Justin Bieber_Despacito (Remix)_vocals.mp3,Luis Fonsi and Daddy Yankee feat. Justin Bieber,Despacito (Remix),pending,,,,,
yue_2017_03,yue,2017,03,/home/data/kevinzhang/research/fractal_analysis/audio_data/YuE/vocals/2017_3_Bruno Mars_That's What I Like_vocals.mp3,2017_3_Bruno Mars_That's What I Like_vocals.mp3,Bruno Mars,That's What I Like,pending,,,,,
yue_2017_04,yue,2017,04,/home/data/kevinzhang/research/fractal_analysis/audio_data/YuE/vocals/2017_4_Kendrick Lamar_Humble_vocals.mp3,2017_4_Kendrick Lamar_Humble_vocals.mp3,Kendrick Lamar,Humble,pending,,,,,
yue_2017_05,yue,2017,05,/home/data/kevinzhang/research/fractal_analysis/audio_data/YuE/vocals/2017_5_The Chainsmokers and Coldplay_Something Just Like This_vocals.mp3,2017_5_The Chainsmokers and Coldplay_Something Just Like This_vocals.mp3,The Chainsmokers and Coldplay,Something Just Like This,pending,,,,,
yue_2018_01,yue,2018,01,/home/data/kevinzhang/research/fractal_analysis/audio_data/YuE/vocals/2018_1_Drake_God's Plan_vocals.mp3,2018_1_Drake_God's Plan_vocals.mp3,Drake,God's Plan,pending,,,,,
yue_2018_02,yue,2018,02,/home/data/kevinzhang/research/fractal_analysis/audio_data/YuE/vocals/2018_2_Ed Sheeran_Perfect_vocals.mp3,2018_2_Ed Sheeran_Perfect_vocals.mp3,Ed Sheeran,Perfect,pending,,,,,
yue_2018_03,yue,2018,03,/home/data/kevinzhang/research/fractal_analysis/audio_data/YuE/vocals/2018_3_Bebe Rexha feat. Florida Georgia Line_Meant to Be_vocals.mp3,2018_3_Bebe Rexha feat. Florida Georgia Line_Meant to Be_vocals.mp3,Bebe Rexha feat. Florida Georgia Line,Meant to Be,pending,,,,,
yue_2018_04,yue,2018,04,/home/data/kevinzhang/research/fractal_analysis/audio_data/YuE/vocals/2018_4_Camila Cabello feat. Young Thug_Havana_vocals.mp3,2018_4_Camila Cabello feat. Young Thug_Havana_vocals.mp3,Camila Cabello feat. Young Thug,Havana,pending,,,,,
yue_2018_05,yue,2018,05,/home/data/kevinzhang/research/fractal_analysis/audio_data/YuE/vocals/2018_5_Post Malone feat. 21 Savage_rockstar_vocals.mp3,2018_5_Post Malone feat. 21 Savage_rockstar_vocals.mp3,Post Malone feat. 21 Savage,rockstar,pending,,,,,
yue_2019_01,yue,2019,01,/home/data/kevinzhang/research/fractal_analysis/audio_data/YuE/vocals/2019_1_Lil Nas X feat. Billy Ray Cyrus_Old Town Road - Remix_vocals.mp3,2019_1_Lil Nas X feat. Billy Ray Cyrus_Old Town Road - Remix_vocals.mp3,Lil Nas X feat. Billy Ray Cyrus,Old Town Road - Remix,pending,,,,,
yue_2019_02,yue,2019,02,/home/data/kevinzhang/research/fractal_analysis/audio_data/YuE/vocals/2019_2_Post Malone and Swae Lee_Sunflower_vocals.mp3,2019_2_Post Malone and Swae Lee_Sunflower_vocals.mp3,Post Malone and Swae Lee,Sunflower,pending,,,,,
yue_2019_03,yue,2019,03,/home/data/kevinzhang/research/fractal_analysis/audio_data/YuE/vocals/2019_3_Halsey_Without Me_vocals.mp3,2019_3_Halsey_Without Me_vocals.mp3,Halsey,Without Me,pending,,,,,
yue_2019_04,yue,2019,04,/home/data/kevinzhang/research/fractal_analysis/audio_data/YuE/vocals/2019_4_Billie Eilish_Bad Guy_vocals.mp3,2019_4_Billie Eilish_Bad Guy_vocals.mp3,Billie Eilish,Bad Guy,pending,,,,,
yue_2019_05,yue,2019,05,/home/data/kevinzhang/research/fractal_analysis/audio_data/YuE/vocals/2019_5_Post Malone_Wow_vocals.mp3,2019_5_Post Malone_Wow_vocals.mp3,Post Malone,Wow,pending,,,,,
yue_2020_01,yue,2020,01,/home/data/kevinzhang/research/fractal_analysis/audio_data/YuE/vocals/2020_1_The Weeknd_Blinding Lights_vocals.mp3,2020_1_The Weeknd_Blinding Lights_vocals.mp3,The Weeknd,Blinding Lights,pending,,,,,
yue_2020_02,yue,2020,02,/home/data/kevinzhang/research/fractal_analysis/audio_data/YuE/vocals/2020_2_Post Malone_Circles_vocals.mp3,2020_2_Post Malone_Circles_vocals.mp3,Post Malone,Circles,pending,,,,,
yue_2020_03,yue,2020,03,/home/data/kevinzhang/research/fractal_analysis/audio_data/YuE/vocals/2020_3_Roddy Ricch_The Box_vocals.mp3,2020_3_Roddy Ricch_The Box_vocals.mp3,Roddy Ricch,The Box,pending,,,,,
yue_2020_04,yue,2020,04,/home/data/kevinzhang/research/fractal_analysis/audio_data/YuE/vocals/2020_4_Dua Lipa_Don't Start Now_vocals.mp3,2020_4_Dua Lipa_Don't Start Now_vocals.mp3,Dua Lipa,Don't Start Now,pending,,,,,
yue_2020_05,yue,2020,05,/home/data/kevinzhang/research/fractal_analysis/audio_data/YuE/vocals/2020_5_DaBaby feat. Roddy Ricch_Rockstar_vocals.mp3,2020_5_DaBaby feat. Roddy Ricch_Rockstar_vocals.mp3,DaBaby feat. Roddy Ricch,Rockstar,pending,,,,,
yue_2021_01,yue,2021,01,/home/data/kevinzhang/research/fractal_analysis/audio_data/YuE/vocals/2021_1_Dua Lipa_Levitating_vocals.mp3,2021_1_Dua Lipa_Levitating_vocals.mp3,Dua Lipa,Levitating,pending,,,,,
yue_2021_02,yue,2021,02,/home/data/kevinzhang/research/fractal_analysis/audio_data/YuE/vocals/2021_2_The Weeknd and Ariana Grande_Save Your Tears_vocals.mp3,2021_2_The Weeknd and Ariana Grande_Save Your Tears_vocals.mp3,The Weeknd and Ariana Grande,Save Your Tears,pending,,,,,
yue_2021_03,yue,2021,03,/home/data/kevinzhang/research/fractal_analysis/audio_data/YuE/vocals/2021_3_The Weeknd_Blinding Lights_vocals.mp3,2021_3_The Weeknd_Blinding Lights_vocals.mp3,The Weeknd,Blinding Lights,pending,,,,,
yue_2021_04,yue,2021,04,/home/data/kevinzhang/research/fractal_analysis/audio_data/YuE/vocals/2021_4_24kGoldn feat. Iann Dior_Mood_vocals.mp3,2021_4_24kGoldn feat. Iann Dior_Mood_vocals.mp3,24kGoldn feat. Iann Dior,Mood,pending,,,,,
yue_2021_05,yue,2021,05,/home/data/kevinzhang/research/fractal_analysis/audio_data/YuE/vocals/2021_5_Olivia Rodrigo_Good 4 U_vocals.mp3,2021_5_Olivia Rodrigo_Good 4 U_vocals.mp3,Olivia Rodrigo,Good 4 U,pending,,,,,
yue_2022_01,yue,2022,01,/home/data/kevinzhang/research/fractal_analysis/audio_data/YuE/vocals/2022_1_Glass Animals_Heat Waves_vocals.mp3,2022_1_Glass Animals_Heat Waves_vocals.mp3,Glass Animals,Heat Waves,pending,,,,,
yue_2022_02,yue,2022,02,/home/data/kevinzhang/research/fractal_analysis/audio_data/YuE/vocals/2022_2_Harry Styles_As It Was_vocals.mp3,2022_2_Harry Styles_As It Was_vocals.mp3,Harry Styles,As It Was,pending,,,,,
yue_2022_03,yue,2022,03,/home/data/kevinzhang/research/fractal_analysis/audio_data/YuE/vocals/2022_3_Kid Laroi and Justin Bieber_Stay_vocals.mp3,2022_3_Kid Laroi and Justin Bieber_Stay_vocals.mp3,Kid Laroi and Justin Bieber,Stay,pending,,,,,
yue_2022_04,yue,2022,04,/home/data/kevinzhang/research/fractal_analysis/audio_data/YuE/vocals/2022_4_Adele_Easy On Me_vocals.mp3,2022_4_Adele_Easy On Me_vocals.mp3,Adele,Easy On Me,pending,,,,,
yue_2022_05,yue,2022,05,/home/data/kevinzhang/research/fractal_analysis/audio_data/YuE/vocals/2022_5_Ed Sheeran_Shivers_vocals.mp3,2022_5_Ed Sheeran_Shivers_vocals.mp3,Ed Sheeran,Shivers,pending,,,,,
yue_2023_01,yue,2023,01,/home/data/kevinzhang/research/fractal_analysis/audio_data/YuE/vocals/2023_1_Morgan Wallen_Last Night_vocals.mp3,2023_1_Morgan Wallen_Last Night_vocals.mp3,Morgan Wallen,Last Night,pending,,,,,
yue_2023_02,yue,2023,02,/home/data/kevinzhang/research/fractal_analysis/audio_data/YuE/vocals/2023_2_Miley Cyrus_Flowers_vocals.mp3,2023_2_Miley Cyrus_Flowers_vocals.mp3,Miley Cyrus,Flowers,pending,,,,,
yue_2023_03,yue,2023,03,/home/data/kevinzhang/research/fractal_analysis/audio_data/YuE/vocals/2023_3_SZA_Kill Bill_vocals.mp3,2023_3_SZA_Kill Bill_vocals.mp3,SZA,Kill Bill,pending,,,,,
yue_2023_04,yue,2023,04,/home/data/kevinzhang/research/fractal_analysis/audio_data/YuE/vocals/2023_4_Taylor Swift_Anti-Hero_vocals.mp3,2023_4_Taylor Swift_Anti-Hero_vocals.mp3,Taylor Swift,Anti-Hero,pending,,,,,
yue_2023_05,yue,2023,05,"/home/data/kevinzhang/research/fractal_analysis/audio_data/YuE/vocals/2023_5_Metro Boomin, The Weeknd and 21 Savage_Creepin'_vocals.mp3","2023_5_Metro Boomin, The Weeknd and 21 Savage_Creepin'_vocals.mp3","Metro Boomin, The Weeknd and 21 Savage",Creepin',pending,,,,,
yue_2024_01,yue,2024,01,/home/data/kevinzhang/research/fractal_analysis/audio_data/YuE/vocals/2024_1_Teddy Swims_Lose Control_vocals.mp3,2024_1_Teddy Swims_Lose Control_vocals.mp3,Teddy Swims,Lose Control,pending,,,,,
yue_2024_02,yue,2024,02,/home/data/kevinzhang/research/fractal_analysis/audio_data/YuE/vocals/2024_2_Shaboozey_A Bar Song (Tipsy)_vocals.mp3,2024_2_Shaboozey_A Bar Song (Tipsy)_vocals.mp3,Shaboozey,A Bar Song (Tipsy),pending,,,,,
yue_2024_03,yue,2024,03,/home/data/kevinzhang/research/fractal_analysis/audio_data/YuE/vocals/2024_3_Benson Boone_Beautiful Things_vocals.mp3,2024_3_Benson Boone_Beautiful Things_vocals.mp3,Benson Boone,Beautiful Things,pending,,,,,
yue_2024_04,yue,2024,04,/home/data/kevinzhang/research/fractal_analysis/audio_data/YuE/vocals/2024_4_Post Malone feat. Morgan Wallen_I Had Some Help_vocals.mp3,2024_4_Post Malone feat. Morgan Wallen_I Had Some Help_vocals.mp3,Post Malone feat. Morgan Wallen,I Had Some Help,pending,,,,,
yue_2024_05,yue,2024,05,/home/data/kevinzhang/research/fractal_analysis/audio_data/YuE/vocals/2024_5_Jack Harlow_Lovin' On Me_vocals.mp3,2024_5_Jack Harlow_Lovin' On Me_vocals.mp3,Jack Harlow,Lovin' On Me,pending,,,,,
